SW_WND 1,SW_WND 2,SW_WND 3,SW_WND 4,SW_WND 5,SW_WND 6,SW_WND 7,SW_WND 8,SW_WND 9,SW_WND 10,SW_WND 11,SW_WND 12,SW_WND 13,SW_WND 14,SW_WND 15,SW_WND 16,SW_WND 17,SW_WND 18,SW_WND 19,SW_WND 20,SW_WND 21,SW_WND 22,SW_WND 23,SW_WND 24,SW_WND 25,SW_PV 1,SW_PV 2,SW_PV 3,SW_PV 4,SW_PV 5,SW_PV 6,SW_PV 7,SW_PV 8,SW_PV 9,SW_PV 10,SW_PV 11,SW_PV 12,SW_PV 13,SW_PV 14,SW_PV 15,SW_PV 16,SW_PV 17,SW_PV 18,SW_PV 19,SW_PV 20,SW_PV 21,SW_PV 22,SW_PV 23,SW_PV 24,SW_PV 25
0.3203555730238333,0.3002027874449772,0.29360257564220954,0.28056399163610346,0.279213234968899,0.35717008703750674,0.3387090371785671,0.333834873342663,0.3267265803567678,0.33383880463513993,0.31763817154807383,0.29189277881082293,0.2619127552999409,0.23081711103861896,0.2166609618144977,0.3255516378760682,0.32810671659215085,0.32486729185568414,0.33561618966711404,0.281429118537478,0.30075177882961746,0.25623679870735366,0.2267732294160077,0.21862762973592542,0.2504671976623504,0.7241929071931561,0.668676208722557,0.6348816025983971,0.6027899483761501,0.5449582653137559,0.5916114539282796,0.5749661855624367,0.5610853253371944,0.5531753605062536,0.5822202508563351,0.5665206722225122,0.5572540057103269,0.5494647837942285,0.5631653545075207,0.5763818136445872,0.6291116644985725,0.6065074775792783,0.5612182599437354,0.5035713432274308,0.5575096498026801,0.5238600514116293,0.5026625180061777,0.5360305680906373,0.5674197556175841,0.5755675042625035
0.2990772350881678,0.29183649818490504,0.2838108256094414,0.2725902340043549,0.27490054388544943,0.33378323816787625,0.31292260605862143,0.30682070478209805,0.30613815330403316,0.30648371225719,0.2942959818944972,0.27647535748141566,0.24834586569264286,0.22123058587360062,0.21384888136994373,0.3119068124469035,0.31559221612712146,0.31486460143873585,0.31469579762094885,0.26972674605432195,0.28416845831792714,0.24970647901686271,0.22231336843541485,0.21749415556265497,0.25046719766235037,0.6935310954233899,0.6234797061535687,0.5671177742537559,0.5365900411018134,0.46084497047682393,0.5175615826770918,0.4978120942065543,0.5074169267187474,0.4980736174916118,0.5034507770519842,0.5037214681746593,0.4849171351707865,0.48169482644039213,0.5022210989903286,0.5123739169150646,0.5682321629558044,0.534551187822277,0.5088106464566143,0.44167230400928126,0.478675451887421,0.4475911076580739,0.4452076213058779,0.4773280713629319,0.50410093570215,0.5044615338687354
0.2873714420463743,0.28021640996770514,0.2666462944247069,0.2618316542675572,0.26204267837571943,0.3050410542704683,0.3024140197342715,0.29464632096874754,0.2876906544999291,0.2807332217721685,0.27156019036854373,0.2720026718329708,0.24386182171050025,0.21805494825032093,0.20584058855174936,0.2940266038569279,0.30519055292465674,0.30878309572609114,0.312323888195796,0.26114079814155594,0.27581876986201703,0.24822716064018566,0.21828392583278464,0.21043933531609307,0.24445442713680132,0.5755520236019589,0.5173431708766867,0.4764278669000064,0.47172998900999874,0.4007629634355194,0.4866468258520232,0.4552158741825695,0.4716298260662656,0.4694818400377946,0.47957870728460517,0.4671798859343393,0.43808648828251956,0.43795859314800073,0.45676267830525136,0.44388620000586054,0.5335770474364503,0.5123350735153099,0.47049232678373515,0.4226368376185062,0.41597762550928585,0.4270525466704856,0.4239199502018417,0.4477781187795627,0.4767662596981268,0.45537155524014283
0.2793970796972488,0.2761735548231187,0.26414128805891707,0.25312233654751837,0.25863991801013664,0.289029243526329,0.2829945215655911,0.2802854359076121,0.27688240133635916,0.25727233059067,0.25554932960840315,0.26393858980849727,0.24386182171050025,0.21405963991860016,0.20379079450710905,0.28144544183296144,0.2923088049528056,0.2982051907277355,0.2962493312575659,0.2476371253137521,0.25111003326424625,0.23366469022907707,0.21183127584624767,0.20809134076172076,0.24118317988735402,0.5191167929275523,0.47474620246974764,0.4412713066875754,0.4066975908152755,0.3651053102694776,0.41124305112223475,0.386746157387999,0.37600625241161256,0.3768098052445606,0.38765919053396175,0.3815086331638921,0.3786793747545968,0.39377268404137133,0.3892297917651021,0.37711727935619965,0.4434109001787391,0.42131266676144435,0.3820864277439013,0.39306633024365034,0.37812563416548567,0.3627317149035036,0.37416597107859745,0.38224655538648644,0.39302921038740163,0.37529371907953685
0.2720995315384743,0.26999053278358554,0.2572960852505016,0.24822567928983735,0.25323148006888957,0.2815066699233694,0.27291052211584693,0.25737150352855986,0.2607118350476977,0.23568140499957807,0.2378050375049132,0.25180507854483924,0.23466269417631092,0.20681896057708593,0.19285441194331412,0.2785258172807079,0.2842813758767198,0.2902126115993779,0.28501189653057096,0.2444143128262782,0.2404136049355132,0.2219669256439462,0.2034633640893671,0.205098836623693,0.23439025936981558,0.47179761049087604,0.4444495413430129,0.41225715477002095,0.3872333645546688,0.32092215918996747,0.3731778666550688,0.3586218763919311,0.36150171074050075,0.34227882004894616,0.35841436717049463,0.3269356940678716,0.32993476109035114,0.33714102073201657,0.32924535904983393,0.3253128538950513,0.395988308184478,0.3799242085053422,0.3536002932076205,0.3260119828062743,0.3522532609325164,0.3145529749180009,0.3164105137410032,0.33729913607245393,0.3439924080714405,0.344480085040597
0.2720995315384743,0.26623936418660327,0.2506468467358246,0.24154352050304934,0.24954392123313635,0.2745861414970162,0.25407480289698,0.24683855703009902,0.24401998181591475,0.20857555313724455,0.2327531778608925,0.24896058136402027,0.23069696905024145,0.19998187011826962,0.18781315790527942,0.27552079371156074,0.2668305952267218,0.2761736054563955,0.27213034302046063,0.23929002770676974,0.23409244921509695,0.20989658856779164,0.18704794370631522,0.1952604863669452,0.21504850943282564,0.39132558210766544,0.37460852753091867,0.33741252239020175,0.34255563654459764,0.31060216303704485,0.3582517828116655,0.3476390108491765,0.33978475603878466,0.3263040206572054,0.3174054721388412,0.29805374437589355,0.28155283719375274,0.29111472588468773,0.29820698707363547,0.2904229356892287,0.36959377770983226,0.35887494484869165,0.32795092566860823,0.30127718006690335,0.31767167759575693,0.2885728860998563,0.2837964613159593,0.2994611824121571,0.2988693562681723,0.28060684981436845
0.2654933688244434,0.25890195541471217,0.2465739787146148,0.2374328208454967,0.24309596667546207,0.2684399943432244,0.2456057090371237,0.24587965698478267,0.23651054376383873,0.1926276761708526,0.23275317786089253,0.24503771612788894,0.22418997033758936,0.19811512042894905,0.18502805217994897,0.2605075397612705,0.2620093926556442,0.2586409228999987,0.26528964231212043,0.23427269660840194,0.2229782227112957,0.2061782443691821,0.18184808953995513,0.18529423429194228,0.20169517129315356,0.3476196251893747,0.3355577443795032,0.3021372810222519,0.3041679277823747,0.2650893187238426,0.31778614874894423,0.322959073308945,0.3186303380027482,0.30063469584516567,0.28149254521805445,0.26503475789213127,0.2667884869803548,0.27403106178267683,0.2640063125261544,0.26311286447628324,0.2960033632244253,0.30911902265915764,0.3115412547555444,0.2711159385057232,0.29031621500969734,0.2601446331974936,0.2563335981916445,0.27201692238063835,0.24892668603738258,0.25706925849217754
0.26059444023961376,0.24984295056887246,0.23852076921667376,0.23045767419089064,0.23394410973761917,0.26201381119174894,0.23888867256115362,0.23973920425924594,0.21677319231739917,0.17458837626756338,0.2227414260735263,0.2388010983083986,0.22418997033758936,0.18644873240297713,0.17459616790892535,0.2532335845510982,0.2519762595660296,0.25463982211162095,0.24824105839329666,0.2144533445522393,0.22160952396811248,0.19525594073398772,0.17844935728295527,0.1796673177405835,0.19649055432318277,0.302228072729091,0.299300983478114,0.28844365094477614,0.26973805262647016,0.24231632890738322,0.2412445204264125,0.26984104331779923,0.25321011624202344,0.2554889061403419,0.2170955307352245,0.2142796110527253,0.20443651613678693,0.20561097454067012,0.20472648115865105,0.19286889605814134,0.2565206636825039,0.26166186975204403,0.26205459102325346,0.24350861775647165,0.22387160579876117,0.22032483784348667,0.2412236732219205,0.2155731748470149,0.2091733596304539,0.2130398801842605
0.2555233028650984,0.24329722853242608,0.2350508273224162,0.23045767419089064,0.23237677325516373,0.25892382146389176,0.23420016811202476,0.23163670684551693,0.21120058173948714,0.16700289916605823,0.2207164308789855,0.22614081404817987,0.21002651553033375,0.18321597823730745,0.16773017699161277,0.24617482007526906,0.24268528070942824,0.24781554447683823,0.23978273394928673,0.2069207968652951,0.22160952396811248,0.19236271001528005,0.17165200846081244,0.17115730856904532,0.18936239935692287,0.2550377531200681,0.2708366106841881,0.26051762541444495,0.24809556394027407,0.21624243510175017,0.22428612126148473,0.2384066590822393,0.24258049315217536,0.22376190415509184,0.20595190838264302,0.155448561232473,0.1646943283438716,0.17559862500248496,0.16314894678500966,0.1580206223982014,0.2141323915889077,0.226673914542433,0.2154648640324098,0.2047340876528783,0.18566553994379467,0.17188027890090832,0.1858053182229533,0.179731543041556,0.17652890156566375,0.1659865488128226
0.2451918732841612,0.2395004901663774,0.2310655890278208,0.22230703900282733,0.22791786184024215,0.24940524890758223,0.2319995879590385,0.21828160408097483,0.20392197211162205,0.15514247984985835,0.22071643087898554,0.22007012625287137,0.20680593979342418,0.17514687923538888,0.15861011442233622,0.23448188673359663,0.23520165350525882,0.2412656140485502,0.22321932408068607,0.20050025939578695,0.21817904194092344,0.19236271001528008,0.16864384846641964,0.17115730856904535,0.18659435652379938,0.19522902865695924,0.2180060547848645,0.210818594290464,0.22608476292403978,0.1904807892440805,0.19793649831345078,0.22283905572685098,0.20045814059294817,0.19016488102562382,0.18113187484885163,0.1375285981669244,0.15487949424124678,0.14087521648909995,0.13691546290523038,0.12904867167860948,0.17447377749604184,0.18366645541549104,0.18134874540932105,0.18533025246221776,0.16658941500312677,0.15678736721364117,0.15314847408522209,0.15861755694058213,0.13935707182114737,0.1295050402931438
0.24194410804388314,0.23558826165767682,0.22596642031951736,0.21694311070835043,0.22091224078307153,0.2468105187815531,0.22481053131190973,0.2095226388345351,0.19040693464990074,0.14991964407320058,0.21929049550479005,0.21274038186239821,0.19967644711045177,0.17280144039253284,0.15498537484086597,0.23267721922846551,0.23082168381717016,0.22913683553593864,0.22187386467199324,0.19561385489445637,0.21049883799028526,0.18952154539799818,0.1651696951878459,0.1668217058441405,0.18659435652379935,0.1650732003118647,0.1900655645291055,0.19718485434845318,0.1951619189076196,0.160787629726629,0.1675138607671646,0.19237034739489073,0.17635871004003073,0.16201874835875568,0.16289899977489944,0.11071652004539916,0.12239304950408768,0.11399049939330963,0.1035895198199588,0.10401941603268829,0.1358042816838383,0.15266431838922848,0.15207661373208156,0.1617249991533343,0.14562557792934358,0.13346688764325393,0.13056973455933088,0.13383886539558928,0.11415954826567119,0.11672740361372032
0.2359943156088801,0.22831928301702004,0.22370077524779267,0.21694311070835046,0.21534764609241402,0.2448483544318485,0.22099364488479895,0.20952263883453512,0.18302944132173252,0.1439378291146625,0.21414955125547805,0.2100621006527715,0.19838844513722761,0.16632049919621802,0.14880228679225999,0.2295286996492455,0.22887795919190318,0.22913683553593864,0.2187319209243751,0.187697207856007,0.20672761555305122,0.18413145579677936,0.16298280689868092,0.16376202946358648,0.18434913348916446,0.1320261134053076,0.17054360477150451,0.17937072186267128,0.17383722752210265,0.15431465581447057,0.13903416912676422,0.15442844213353152,0.14522094902787458,0.133496248867451,0.14776523629723834,0.09092592188313739,0.09264737798024465,0.08938183469943142,0.09511243400978424,0.08078212466179391,0.08400697754539938,0.10915032968098445,0.13279184033464672,0.1396359375470279,0.13083826938451482,0.10445276490770725,0.11560441389895613,0.11645793231808944,0.0949315019005653,0.1074810339438852
0.2359943156088801,0.22831928301702006,0.22080974031268497,0.2122620613512482,0.20733597993887995,0.24044210685432207,0.21170849827671306,0.2060679165268894,0.177453530142746,0.1439378291146625,0.21098749646651835,0.20485430860206677,0.1888990956853183,0.15851689143500217,0.1426457431079899,0.21592593988385053,0.2217062298050468,0.22054354744881582,0.2126275872875996,0.18674113378870874,0.204645113361292,0.17960899219986937,0.16072061144988486,0.16184405046857378,0.1804514546508283,0.10046852114741213,0.1442037426332611,0.1793707218626712,0.16394569951186053,0.119080531492644,0.13401840971863432,0.13889740188843555,0.13297915828845486,0.1267583207101965,0.1334152006991301,0.0798543585365637,0.0821505006826881,0.08083519817653775,0.07447852675441036,0.06347778126755357,0.08400697754539936,0.0931805164328048,0.09875348470945007,0.12375290787772013,0.10554015796991331,0.09237687324831625,0.10069627503953749,0.09784677642347096,0.09493150190056529,0.09269414997797379
0.2343154994857857,0.22322791398060413,0.21046748186584718,0.20985151526820459,0.20451688499414214,0.22997117504838546,0.2043833150920569,0.19958688163757418,0.17270321820976944,0.1318218072310002,0.20687149786019063,0.20166873033837882,0.18247520361489614,0.1585168914350022,0.14109263170195005,0.2041874413633021,0.21863600632332494,0.22054354744881577,0.2126275872875996,0.18515450041382306,0.20267305623607437,0.17360472610181618,0.15381030586240482,0.15789009074152405,0.1735192370308684,0.08123898938461321,0.12451951602496553,0.139927675863086,0.1463707186870675,0.09861895064201846,0.10467541018961986,0.13157402824781014,0.12286182117345747,0.10463777390898968,0.11806787544434322,0.06770623469120869,0.07373940229793172,0.06731895082836022,0.06068395851743842,0.054472429693111536,0.05995013800990286,0.07324936884119718,0.08198432393398902,0.10258574902182199,0.10211108579077813,0.07736179009948153,0.09787574884446101,0.08471482439976105,0.07991544227381926,0.07921350463615814
0.2253409873850794,0.21776875643494495,0.20357700726509073,0.20414265422453937,0.19813461062144963,0.224808004483843,0.20224223832574115,0.19044608657329934,0.16343209410970808,0.12031281321232791,0.203022498979527,0.2005688093032507,0.179501172187301,0.15449934031615306,0.1372850227091979,0.20418744136330214,0.21863600632332492,0.21535283153752927,0.20370747387598742,0.18458442386412555,0.19708966805660977,0.17058271420312007,0.1538103058624048,0.15059971838731848,0.17351923703086844,0.06376090664457572,0.09720363860404732,0.12263749347328609,0.14026480862146687,0.09185289839846876,0.09785168157753854,0.10792072960481547,0.10398177502985433,0.09930823907750336,0.11572973153687341,0.06505433828071944,0.05846413226032366,0.05912058709716063,0.060683958517438415,0.054472429693111536,0.053302550007580676,0.06603911493655384,0.08198432393398902,0.09854187197573668,0.09599880689599334,0.07314686400058829,0.08436147475298258,0.06979194209997272,0.05640202697843744,0.07075297722782341
0.2183694812905273,0.21565721411221495,0.19977565069794098,0.19675938805377585,0.19590352061111388,0.21717105277748736,0.2022422383257412,0.18092367778171214,0.15013394693356033,0.10401947632787308,0.1998389428646972,0.1853891019416357,0.17509786332110167,0.15195148077469353,0.13043150270146872,0.20249689442205251,0.20588814794706642,0.2090116785118723,0.19558787275034337,0.18038917907602262,0.19708966805660977,0.17058271420312004,0.15381030586240482,0.14593988846757652,0.1677389036230047,0.04855352529527869,0.07365651996570172,0.11006676617361047,0.12507427300654053,0.08877743301575165,0.0873282427108535,0.08869595706368022,0.09620388947637194,0.08238756799896435,0.09361599766598173,0.055560495107456954,0.05846413226032366,0.05265181282472962,0.05270401492138634,0.05033782166626776,0.053302550007580676,0.05687830140520532,0.06739490298049773,0.09564411921844057,0.0770170123509792,0.06449984414154884,0.0655823736404811,0.05823008135199177,0.04928499025735952,0.055800075087586345
0.213708951667205,0.21565721411221492,0.19871640095372947,0.19347007390339352,0.1889323202994745,0.21717105277748738,0.18969524191091727,0.17262405508720854,0.14493261243421524,0.09992104113261754,0.19208672121403242,0.1800088508157825,0.17509786332110167,0.15195148077469353,0.12855613908566502,0.2024968944220525,0.20301052379550963,0.20096140623416367,0.1797005324134586,0.17284833779871508,0.18883427268571043,0.16590082945948578,0.14477530602981553,0.14265792935328336,0.16350779495504864,0.045299745246366124,0.04528360407552864,0.08492556018585103,0.10415892987609245,0.08492319642737968,0.08131738294524339,0.07569714274496793,0.07942277178644568,0.07356561520430434,0.09361599766598176,0.045209282086946107,0.05513722891237313,0.05265181282472962,0.048965931384148766,0.04312221973484027,0.053302550007580676,0.05506226482206412,0.05294576001265625,0.07789096855374868,0.06463412220807448,0.06119288713834153,0.05564277666691315,0.050519586921664174,0.04094510157286458,0.048166007992346695
0.21042660781948788,0.2121130964530679,0.1987164009537295,0.19046974943961809,0.1861795802618586,0.21637391533537514,0.18616570740834915,0.16414268263378567,0.14279387350348752,0.09005700736887569,0.18596543047058406,0.18000885081578252,0.16765857437381035,0.14915462268143367,0.12661798281651396,0.19649352044522167,0.1986240177845856,0.1991218122994772,0.17075007343237583,0.16394359724358692,0.18883427268571046,0.16358665778738105,0.14200725049798668,0.14265792935328336,0.157130135792562,0.038366624025324834,0.04528360407552863,0.0767553031829449,0.09309664224732551,0.07430636686106516,0.06681628187003043,0.07125862450250486,0.06841910542654747,0.06709477428645132,0.0709051363322792,0.04089467549819577,0.05288157850477821,0.04793340213979062,0.043032331367521735,0.04312221973484027,0.04377224044634939,0.047765811779906145,0.05123596477703544,0.06797596419907194,0.05930745517959678,0.057692085929328625,0.050916529644190835,0.03670530743874403,0.03490254716703849,0.03541051556795328
0.20308868027077828,0.21061461308179638,0.19871640095372947,0.19046974943961809,0.17729527235185477,0.21421059392192873,0.18242054711119263,0.16414268263378567,0.1419115408937726,0.08737072363642646,0.17857360912481599,0.1764953232859454,0.16280898959326845,0.1458131235001536,0.12191297153482118,0.19447572853631895,0.18942812281673901,0.19109572484966497,0.16131452859864565,0.15793418681317933,0.18518472670929542,0.16358665778738107,0.1420072504979867,0.14265792935328334,0.15128826776275286,0.038366624025324834,0.042913365908291055,0.056120932282369654,0.08796687639497565,0.06975690712209735,0.061453962217301504,0.06946865177662519,0.06356629018896744,0.058997876086896,0.06467942984115091,0.038219011369426605,0.049773628605605115,0.044118532854684055,0.03913996955155774,0.033925181581526104,0.04202848252730598,0.04600287547657471,0.05123596477703544,0.06356690570977991,0.04987639902394403,0.04010002099391368,0.04578901349089135,0.03258100133985937,0.03482944808448972,0.029821333217224855
0.19772081831526384,0.21061461308179638,0.1979049875045876,0.18360736050909,0.1745988454452562,0.2113028821690591,0.18242054711119263,0.1610019994800626,0.13412964670272784,0.08563260141841558,0.17558373335899952,0.17172384980597266,0.16280898959326853,0.13802685280170163,0.1219129715348212,0.18923671109288068,0.1866047877945189,0.18288392436443146,0.1511774377615551,0.1533111355153716,0.1825392977937309,0.1571740798709179,0.13936222656981495,0.13984786782754005,0.15128826776275286,0.03373917772450834,0.042913365908291055,0.056120932282369654,0.062469669916669156,0.06975690712209734,0.05331666650719148,0.05654816852311357,0.05908201488828216,0.05297359943750123,0.046082150516625904,0.03438494937007796,0.03774689477550001,0.03133408254198295,0.031506066281211983,0.03270930020776864,0.042028482527305976,0.04103787485365651,0.05123596477703544,0.06066660770281987,0.04291144877492838,0.032728930921772335,0.03457499302707822,0.029001724736577535,0.030025340862172192,0.029821333217224855
0.19499382433873808,0.2016978524857665,0.19157705096320912,0.17759640130296164,0.17459884544525617,0.2113028821690591,0.1767865091990154,0.15848371620072033,0.12721827831615334,0.08563260141841557,0.17558373335899952,0.16493491882383765,0.15919700313975677,0.13650129956809118,0.12191297153482118,0.18091247992896864,0.17888419364337946,0.17676205454394572,0.1493445211397605,0.14887110459525763,0.18253929779373088,0.15499875099267424,0.13936222656981495,0.13361820299425897,0.14986776137460245,0.03279427958118984,0.03467904573101607,0.04819871835822483,0.05682434902123953,0.06644152882186764,0.04951535465045482,0.044171640933868085,0.04621416333430377,0.051352234512660334,0.03948484001219512,0.02874923404167727,0.03418691984505386,0.03133408254198295,0.02447953241043721,0.030766384387095187,0.03927518210849446,0.04103787485365651,0.051235964777035445,0.05001980940552542,0.03940895084720487,0.029174576332716355,0.03088032145877346,0.029001724736577535,0.02563471956331488,0.027615243784818604
0.185837976138223,0.19549553947113685,0.1878747893560181,0.17485402541236567,0.17459884544525617,0.2049383219160073,0.1679572753796069,0.14839626651878565,0.12721827831615334,0.0839292001278457,0.16800031452178088,0.16379780814342004,0.15609572838872193,0.1365012995680912,0.1219129715348212,0.1721201906889337,0.17683244854588803,0.16872487603443917,0.13977213019342127,0.14755682707267204,0.18253929779373088,0.15499875099267424,0.13936222656981495,0.1273865396169616,0.14355716286569467,0.03279427958118984,0.034679045731016066,0.0400971004768819,0.047663249746384855,0.05664133414804056,0.047279121689610536,0.04331942176550438,0.04560389732834082,0.04328056949001405,0.03558283787690049,0.02874923404167727,0.02911250896770064,0.028915786414287176,0.020886355080335713,0.027917557668820467,0.03236708003874756,0.03736941467937414,0.042523415114810496,0.04960071888815387,0.03940895084720485,0.02917457633271635,0.030880321458773466,0.024737284198529674,0.024751155057231296,0.02564757696714263
0.18142322880177938,0.18842274900656747,0.1771333814136342,0.16950851937773864,0.16715706477848777,0.20036204979519742,0.16389072885931266,0.14060444020285542,0.12175053767488538,0.08025714758844232,0.16486720486285186,0.16180153310767514,0.15119767216671295,0.1365012995680912,0.11438445708829158,0.16781656555368576,0.17683244854588803,0.16430065996630894,0.13146258708310335,0.14341884547309455,0.18253929779373085,0.15319983429363138,0.134470826967528,0.1273865396169616,0.14200610397052577,0.029812365918797743,0.03063302146490605,0.03349577184120827,0.04710507902584689,0.056641334148040574,0.04727912168961054,0.03979712997749961,0.03698971577250253,0.04328056949001405,0.033813860667487,0.027632171339644178,0.024997243918139917,0.02409792631921435,0.01973443134295001,0.020443868372310197,0.03236708003874756,0.03736941467937414,0.033527490428748793,0.04653972883167807,0.03542702960246762,0.02917457633271635,0.030880321458773466,0.024737284198529674,0.019142077519206997,0.02252788676543818
0.1781532639917269,0.18561659808079253,0.17004226317983964,0.16254641496066435,0.16143491518470524,0.19047637092303973,0.16389072885931272,0.1375665089523843,0.11105619210443307,0.07925354209033432,0.1630927721478749,0.15880242388209467,0.14812371609043698,0.13355841407729288,0.11038725699946608,0.16781656555368574,0.1732872799344579,0.15841405027569416,0.12504633639293813,0.1384729302932127,0.18041382258189823,0.1479573763733162,0.1289953934816244,0.1233217945783439,0.1391938501368486,0.026450093460384017,0.0254621340453843,0.030735696740259687,0.0369304965379761,0.056641334148040574,0.03545843150996624,0.039797129977499617,0.031213541620183593,0.03186213261996922,0.027937533696379878,0.027632171339644178,0.022264126655629712,0.023036816940703052,0.019734431342950005,0.017244250406383065,0.02925199911792709,0.03395951962323088,0.030181285592078763,0.04653972883167805,0.03391655067071859,0.026142956033180856,0.027104169523775055,0.024737284198529674,0.018648580603849673,0.022527886765438175
0.17534547430346598,0.1779243001774321,0.1569178064404419,0.15395511053414965,0.15908313411963468,0.18800953684893743,0.1607762749320219,0.13756650895238431,0.10435399695143416,0.07603311934277791,0.1630927721478749,0.1557351982371659,0.14582852189076892,0.1312525639536601,0.11038725699946608,0.1643267296841197,0.17328727993445786,0.14902517043367278,0.12402651312668184,0.13174279797639593,0.1804138225818982,0.1479573763733162,0.12739789720688047,0.12008943715258745,0.13731685492748047,0.014905600260470182,0.021125765324071802,0.0260582158691064,0.0369304965379761,0.05359900904196744,0.02879231513068886,0.037384855428323975,0.031213541620183596,0.02874034648428275,0.027937533696379878,0.025058683415595882,0.022264126655629712,0.023036816940703052,0.019734431342950005,0.016879502226978184,0.026073941834427003,0.031590557095910105,0.030181285592078763,0.04154954660542069,0.033916550670718575,0.0225251375845312,0.02710416952377505,0.024545878610122404,0.01864858060384967,0.022527886765438175
0.16852426882851,0.17234825753662122,0.15265585763025738,0.1451139596462429,0.15052150605323647,0.17981308066755294,0.1607762749320219,0.13554330623248306,0.10435399695143417,0.07002542143708937,0.1630927721478749,0.1520759768448515,0.1425735432806717,0.12559016590298272,0.10707535794547178,0.16254669984145337,0.1651649014707499,0.1456760483528422,0.1166699380895765,0.12530776886511621,0.17804244298326577,0.1450523548100789,0.12739789720688047,0.11740732062834305,0.1366334420643781,0.013099068910883489,0.02075983153038681,0.022282405812695236,0.03433073944741756,0.053026626163874636,0.026428426242559346,0.0357466668958661,0.031213541620183596,0.026573101592472302,0.027937533696379874,0.02147001062301666,0.022264126655629712,0.021731267735956183,0.019734431342950005,0.015432487039307167,0.023915390433413664,0.028917264128248424,0.030181285592078767,0.04154954660542069,0.03163697872654389,0.022525137584531195,0.022803096199926803,0.019807253014149134,0.01864858060384967,0.021339077518192737
0.16667046725005555,0.17111556694709226,0.15265585763025735,0.1427188749342771,0.14863221705429375,0.17981308066755294,0.15665513072687176,0.13420756703869452,0.10435399695143419,0.07002542143708937,0.16061363444230928,0.14976201345090281,0.14021203216186726,0.12559016590298272,0.10148880355263025,0.15871822368806762,0.16362116500634347,0.13818645198694135,0.11333754569491765,0.12237878250406374,0.17804244298326577,0.14231850479697597,0.11982921059646531,0.11740732062834304,0.13533660914543214,0.01065189739740022,0.017650025385661648,0.022282405812695232,0.025239501529980637,0.053026626163874636,0.02442991328843076,0.02311068391167725,0.031213541620183596,0.026573101592472306,0.027937533696379874,0.02147001062301666,0.022264126655629712,0.021731267735956183,0.019734431342950005,0.014383142478687197,0.017828743358729835,0.02891726412824842,0.02800034858890452,0.04004195499685464,0.031037432224161183,0.022525137584531195,0.02026314643537475,0.01703439257279422,0.015939987641121752,0.015718445578371498
0.16667046725005558,0.16893655063165286,0.1466469657413207,0.13611889081909248,0.13699694022683498,0.17654948918498425,0.14624649257508077,0.13131904879937983,0.10133923568907989,0.07002542143708937,0.16061363444230928,0.14976201345090281,0.13753074915012206,0.11711355530979463,0.09959726364710077,0.15251736134796254,0.16028010342741364,0.13679625490687378,0.11333754569491765,0.11574615095043704,0.1722263736367358,0.14148250716622085,0.118260104129462,0.11423123110369615,0.127872765844998,0.01065189739740022,0.0152664983209991,0.018989868891790145,0.022306360086551926,0.05121382383667718,0.02160367353837796,0.020111810560016406,0.029731348746086527,0.026573101592472302,0.024584027890182443,0.021470010623016657,0.022264126655629712,0.019157538094674503,0.01865796657636994,0.014383142478687197,0.013840820573338597,0.02336213838609292,0.02521779092330128,0.034709498423660404,0.031037432224161183,0.02252513758453119,0.02026314643537475,0.01703439257279422,0.015939987641121752,0.014583882585488928
0.16541374075401372,0.16411261904048174,0.14185375770014624,0.13611889081909248,0.13571216104875636,0.17293986833071134,0.14624649257508077,0.13131904879937986,0.09844832308670201,0.07002542143708938,0.15919116512977258,0.14826103512638486,0.13448632166988558,0.11350793450152677,0.09959726364710077,0.15251736134796254,0.15766845746868607,0.1367962549068738,0.10790680387168751,0.11574615095043704,0.1705932536641628,0.1361180666356367,0.11524256420706554,0.11423123110369615,0.12503627477187992,0.01065189739740022,0.014902857247364214,0.018270249441677513,0.01747077053703029,0.05121382383667718,0.020322667179076825,0.01952069041037093,0.02539593230282795,0.02532089028982997,0.024584027890182446,0.021470010623016657,0.019893010310412396,0.019157538094674503,0.01865796657636994,0.014383142478687197,0.013840820573338596,0.020543958658750052,0.023431011468098683,0.0347094984236604,0.03103743222416118,0.02252513758453119,0.02007405715484668,0.01703439257279422,0.015939987641121752,0.014583882585488928
0.1632293344842099,0.15962792503230633,0.13928173007629643,0.129478984408497,0.13571216104875636,0.16699094884603624,0.14371643948846413,0.12159772689781127,0.098448323086702,0.067430596704281,0.1556835756750514,0.14826103512638492,0.12875143401833233,0.1117186231603798,0.09959726364710077,0.15131923096680647,0.15766845746868607,0.13479141316412188,0.10790680387168752,0.10061928281876156,0.16792698507873516,0.1343845583121967,0.11414557921918238,0.11423123110369615,0.12503627477187992,0.01065189739740022,0.014902857247364214,0.013984782232777548,0.017470770537030292,0.04396062803235383,0.017438339619376814,0.019520690410370932,0.022593007907801284,0.025320890289829975,0.024584027890182443,0.019066199495281076,0.019893010310412393,0.0191575380946745,0.015307861822626775,0.014383142478687197,0.013840820573338596,0.020543958658750052,0.02343101146809868,0.03401370649467139,0.027724727773804112,0.022525137584531195,0.020074057154846676,0.01703439257279422,0.015939987641121752,0.014583882585488926
0.15757233780006902,0.1596279250323063,0.13744627108881596,0.12612365058833686,0.1337707382117152,0.16699094884603624,0.13887784753191312,0.12159772689781129,0.09547300447836785,0.0663017523474342,0.15371923593187922,0.14497073180345207,0.12875143401833233,0.10966942854951582,0.09736422015084985,0.15131923096680644,0.14790027751619647,0.13479141316412188,0.10406161090406398,0.09501730438244452,0.16576918112716338,0.13438455831219667,0.11414557921918238,0.11423123110369617,0.12007641945234211,0.01065189739740022,0.014095162537021871,0.011531850861588885,0.01747077053703029,0.04079055423434415,0.017438339619376814,0.018749479358914575,0.019783634674869606,0.024255445967861475,0.024584027890182443,0.01679071300268241,0.016740071549801526,0.0191575380946745,0.015307861822626775,0.014018394299282307,0.013840820573338596,0.01733056768320513,0.02256707940208837,0.0340137064946714,0.02399060855964224,0.019007752423519656,0.01607486523139617,0.01703439257279422,0.015939987641121752,0.014583882585488926
0.15757233780006905,0.1572434157562124,0.13386061621525064,0.1251050676528098,0.13172777470977062,0.1624988685554438,0.13887784753191312,0.12024298315676746,0.09385290804020315,0.0663017523474342,0.15371923593187922,0.14497073180345213,0.12875143401833233,0.10966942854951585,0.0929639378533457,0.15131923096680647,0.1479002775161965,0.13149379111133222,0.09848071831344354,0.09360188752915773,0.16576918112716335,0.1324641062353909,0.11288517491169069,0.11423123110369617,0.11906358930527651,0.010520233762949768,0.014095162537021875,0.009268908056722073,0.01463049251075916,0.04079055423434415,0.01388506236095476,0.0181583592092691,0.01809988392538062,0.01904543037140356,0.0225073035265521,0.01679071300268241,0.016740071549801526,0.019157538094674503,0.015307861822626775,0.014018394299282309,0.013840820573338597,0.016403497037615688,0.020161816829643558,0.02602266867238762,0.019018747427430024,0.019007752423519653,0.01607486523139617,0.01703439257279422,0.015939987641121752,0.014583882585488926
0.15617837558210387,0.15393759666055448,0.1317889151394943,0.12032374416264656,0.12609736514964887,0.1624988685554438,0.13482213298938714,0.11775354132990659,0.09385290804020316,0.06461507396335638,0.1508124383481561,0.14267973686708277,0.12582231200520747,0.10796661831739728,0.09296393785334568,0.15131923096680647,0.14414214158520536,0.126596662159871,0.09594867785827721,0.0889739346928699,0.16262492295231573,0.13246410623539093,0.11288517491169066,0.11423123110369618,0.1186144153339069,0.010520233762949768,0.014095162537021876,0.009268908056722073,0.01463049251075916,0.03596042810900194,0.013885062360954761,0.014795804741743015,0.01809988392538062,0.019045430371403563,0.0225073035265521,0.01594996762080457,0.016740071549801526,0.018247932475745236,0.013063869491119182,0.014018394299282309,0.013840820573338597,0.014389427125543919,0.020161816829643558,0.024387848842992887,0.016820102401134265,0.019007752423519656,0.016074865231396174,0.01703439257279422,0.015939987641121752,0.014583882585488926
0.15116616481583536,0.14500950706710164,0.1291110329102946,0.11656908205978607,0.12411408105011631,0.15951837020854265,0.13182928108343142,0.10949268958222366,0.0902418537577689,0.06150079536772634,0.14841580030977958,0.13911913977358387,0.11950043650768762,0.10796661831739728,0.08903269000086128,0.14866730926067004,0.1427424022664558,0.12220285610055763,0.08791206536491152,0.08733358580791553,0.16000989621921094,0.13025640327477803,0.11288517491169066,0.11423123110369617,0.1149678461660378,0.010520233762949768,0.01176685571594641,0.00913088133960276,0.01081008011832364,0.035960428109001935,0.013885062360954761,0.011386594904893669,0.014061479125454659,0.01904543037140356,0.0225073035265521,0.01594996762080457,0.016740071549801526,0.015293803650338196,0.013063869491119182,0.01318798049338831,0.013840820573338596,0.014389427125543919,0.0180394512077136,0.02216573773223864,0.01682010240113427,0.019007752423519653,0.016074865231396174,0.01703439257279422,0.015939987641121752,0.014583882585488926
0.14688339731791744,0.13948184574030495,0.1291110329102946,0.11590773475184431,0.11683896180803637,0.15631441183155165,0.13182928108343142,0.10949268958222366,0.08685474350480842,0.05951569672790422,0.14096958783111224,0.13762036145421225,0.11950043650768762,0.10796661831739726,0.0832491113861528,0.14645674917921855,0.1427424022664558,0.12220285610055762,0.0879120653649115,0.08733358580791553,0.1536852788401049,0.13025640327477803,0.11264307026405024,0.11345812159746307,0.11096137577186166,0.010520233762949768,0.01176685571594641,0.00913088133960276,0.01081008011832364,0.03596042810900194,0.01232114090878585,0.01138659490489367,0.013441360337410578,0.01838840228311349,0.022507303526552096,0.01594996762080457,0.016740071549801526,0.015293803650338196,0.013063869491119182,0.01318798049338831,0.013840820573338597,0.013572212094717154,0.0180394512077136,0.02216573773223864,0.01682010240113427,0.019007752423519653,0.016074865231396177,0.01703439257279422,0.014345072510387882,0.014583882585488926
0.14405830980153977,0.13629090131776558,0.12574514641559845,0.11541016276514361,0.11683896180803638,0.15322183925020477,0.12988537041017933,0.10601659257347354,0.08685474350480842,0.05951569672790422,0.1409695878311122,0.13519071148544476,0.11766396215807833,0.10571148666937907,0.08146114338100537,0.14342561002728185,0.13926331682419654,0.11904376991075515,0.07939707527822407,0.08532671178773057,0.15368527884010494,0.13025640327477805,0.11204441110035755,0.11345812159746307,0.11096137577186165,0.010520233762949768,0.01176685571594641,0.009130881339602761,0.01081008011832364,0.03469726723879761,0.011571639261464787,0.01138659490489367,0.012797723729808587,0.015138997117507326,0.02010163041552475,0.01594996762080457,0.016740071549801522,0.015293803650338196,0.013063869491119182,0.013187980493388308,0.01359339655113314,0.013572212094717151,0.016200841674451606,0.019979465274421453,0.01682010240113427,0.015374587844598775,0.016074865231396177,0.015475706325832596,0.014345072510387882,0.014583882585488926
0.1440583098015398,0.13374548350312518,0.12435307650292333,0.10783196850794942,0.11526674602623692,0.15322183925020474,0.12474312518167072,0.10470829855276058,0.08452560847539178,0.05894095200213672,0.13810048586013854,0.1333923832237186,0.11596506113986753,0.10287908877155011,0.08146114338100537,0.13884380688979045,0.13562639871607066,0.11613758729749048,0.07279216044509054,0.08532671178773057,0.15125360710763625,0.12689896404764714,0.11036765714529713,0.11202703588045179,0.10829031488861172,0.010520233762949768,0.01176685571594641,0.009130881339602758,0.010316099761683838,0.03469726723879762,0.011571639261464787,0.01138659490489367,0.012080627961602121,0.015138997117507326,0.02010163041552475,0.014984582690496401,0.015855207847029165,0.015293803650338196,0.013063869491119182,0.011308770087431811,0.013593396551133138,0.011384980214694336,0.016200841674451606,0.019979465274421456,0.01682010240113427,0.015374587844598775,0.014473502724624922,0.015475706325832594,0.014345072510387882,0.014583882585488926
0.13988314214560088,0.1337454835031252,0.11440684792022901,0.10492148738282889,0.11251573166319467,0.14612295620880866,0.12267262554144634,0.10008781190415585,0.08452560847539178,0.05894095200213672,0.13463430033340532,0.13135620914833832,0.11576591672991433,0.10035227198190293,0.078280500281894,0.13742481848886165,0.13198036246040362,0.11419373853963671,0.06935614739735436,0.08015676658256836,0.14893846838817118,0.12689896404764714,0.10987772289413802,0.10987242154213915,0.10253392703623114,0.010520233762949768,0.01176685571594641,0.009130881339602758,0.010316099761683835,0.03469726723879761,0.010886847726413455,0.01064306438104204,0.012080627961602121,0.015138997117507326,0.02010163041552475,0.014984582690496403,0.015855207847029165,0.015293803650338196,0.013063869491119182,0.011308770087431811,0.011622975309426402,0.01138498021469434,0.01548332698616194,0.01654358496122079,0.01682010240113427,0.015374587844598777,0.01298088173521578,0.0154757063258326,0.014345072510387882,0.014583882585488926
0.13807865154800666,0.1325284621594696,0.11440684792022901,0.10223682297102286,0.10872000265961304,0.14612295620880866,0.12267262554144634,0.09692532494643422,0.08301216895924267,0.05894095200213673,0.12891535405865587,0.1274092019186327,0.11324764439016377,0.09745516408830256,0.07640264529285067,0.13742481848886168,0.12799032420952258,0.11035143959247184,0.06693899493021144,0.07748226572659832,0.14591073659954146,0.12689896404764714,0.10987772289413802,0.10987242154213915,0.10227400208377406,0.010520233762949768,0.009763445307219822,0.00913088133960276,0.010316099761683835,0.034697267238797604,0.010886847726413455,0.01064306438104204,0.012080627961602121,0.015138997117507325,0.020101630415524752,0.014984582690496403,0.015855207847029165,0.015293803650338196,0.013063869491119182,0.011308770087431813,0.011622975309426404,0.011111755091769489,0.015483326986161939,0.015847793032231793,0.01682010240113427,0.014677304580778684,0.01298088173521578,0.015475706325832594,0.012824981600496199,0.014583882585488926
0.1332613164893441,0.12918058088770085,0.114406847920229,0.10223682297102285,0.102353975509293,0.14210394579024224,0.11928414439345171,0.09353456737336294,0.08301216895924268,0.058482010449405604,0.1289153540586558,0.12693360310493776,0.11030535391476506,0.09745516408830257,0.0764026452928507,0.13742481848886168,0.125501342767856,0.10775716756916101,0.06505452429949872,0.07748226572659833,0.14392879351642157,0.12483652707807522,0.10987772289413801,0.104548569252909,0.09949428342007201,0.010520233762949768,0.009763445307219822,0.00857394112242931,0.010316099761683835,0.032220510739784505,0.009075967722677053,0.01064306438104204,0.010713728853224809,0.015138997117507325,0.020101630415524756,0.013006378423331345,0.015855207847029165,0.015293803650338196,0.01306386949111918,0.011308770087431811,0.010837943240096633,0.008134318924532685,0.01548332698616194,0.015378545747442891,0.01682010240113427,0.014677304580778684,0.01298088173521578,0.015475706325832598,0.012824981600496199,0.014583882585488926
0.1332613164893441,0.1266636907516277,0.11176563383184192,0.10126114996205862,0.10074202449949231,0.1381524670906293,0.11928414439345171,0.09041265611249148,0.08199852815296625,0.05742427648354282,0.12595760231689176,0.12693360310493773,0.10732667685431654,0.09484014105223124,0.07279229779401186,0.13742481848886165,0.12027715830202149,0.10775716756916101,0.06284593943504305,0.07479168287694346,0.14346086373241734,0.12453273278781186,0.10987772289413801,0.104548569252909,0.09725807082938248,0.010520233762949768,0.00926025907011006,0.008435744137113775,0.010316099761683838,0.032220510739784505,0.009075967722677053,0.008875468076885726,0.010713728853224809,0.013050668578087284,0.017303985412921077,0.013006378423331345,0.015855207847029165,0.013636288256806298,0.01306386949111918,0.011308770087431811,0.010581162907228474,0.008134318924532685,0.010113613602855679,0.014946014992391812,0.01682010240113427,0.014677304580778684,0.01298088173521578,0.014009975408697417,0.012824981600496199,0.014583882585488926
0.1305650668004361,0.12447300564234176,0.11093477363690527,0.10043104592863235,0.09824983384673094,0.13631390568958543,0.11714509912110738,0.08925366855617378,0.07818872052958177,0.055972252873229114,0.1259576023168918,0.12693360310493773,0.10432425518812889,0.09339718611218437,0.07279229779401186,0.13742481848886168,0.11763151170120995,0.10002772553995799,0.06284593943504305,0.06725098665241758,0.14272443253576883,0.12217805180011297,0.10876336072149602,0.104548569252909,0.09444567109699095,0.010118790214071381,0.00926025907011006,0.008435744137113772,0.010316099761683838,0.032220510739784505,0.009075967722677054,0.008875468076885726,0.010280746320671262,0.011422992235128436,0.017303985412921077,0.013006378423331346,0.0149277142241252,0.013636288256806298,0.01306386949111918,0.011224636015249697,0.007767627155089727,0.008134318924532685,0.010113613602855679,0.014126549392927673,0.016820102401134265,0.014558931772998517,0.01298088173521578,0.014009975408697417,0.0128249816004962,0.014583882585488926
0.12838412204815727,0.12349342568824989,0.10776709205752624,0.0995676696350179,0.09196460761963342,0.13355532895288033,0.1122599717804182,0.08627819275277594,0.07818872052958176,0.0551732312373487,0.12595760231689176,0.12672114109147595,0.10044506059800914,0.09140572291651962,0.07279229779401186,0.1343455370177144,0.11763151170120996,0.10002772553995799,0.05828157904424678,0.0640955971090308,0.1370514889476672,0.12073128363197605,0.108763360721496,0.10342866608166632,0.09444567109699095,0.010118790214071381,0.00926025907011006,0.008435744137113775,0.010316099761683838,0.028326528055564768,0.009075967722677053,0.008875468076885726,0.010280746320671262,0.011422992235128436,0.017303985412921077,0.013006378423331346,0.013077070109288607,0.01181445802060005,0.01306386949111918,0.009854641601017506,0.007767627155089727,0.008134318924532685,0.01011361360285568,0.01219313414028941,0.016273339398966934,0.013360758754709236,0.01298088173521578,0.014009975408697415,0.0128249816004962,0.014210284523601105
0.12542550431296626,0.11878672513011404,0.10776709205752623,0.0995676696350179,0.08925297277986861,0.13355532895288033,0.10943088278367591,0.08627819275277597,0.07627475119896267,0.052490667439666704,0.12310239946774336,0.12419248493675822,0.09749685449720014,0.08868520387674071,0.07279229779401186,0.1343455370177144,0.11763151170120996,0.09675570759156732,0.05828157904424677,0.061099232104605626,0.1342193599780737,0.11951135002570999,0.10836520473166499,0.10342866608166633,0.09163318999440424,0.009816623470277074,0.00926025907011006,0.008435744137113775,0.010316099761683838,0.024938736228175138,0.009075967722677053,0.008875468076885726,0.010280746320671262,0.011422992235128436,0.01671077314749457,0.010690206196598983,0.010903885399767247,0.011814458020600048,0.013063869491119182,0.009854641601017506,0.0077676271550897276,0.008134318924532685,0.010113613602855679,0.01219313414028941,0.016273339398966934,0.012003474442412084,0.01298088173521578,0.014009975408697415,0.0128249816004962,0.014210284523601105
0.12355172141419538,0.11878672513011405,0.10575133094781511,0.09827646528875876,0.08765721042726701,0.13355532895288033,0.10767987897549681,0.0851222753133901,0.07540578989390186,0.05249066743966672,0.12310239946774335,0.11749289472107588,0.09442342327624657,0.08638488842235015,0.07066321215451393,0.13248574265748736,0.10964270727967351,0.09260798484818004,0.05828157904424677,0.059391222866000536,0.13130710980298288,0.11951135002570999,0.10706879242527857,0.10178877936365253,0.09163318999440426,0.00981662347027707,0.00926025907011006,0.008435744137113775,0.010316099761683838,0.02298356579129459,0.009075967722677053,0.008875468076885726,0.010280746320671264,0.011422992235128436,0.016710773147494574,0.009879951364355256,0.010137903345823034,0.01181445802060005,0.013063869491119182,0.009854641601017506,0.0077676271550897276,0.008134318924532685,0.009879867732722715,0.01096273676309585,0.01448668860837214,0.009602882062709468,0.01298088173521578,0.014009975408697415,0.0128249816004962,0.014210284523601105
0.1194494713197679,0.11655833363925593,0.10575133094781511,0.09606457307543764,0.08765721042726701,0.13111986861771655,0.10686139375733138,0.08512227531339009,0.07444549494115192,0.052490667439666704,0.12156294195593446,0.11109872754847525,0.09442342327624656,0.08317442549529601,0.06832955015102599,0.13248574265748736,0.10964270727967351,0.09189990986339729,0.05828157904424677,0.05408053134472427,0.13130710980298288,0.11732420867120735,0.10373079079143843,0.09908609899094238,0.09163318999440424,0.009816623470277073,0.00926025907011006,0.008435744137113775,0.010316099761683838,0.02298356579129459,0.009075967722677053,0.008454988982947295,0.007792581119285021,0.011422992235128437,0.013537447718998936,0.009879951364355257,0.010020185969970027,0.011814458020600048,0.013063869491119182,0.009854641601017506,0.007132204850540531,0.0073655256352670095,0.00677926791800009,0.010014691683407233,0.01448668860837214,0.009602882062709468,0.01298088173521578,0.014009975408697417,0.012824981600496202,0.014210284523601104
0.11700087853165507,0.11444303581814184,0.10168418967759754,0.09606457307543764,0.08638732096438857,0.12904549349986522,0.10686139375733138,0.08388835567928718,0.07216381032309348,0.052490667439666704,0.12156294195593446,0.11109872754847529,0.09197730975720261,0.08317442549529601,0.06832955015102599,0.13248574265748736,0.10964270727967353,0.08943027429565574,0.05722146324499195,0.05408053134472427,0.13130710980298285,0.11588996471423636,0.10373079079143843,0.0990860989909424,0.09005308865217473,0.009816623470277073,0.00926025907011006,0.008435744137113775,0.010316099761683838,0.019858460840142207,0.009075967722677053,0.008454988982947295,0.007597907242130825,0.011422992235128436,0.012024936660502203,0.009879951364355257,0.010020185969970027,0.011039134691047706,0.011765454720322173,0.009854641601017507,0.007132204850540531,0.0073655256352670095,0.006779267918000092,0.010014691683407233,0.01448668860837214,0.009602882062709468,0.010691005649714575,0.014009975408697417,0.012824981600496202,0.014210284523601105
0.11437444920955354,0.10885864923315285,0.09917917001256299,0.09367235869784127,0.08397854687725266,0.12599738674102898,0.10352269648758121,0.08388835567928718,0.07032166151521836,0.05249066743966671,0.12156294195593446,0.10813168214774044,0.0919773097572026,0.08317442549529602,0.06512680278857715,0.12951478870582966,0.1075329073140204,0.0874216033561837,0.05432165516247364,0.05061590907068669,0.12797477040985603,0.11588996471423635,0.10237590555809364,0.0979605344620679,0.08881544049677477,0.009816623470277073,0.00926025907011006,0.008435744137113775,0.01031609976168384,0.019858460840142207,0.005044255376681046,0.008454988982947295,0.007597907242130825,0.011422992235128436,0.012024936660502203,0.009237693106179924,0.009450462909716054,0.011039134691047706,0.010252157320321963,0.009854641601017507,0.007132204850540531,0.0073655256352670095,0.00677926791800009,0.010014691683407233,0.01448668860837214,0.009602882062709468,0.010691005649714575,0.014009975408697415,0.012824981600496202,0.014210284523601105
0.11072049165765291,0.10885864923315287,0.099179170012563,0.09367235869784127,0.08202769855721843,0.12419945297520722,0.10015121027937196,0.08032783025801717,0.06937350694117915,0.05147914320142333,0.12156294195593448,0.10214650430050083,0.0919773097572026,0.081413646957447,0.0626952143120212,0.12550541025954895,0.10403636892878815,0.08609280442489896,0.05188589128353606,0.05061590907068669,0.12431424520401756,0.11476308336223176,0.10237590555809364,0.09665266544865338,0.08763957637306477,0.009816623470277073,0.009260259070110058,0.008435744137113775,0.01031609976168384,0.017161241875518637,0.005044255376681047,0.008454988982947297,0.007597907242130825,0.011422992235128436,0.012024936660502203,0.009197528744640087,0.009450462909716054,0.008968906522362574,0.010252157320321963,0.009854641601017507,0.007132204850540531,0.0073655256352670095,0.006545522047867128,0.009716797166477043,0.01448668860837214,0.009602882062709468,0.010524418654711388,0.014009975408697417,0.012824981600496202,0.01202314897870095
0.11072049165765292,0.10741632236661487,0.09917917001256302,0.09028926562494284,0.07494925455179932,0.1228143915765941,0.09714261348464834,0.08032783025801717,0.06754379274063847,0.05147914320142333,0.119498314074098,0.10214650430050083,0.09169222107971217,0.07697475625339105,0.06076870791895247,0.12550541025954895,0.10140305180728791,0.08292662885470219,0.05188589128353606,0.05061590907068669,0.12184347623433991,0.11355845633846849,0.10237590555809364,0.09602862240581977,0.08763957637306476,0.009816623470277073,0.009260259070110058,0.008435744137113775,0.01031609976168384,0.017161241875518634,0.005044255376681047,0.006977489487482055,0.007597907242130825,0.011422992235128436,0.009620633920250643,0.009197528744640087,0.009450462909716054,0.008968906522362572,0.010252157320321963,0.009854641601017507,0.007132204850540531,0.0073655256352670095,0.006545522047867128,0.009716797166477043,0.01448668860837214,0.009602882062709468,0.010524418654711392,0.011835236163312519,0.012824981600496202,0.01202314897870095
0.11072049165765291,0.10621774276922281,0.09917917001256302,0.08918169386887795,0.07345868552213136,0.12189513423957081,0.09346238689427194,0.08032783025801718,0.06546920862054216,0.05147914320142333,0.11832887039923685,0.09946298593785388,0.09027920219791465,0.07697475625339105,0.05766374815904463,0.12302911060358863,0.10140305180728791,0.07960712800122659,0.05188589128353606,0.05061590907068669,0.1218434762343399,0.11158331798457441,0.10165984379547263,0.09549679492535222,0.08466477825275458,0.009816623470277073,0.009260259070110058,0.007978679651829664,0.00812183076653351,0.014373964183531799,0.005044255376681046,0.006977489487482055,0.005730348439771288,0.01031339128624033,0.009620633920250643,0.009197528744640087,0.009450462909716052,0.00896890652236257,0.009558677298452988,0.009854641601017506,0.007132204850540531,0.006479780273951342,0.006545522047867128,0.009716797166477043,0.013131545698895675,0.009602882062709468,0.010524418654711392,0.009872463679555602,0.012824981600496202,0.01202314897870095
0.11072049165765291,0.10126539612770924,0.09917917001256302,0.08739677391048341,0.07099850198662182,0.12189513423957082,0.09346238689427194,0.07800057908040585,0.06427011677737851,0.051085018632864077,0.11573479138984129,0.09946298593785387,0.0878391268044131,0.07498153649889468,0.055072510047347006,0.12053201192646362,0.10016390297147144,0.07727125368193236,0.05111367547337378,0.04962045876577703,0.1218434762343399,0.11158331798457441,0.10120319264796143,0.0938604136116702,0.07914150906867369,0.00981662347027707,0.009260259070110058,0.007978679651829664,0.00812183076653351,0.012532062848709558,0.0048626962275635875,0.006977489487482055,0.0053056212725724455,0.009869868121864302,0.008566269147931228,0.009197528744640089,0.007414040073683479,0.00833981635965317,0.009558677298452984,0.009854641601017506,0.007132204850540531,0.006479780273951342,0.005935669574677224,0.009716797166477043,0.013131545698895675,0.009602882062709468,0.010524418654711392,0.009872463679555602,0.0128249816004962,0.01202314897870095
0.11072049165765291,0.099496345243554,0.09691763185421348,0.08739677391048337,0.07099850198662182,0.12112201592699785,0.08905228891140553,0.0767217629542974,0.06427011677737851,0.050208175559929596,0.11573479138984127,0.09859626701074138,0.08446807827596849,0.07260258481787259,0.05468271915842756,0.11409070357322586,0.09760094412210871,0.07727125368193237,0.050046073278737314,0.049620458765777024,0.11950338301312348,0.11158331798457441,0.097417443076231,0.09295804189546787,0.07580884967479352,0.00981662347027707,0.009115376407523086,0.007978679651829664,0.00812183076653351,0.00939151263455094,0.0048626962275635875,0.006573667589728189,0.005305621272572445,0.009869868121864302,0.008566269147931228,0.009197528744640089,0.00735400735282575,0.00833981635965317,0.009558677298452984,0.009854641601017506,0.00713220485054053,0.006479780273951342,0.005935669574677224,0.007027416218002131,0.011914215383562255,0.009602882062709468,0.008646825510869151,0.009872463679555602,0.0128249816004962,0.010910865168579538
0.10867811704805148,0.09804978075994253,0.0942231632952067,0.08440286079414601,0.06749845708540302,0.11997691302864702,0.08820655800975792,0.07184419752760965,0.061995599631185096,0.04810024004109058,0.11253580200564962,0.09859626701074138,0.08446807827596846,0.07003627362598648,0.05468271915842757,0.11409070357322586,0.09760094412210871,0.07727125368193236,0.05004607327873732,0.049620458765777024,0.11483029479234316,0.10957799967529074,0.09434254998345412,0.09295804189546787,0.07353525288863313,0.009684959835826621,0.008765795103791366,0.007978679651829664,0.00812183076653351,0.00939151263455094,0.0048626962275635875,0.005310896086776044,0.005305621272572445,0.009869868121864302,0.008566269147931228,0.00919752874464009,0.00735400735282575,0.008339816359653168,0.007719487476158741,0.009854641601017506,0.00713220485054053,0.005735798616584307,0.005935669574677224,0.006669791505055287,0.011914215383562255,0.009602882062709468,0.008646825510869151,0.009872463679555602,0.010816392706879742,0.009049236057324576
0.10867811704805148,0.09804978075994253,0.09198875216708174,0.0835333723074712,0.06429639663020965,0.11997691302864703,0.08569433054906232,0.07184419752760966,0.060597134902005606,0.04719270021376994,0.11213157646183673,0.09200918066854455,0.08384634540056428,0.0700362736259865,0.052798474729227086,0.11409070357322587,0.09760094412210871,0.07727125368193236,0.04899677692943007,0.049620458765777024,0.11483029479234316,0.10957799967529074,0.0943425499834541,0.09115154369396765,0.07353525288863312,0.009684959835826621,0.00873873376090465,0.007840482666514126,0.00812183076653351,0.00939151263455094,0.0036218473702886206,0.003452024549209956,0.005305621272572445,0.008576100685074252,0.00736984928295714,0.009197528744640089,0.00735400735282575,0.007177855610440196,0.007719487476158741,0.009854641601017506,0.006485236044098142,0.005735798616584307,0.005935669574677224,0.006669791505055287,0.011914215383562255,0.009602882062709468,0.008646825510869151,0.0098724636795556,0.009001662741140335,0.009049236057324576
0.10661189045086471,0.09804978075994254,0.08942847379378785,0.08257424280392049,0.063716445874366,0.11997691302864703,0.08399363587445265,0.07007361666166587,0.05895470209410261,0.047192700213769936,0.1104814391188696,0.09078822242426904,0.08189004077200908,0.07003627362598648,0.05210785577997856,0.11130549094477414,0.09760094412210871,0.07613606619451842,0.04827912246875566,0.04579588894046233,0.11285771330691835,0.10792272804067338,0.0943425499834541,0.08903295934383211,0.07140933116347094,0.009684959835826621,0.008738733760904652,0.007840482666514126,0.00812183076653351,0.00939151263455094,0.0036218473702886206,0.003048202651456091,0.0053056212725724455,0.008576100685074252,0.00736984928295714,0.008198719787953442,0.007354007352825749,0.007177855610440196,0.007719487476158741,0.009854641601017506,0.006485236044098142,0.005735798616584307,0.005935669574677224,0.006669791505055287,0.011914215383562255,0.0094845092549293,0.00864682551086915,0.0098724636795556,0.009001662741140335,0.009049236057324576
0.10661189045086475,0.09672673192487789,0.08654482411128452,0.08257424280392049,0.063716445874366,0.11872489411885849,0.08399363587445266,0.07007361666166587,0.057778698079154846,0.047192700213769936,0.10950876843428779,0.08960758437352682,0.0789602671689388,0.07003627362598648,0.05210785577997856,0.1093488922399189,0.09760094412210871,0.07463250284646682,0.04666981440977797,0.044970726229148515,0.1117965760573533,0.10507403541335422,0.09339947797444004,0.08903295934383212,0.06921748130442533,0.009684959835826621,0.008738733760904652,0.007481558270920089,0.00812183076653351,0.00939151263455094,0.0036218473702886206,0.003048202651456091,0.0053056212725724455,0.008576100685074252,0.007369849282957141,0.008198719787953444,0.007354007352825749,0.007177855610440196,0.0075951201516076755,0.009304481014245136,0.006485236044098142,0.005398143965195335,0.005935669574677225,0.006669791505055288,0.011914215383562255,0.0094845092549293,0.00864682551086915,0.009729488556659093,0.009001662741140337,0.009049236057324574
0.10661189045086471,0.09672673192487789,0.08477667455522755,0.0797213288630157,0.06243270603435576,0.11824609143505795,0.08293393303048123,0.06638779055808584,0.05777869807915484,0.047192700213769936,0.10672616483853885,0.08851909509334328,0.07896026716893877,0.06705406919173612,0.05210785577997856,0.1093488922399189,0.09458950395208461,0.07212098909450475,0.04630625617019784,0.044970726229148515,0.1117965760573533,0.10211707812250226,0.09150965985369217,0.08609645760934474,0.06746923868453376,0.009684959835826621,0.00873873376090465,0.007481558270920089,0.00812183076653351,0.009391512634550939,0.0036218473702886197,0.003048202651456091,0.00403611917616431,0.007641578997945653,0.006978503006160169,0.008198719787953444,0.007354007352825749,0.005293521148059978,0.007595120151607673,0.009304481014245136,0.006485236044098142,0.005398143965195335,0.005701923704544263,0.006669791505055288,0.011914215383562255,0.0094845092549293,0.00864682551086915,0.009729488556659093,0.007753719699381109,0.009049236057324574
0.10403393946794677,0.0967267319248779,0.08477667455522757,0.07885470186159077,0.05989731800687617,0.11579218592574568,0.08293393303048123,0.06604550399139925,0.056456227150151445,0.04686918182010711,0.10651349394509758,0.08736238534730362,0.07385274330878912,0.0648380375483548,0.050723044689034436,0.10683571478108594,0.0925687893342094,0.07212098909450473,0.04630625617019784,0.043989780244526606,0.10943099863279396,0.1011565105432017,0.08739101022193779,0.08494380169396262,0.06636393351170415,0.009684959835826621,0.008738733760904654,0.007481558270920089,0.00812183076653351,0.00939151263455094,0.0036218473702886197,0.003048202651456091,0.004036119176164309,0.0056919032245377746,0.00697850300616017,0.006343988120660355,0.007295779576687654,0.005293521148059978,0.007595120151607674,0.009304481014245134,0.005713802310884562,0.005398143965195335,0.005026290986751382,0.0046216745301346585,0.011914215383562254,0.009484509254929302,0.008646825510869148,0.009729488556659093,0.0077537196993811095,0.009049236057324574
0.10011940368035463,0.09481661493475073,0.08296229521635529,0.077789489533684,0.05967879009779306,0.11579218592574567,0.08293393303048124,0.06604550399139925,0.056456227150151445,0.04505418860635351,0.10411203303651863,0.0873623853473036,0.07385274330878912,0.0648380375483548,0.05072304468903444,0.10557905672611236,0.09123144783722369,0.07212098909450473,0.0440792124957153,0.04360060044578303,0.1060379035835601,0.09786821155484561,0.08739101022193779,0.08183074575834218,0.06521783763000939,0.009554993977448155,0.008738733760904654,0.007481558270920089,0.00812183076653351,0.008091658039912833,0.0036218473702886197,0.0030482026514560908,0.00403611917616431,0.0056919032245377746,0.004836764985506675,0.006343988120660355,0.007295779576687654,0.005293521148059979,0.005942334992806616,0.007647508506683732,0.005713802310884562,0.005398143965195335,0.005026290986751382,0.0046216745301346585,0.011914215383562254,0.009484509254929302,0.008646825510869148,0.009729488556659092,0.007753719699381109,0.009049236057324576
0.10011940368035463,0.09311072132386125,0.08195646633873827,0.07778948953368402,0.05864032355638213,0.11579218592574567,0.07774648417017811,0.06258591641067773,0.055601102928098674,0.04505418860635351,0.1041120330365186,0.08517279680194076,0.07385274330878912,0.06293072562646367,0.048022716661172075,0.1025026427756284,0.09123144783722371,0.07212098909450473,0.04359933055732675,0.04360060044578303,0.10409491935343267,0.09703349788691688,0.08610785640376438,0.07908731479918503,0.06351007478973712,0.008454491249843729,0.0075357738109104915,0.007481558270920089,0.00812183076653351,0.008091658039912833,0.0036218473702886197,0.0030482026514560908,0.00403611917616431,0.0056919032245377746,0.004836764985506675,0.006343988120660356,0.007295779576687654,0.005293521148059979,0.005818658842135465,0.007647508506683731,0.005713802310884562,0.005120576258726869,0.005026290986751382,0.003689341937263601,0.011914215383562254,0.009484509254929302,0.008646825510869148,0.009729488556659092,0.007701959914319458,0.009049236057324576
0.10011940368035463,0.09311072132386124,0.08054902259714027,0.07552909730410458,0.05833416471478172,0.11356534193628427,0.07774648417017813,0.06063451070686673,0.055601102928098674,0.04348670754874666,0.10224993158229988,0.08517279680194076,0.07076824096511183,0.061121286074938046,0.04802271666117207,0.1025026427756284,0.09123144783722371,0.06931288771581876,0.04359933055732675,0.04360060044578303,0.10102029135211656,0.09459816581381354,0.0847285484183748,0.07908731479918503,0.06351007478973712,0.008454491249843729,0.0075357738109104915,0.007481558270920089,0.00812183076653351,0.007622392542856663,0.0036218473702886197,0.0030482026514560908,0.00403611917616431,0.005691903224537775,0.004836764985506675,0.006343988120660356,0.006443848312113502,0.005293521148059979,0.005818658842135465,0.0063905666865563,0.005713802310884561,0.005120576258726869,0.005026290986751381,0.003689341937263601,0.010448836255769004,0.009484509254929302,0.008646825510869148,0.00841208608014905,0.007701959914319459,0.009049236057324576
0.09833504317169103,0.09311072132386125,0.0791273628788956,0.07552909730410458,0.057583986078856286,0.11356534193628429,0.0759902030064543,0.06063451070686673,0.055601102928098674,0.0417196829335393,0.09833736208669122,0.08272848889532991,0.0690894827526096,0.058614361835226204,0.04802271666117207,0.09782376626944088,0.08832222645057636,0.06931288771581877,0.043599330557326746,0.04198287771132963,0.09784638990670495,0.09459816581381354,0.0847285484183748,0.07908731479918504,0.060629276668087956,0.008454491249843729,0.0075357738109104915,0.0074815582709200894,0.00812183076653351,0.007622392542856663,0.0036218473702886197,0.0030482026514560908,0.004036119176164309,0.005691903224537775,0.004836764985506675,0.005271293709752387,0.006443848312113503,0.005293521148059978,0.005818658842135465,0.0063905666865563,0.0054528023639716225,0.005120576258726869,0.005026290986751382,0.003689341937263601,0.00812651338243178,0.008978685670081353,0.008646825510869148,0.00841208608014905,0.007701959914319459,0.00785025973711879
0.09833504317169103,0.09311072132386125,0.0791273628788956,0.06917113556435497,0.057583986078856286,0.11356534193628429,0.07599020300645429,0.059039633790007255,0.053080025941512246,0.0417196829335393,0.09546627955160167,0.07992813753899246,0.06693429622318744,0.05356675740867713,0.04626059321510542,0.09782376626944088,0.08700283121345495,0.0693128877158188,0.041448093481741076,0.041457065979308955,0.09517444852033206,0.09350781961134493,0.08391521595691392,0.07460275372496625,0.060629276668087956,0.008454491249843729,0.0075357738109104915,0.0074815582709200894,0.00812183076653351,0.007622392542856663,0.0036218473702886197,0.0030482026514560908,0.003702510013759597,0.005691903224537775,0.004836764985506675,0.005271293709752387,0.006443848312113502,0.005293521148059978,0.005818658842135465,0.0063905666865563,0.0054528023639716225,0.004775422684300485,0.005026290986751381,0.003689341937263601,0.00812651338243178,0.007421484149841243,0.008646825510869148,0.007214979888629517,0.007701959914319458,0.00785025973711879
0.09833504317169105,0.09075629644337123,0.07686719242659093,0.06917113556435496,0.05231200475829758,0.11356534193628429,0.07276344029751172,0.05832549593062071,0.05145910495756886,0.041440736582072486,0.08817292911304116,0.07992813753899244,0.06693429622318744,0.05356675740867713,0.04626059321510542,0.0960091264490078,0.08700283121345495,0.0693128877158188,0.041448093481741076,0.03941881257287774,0.09310456846794048,0.09133872797849488,0.08297639120408079,0.0739006403849905,0.05468393221148401,0.00803667345464201,0.00703670357686474,0.0074815582709200894,0.00812183076653351,0.007622392542856663,0.0036218473702886197,0.0030482026514560908,0.003702510013759597,0.0049889284597701465,0.004519335881692874,0.005271293709752387,0.006443848312113502,0.005293521148059978,0.005818658842135465,0.0063905666865563,0.005452802363971623,0.004775422684300485,0.005026290986751382,0.003689341937263601,0.00812651338243178,0.007421484149841243,0.008646825510869148,0.007214979888629517,0.007701959914319458,0.00785025973711879
0.09833504317169103,0.08901549534929175,0.07686719242659094,0.06808291857339727,0.05231200475829757,0.11356534193628429,0.06981467134394796,0.05499618921079614,0.051459104957568856,0.041440736582072486,0.08244744423834302,0.07681973717177834,0.06693429622318744,0.05356675740867713,0.04462352670341393,0.09600912644900782,0.08315065680011331,0.0667952841207546,0.04082456718238998,0.03941881257287774,0.09294024111779438,0.08849937994938308,0.08297639120408079,0.07317409888282073,0.054442932390338115,0.00803667345464201,0.00703670357686474,0.0074815582709200894,0.00812183076653351,0.007622392542856663,0.00332150949555212,0.0030482026514560908,0.003702510013759597,0.0046957005956933685,0.004519335881692874,0.005271293709752386,0.005528326224038702,0.005293521148059978,0.005818658842135465,0.0063905666865563,0.005452802363971623,0.004775422684300485,0.005026290986751381,0.003689341937263601,0.00812651338243178,0.007421484149841243,0.008646825510869148,0.007214979888629517,0.007701959914319458,0.00785025973711879
0.09372504790376333,0.08798154922341173,0.07559460495763762,0.06641879160638815,0.05053790010114283,0.11215409563347349,0.06981467134394793,0.05423368837960096,0.04889352714597353,0.04144073658207249,0.08244744423834303,0.07681973717177834,0.0651249328486841,0.05356675740867713,0.04462352670341393,0.09481851996140626,0.08169334707491267,0.0667952841207546,0.040715815345024185,0.03941881257287774,0.09039245725108976,0.08849937994938308,0.0829763912040808,0.07317409888282074,0.05396548659126816,0.00803667345464201,0.00703670357686474,0.0074815582709200894,0.00812183076653351,0.007622392542856663,0.00332150949555212,0.003048202651456091,0.003702510013759597,0.0032706443680521396,0.004126667393518578,0.005271293709752386,0.005528326224038702,0.005293521148059978,0.005818658842135465,0.0063905666865563,0.005452802363971623,0.003921515488836128,0.005026290986751381,0.0033021078395087528,0.00812651338243178,0.007421484149841243,0.008646825510869148,0.007214979888629517,0.007701959914319458,0.00785025973711879
0.09245140812191047,0.0861941854540035,0.07328684154971639,0.06641879160638815,0.04772282108690331,0.1121540956334735,0.06981467134394795,0.05423368837960096,0.04889352714597353,0.041440736582072486,0.08244744423834308,0.07311589188557069,0.06459461737640372,0.05075947499013993,0.04049566829016267,0.09419071292948794,0.08169334707491267,0.0667952841207546,0.040715815345024185,0.037653921866298894,0.0886578389389503,0.08687396513870277,0.08297639120408082,0.07190695782466228,0.05144488107603652,0.00803667345464201,0.00703670357686474,0.0074815582709200894,0.00812183076653351,0.007622392542856663,0.00332150949555212,0.003048202651456091,0.003702510013759597,0.0032706443680521396,0.004126667393518578,0.004478285031385943,0.005528326224038703,0.005293521148059978,0.005818658842135465,0.0063905666865563,0.005452802363971622,0.003921515488836128,0.005026290986751381,0.0033021078395087528,0.00812651338243178,0.007421484149841243,0.008646825510869148,0.007214979888629517,0.0077019599143194565,0.00785025973711879
0.0924514081219105,0.08445728719353587,0.0732868415497164,0.06641879160638815,0.04645080706427163,0.1121540956334735,0.06981467134394793,0.054233688379600964,0.04889352714597354,0.04048528188070441,0.08244744423834303,0.06853126304736935,0.06459461737640373,0.050759474990139934,0.03761448622125372,0.09215002858554885,0.08060843514905597,0.0667952841207546,0.040715815345024185,0.037653921866298894,0.08700710669518762,0.08498471787028736,0.08079229521484634,0.07044893836925888,0.04987916668223224,0.007906707596263543,0.00703670357686474,0.0074815582709200894,0.00812183076653351,0.007622392542856663,0.00332150949555212,0.003048202651456091,0.003702510013759597,0.0032706443680521396,0.004126667393518578,0.004478285031385943,0.0054100657270428785,0.005293521148059978,0.005818658842135465,0.0063905666865563,0.005173184752355342,0.003921515488836128,0.004210216664413138,0.0033021078395087528,0.00812651338243178,0.007421484149841243,0.008646825510869148,0.007214979888629517,0.0077019599143194565,0.00785025973711879
0.0924514081219105,0.08445728719353587,0.06971609335048931,0.06641879160638815,0.045042254133537636,0.1121540956334735,0.06662168671200715,0.05186020368618088,0.04889352714597354,0.04048528188070441,0.08244744423834306,0.06769125217385716,0.06188534851628073,0.04800005618095695,0.0363827687099857,0.09215002858554885,0.08060843514905597,0.0667952841207546,0.040715815345024185,0.037653921866298894,0.08522883874074497,0.08261363512369123,0.08079229521484635,0.0698886929860059,0.04845887906284917,0.007906707596263543,0.00703670357686474,0.0074815582709200894,0.00812183076653351,0.0071164829989245,0.00332150949555212,0.003048202651456091,0.003702510013759598,0.0032706443680521396,0.0038810659505444313,0.004478285031385942,0.00407401801307979,0.005293521148059978,0.0043410739213453125,0.005927424358232577,0.004592778271250768,0.003264848048213279,0.004210216664413138,0.0033021078395087528,0.00812651338243178,0.007421484149841243,0.00864682551086915,0.007214979888629517,0.0077019599143194565,0.00785025973711879
