CEN_WND 1,CEN_WND 2,CEN_WND 3,CEN_WND 4,CEN_WND 5,CEN_WND 6,CEN_WND 7,CEN_WND 8,CEN_WND 9,CEN_WND 10,CEN_WND 11,CEN_WND 12,CEN_WND 13,CEN_WND 14,CEN_WND 15,CEN_WND 16,CEN_WND 17,CEN_WND 18,CEN_WND 19,CEN_WND 20,CEN_WND 21,CEN_WND 22,CEN_WND 23,CEN_WND 24,CEN_WND 25,CEN_WND 26,CEN_WND 27,CEN_WND 28,CEN_WND 29,CEN_WND 30,CEN_WND 31,CEN_WND 32,CEN_WND 33,CEN_WND 34,CEN_WND 35,CEN_PV 1,CEN_PV 2,CEN_PV 3,CEN_PV 4,CEN_PV 5,CEN_PV 6,CEN_PV 7,CEN_PV 8,CEN_PV 9,CEN_PV 10,CEN_PV 11,CEN_PV 12,CEN_PV 13,CEN_PV 14,CEN_PV 15,CEN_PV 16,CEN_PV 17,CEN_PV 18,CEN_PV 19,CEN_PV 20,CEN_PV 21,CEN_PV 22,CEN_PV 23,CEN_PV 24,CEN_PV 25,CEN_PV 26,CEN_PV 27,CEN_PV 28,CEN_PV 29,CEN_PV 30,CEN_PV 31,CEN_PV 32,CEN_PV 33,CEN_PV 34,CEN_PV 35
0.25200650601242874,0.196776360553267,0.1699547264856332,0.19157582564076078,0.19148461710605863,0.2583548640909187,0.2250286125862861,0.19095954392839692,0.1637433044045434,0.1601575272312738,0.29934609426915615,0.31831380599586473,0.3071225765712637,0.2920570069462229,0.27538511136561544,0.27117544287782686,0.2748247888326953,0.2369217688691244,0.22260819725153375,0.22284039799520916,0.17939690795430094,0.12799145873322995,0.106027411233667,0.10356078371088027,0.10282764187249542,0.36889949857171694,0.33678632166154504,0.3058876051372964,0.267822753285195,0.22833150894697654,0.34744516881498844,0.3467972224144561,0.294670015291107,0.24609002806578423,0.22724952516842,0.6838916534108048,0.6737846068328229,0.6675140486501698,0.6612690617641335,0.6301922226582692,0.6943643384864769,0.7072759333014441,0.7457211342638596,0.7522644991848424,0.751705064538414,0.7632330663783048,0.7568058961100809,0.7362960551398804,0.7312037289459596,0.7862822888862326,0.5941721872609109,0.6300999527980845,0.6544222779238423,0.6480567966880318,0.6564001187004409,0.7636411512023432,0.744478007676709,0.7172164367953756,0.7003913414111036,0.6968129043606345,0.7073964925944665,0.7028138063492558,0.6709125554996884,0.6543838542571246,0.6573434126303609,0.6201762012396934,0.6255574322689412,0.6236967958984778,0.6301635627951041,0.654710196729903
0.2520065060124287,0.19322836181173955,0.16625486299257788,0.18096330503712912,0.17804153593382688,0.24373497305565495,0.21024494498968377,0.19095954392839692,0.1637433044045434,0.1575477720504179,0.2938139074016186,0.3079707719502277,0.29171913838159425,0.2799477481043698,0.2645123785673279,0.2515389597381303,0.26007692449401715,0.2174616305900622,0.1989975538921257,0.21523378194472728,0.1743883581045436,0.12202858566559775,0.09941241588258953,0.09686928660751694,0.08885125207177307,0.3635050202347062,0.3317349285942962,0.2937143271272269,0.2616369781200081,0.21874102931772985,0.32234898575615545,0.32114138098888423,0.28281068776611357,0.20902648263308538,0.19437509317405793,0.66969713626938,0.6594583590445433,0.6528538357872236,0.6472846547222241,0.6192808742182591,0.6918703850863147,0.7048942688646809,0.7377412864566747,0.7346982710906801,0.7338593281439016,0.7502983043869056,0.7440363761810039,0.723097207143203,0.7182392548790809,0.7577503935105662,0.5787441135544459,0.6135579989949299,0.6378141398083716,0.631578053022721,0.639787668779117,0.7568528737008555,0.7384461379489968,0.7068243827627326,0.6899418478452287,0.6905662132200263,0.6949726992137244,0.6899809879279594,0.6645988402873422,0.6543838542571246,0.6344359187215384,0.6096889994392776,0.6114629382449293,0.6109639319360946,0.6175753268453805,0.6419131017815893
0.24596665922723002,0.18630875416266804,0.16027130918697644,0.17772588631055983,0.17804153593382685,0.23308887362588912,0.20420191027018905,0.18500213778939847,0.1564332399741692,0.15147121312732909,0.27925135992237604,0.29098563164588737,0.2750447728019962,0.26153784736146074,0.24123347556306426,0.2374316081929982,0.23113971063660896,0.20947732002677344,0.18749122333452062,0.19114769933944692,0.17125099615910955,0.12202858566559775,0.0971797261970884,0.0911128276767702,0.08775897694037174,0.3539686326225988,0.32346460887043016,0.2937143271272269,0.2553231173096808,0.21874102931772982,0.3121437383630853,0.31145526092458226,0.26308708217358545,0.20902648263308535,0.1871484347546337,0.661040104905561,0.6499704779015011,0.6434888703025752,0.6303418943071665,0.6112221854004263,0.6822156618845304,0.6864703958367329,0.7162287215366995,0.7247434676026949,0.7234069654115834,0.7446947814941127,0.7387193681813075,0.7071821770981858,0.7021236052058721,0.7577503935105662,0.5589750590908056,0.6011021151523415,0.6308401246485524,0.6250096431502428,0.6130682307508725,0.7386382122239435,0.7207825966903973,0.6920081498737486,0.6810654637595792,0.6868727206806046,0.6949726992137244,0.6872428005167395,0.6600675875292064,0.6419941430179431,0.6179516318897759,0.6005946017069717,0.6026198577068873,0.5959570212828916,0.6087331102457133,0.6351363222591836
0.22915699069318765,0.1816675289411863,0.15612310686489922,0.1777258863105598,0.17804153593382685,0.2130630482888896,0.17928438818163356,0.1686902977477327,0.14672510012578324,0.14145328783428524,0.2495167656505859,0.27919497409825483,0.2700763296924956,0.25701925404744297,0.23911235332892594,0.21203519335954632,0.2151867472451225,0.2037993354550777,0.1826163569207202,0.18761827879668613,0.16771436480473242,0.12202858566559775,0.0971797261970884,0.0911128276767702,0.08640311683423041,0.3236478242514039,0.3134845784157763,0.2782610080753101,0.2502670084456547,0.21284434813650452,0.2678394519016699,0.266909580946158,0.2385688957951831,0.17610825822023396,0.16789049847106097,0.6350734931828226,0.6238762943847962,0.6196877898146366,0.6043635271786804,0.570757955907114,0.655986766322807,0.6716981759706813,0.6958117217544771,0.7019311874873927,0.701824804497806,0.7209579346009811,0.7141367806758078,0.6920321258641146,0.6872208155679206,0.729832186240887,0.52989565267499,0.5777303499929388,0.6065342485078559,0.5933067432985784,0.5676712525784101,0.7164342090996219,0.7066269362425178,0.6698905457777733,0.6677600464908846,0.6767318954180723,0.688194957416787,0.6745092801411353,0.6425148867392071,0.6280558873003939,0.6080938035455181,0.5672295776710544,0.5709778153115186,0.5697487971140875,0.577149115993092,0.609186894869056
0.2266330377004346,0.1738691778132211,0.15612310686489925,0.17046601161252675,0.17085448909650955,0.19926421672751896,0.1699437388712451,0.16608839415258075,0.1444285674882931,0.13924279344094997,0.24110100112537702,0.27100767557704003,0.2700763296924956,0.25701925404744297,0.2227843720723971,0.1946581463631285,0.19802710466522652,0.19486641069770316,0.17860853117226588,0.18656610459185122,0.16359264892989545,0.11856216096992524,0.09302051717206804,0.08556340395466154,0.08515862414302422,0.2974194392083894,0.2792095699861316,0.2644111905202652,0.23037959334967603,0.205981598307731,0.24361859131745128,0.24873410531302273,0.22129956823794825,0.1585683901236342,0.15743061753244186,0.6059395932415034,0.5975523432955342,0.5848398280106842,0.5782630699741598,0.5424964128855716,0.6247974044700737,0.6374934108693417,0.6665106800369932,0.6739879099523389,0.6646707957041951,0.6896656547859381,0.6830823776815067,0.6633284418701146,0.6589261857225028,0.6980978091502013,0.517999984168295,0.5424664324415793,0.5737067229113522,0.5575604089993457,0.551907164383657,0.6877582943918513,0.6722453158222907,0.6500543125117829,0.6543481009741433,0.6627304869516947,0.6686931710547726,0.6472527763449536,0.6280158588336362,0.61401920348502,0.5918753741364206,0.5412519172113633,0.542098803359459,0.5411838500999963,0.5492813847583868,0.5746093994515606
0.21799487150008195,0.1617797866815119,0.14587511202252182,0.15922240271369642,0.15870729122796257,0.18955229609863566,0.15397392071625043,0.1586982585208836,0.1417119325762577,0.13924279344094995,0.23166548956098956,0.26438816614109334,0.2644486702036351,0.25701925404744297,0.2227843720723971,0.17866242570578497,0.19802710466522652,0.1948664106977031,0.1786085311722659,0.17632617004282555,0.15754559618115344,0.11219249159506275,0.08931085124239746,0.08356568327676038,0.08058024934439328,0.28930966605236813,0.2741090285506428,0.24269818214185862,0.230379593349676,0.2040688263563832,0.23620019797592248,0.23971508215444834,0.2134394266548985,0.1515177502717199,0.14413334941702266,0.5673702829043878,0.5520456366959465,0.5483387011286402,0.5393321819124837,0.5251478059935544,0.6072947037059201,0.6228402628151045,0.6516852989985348,0.6591531737210716,0.6499928925097395,0.6742852700351618,0.6678150365568097,0.6482471024881521,0.6444983133762718,0.6824788339051285,0.4632075765634448,0.5131777420086553,0.549557514402234,0.530738025501222,0.5152839974444534,0.6729557243509493,0.6574379454568475,0.6288152434719158,0.6291353969829079,0.6313150227386558,0.6402998568322243,0.630393682875966,0.6063645857742237,0.6060852681781728,0.5770575465557809,0.5228818183408545,0.5284656782431216,0.5275084307589049,0.5305297873996926,0.5531365693161271
0.20998063759212945,0.15711201938269287,0.1387131345322869,0.15591730367361353,0.15550133673144487,0.16638857918997868,0.12912111632412546,0.14767943029809397,0.13968074352466922,0.13857002269313767,0.22469102968076407,0.2643881661410934,0.25883929672249245,0.25251873133049035,0.2227843720723971,0.1738325654219424,0.1898566561892518,0.18843497950901816,0.17546218546964842,0.1693911755831746,0.15300077455168604,0.11219249159506275,0.08800466624183678,0.08191820984767151,0.07806947546355987,0.24796435387486548,0.24493519910206524,0.23732077843371982,0.22244169900738034,0.19113698840963214,0.2184638497482758,0.23208388239167208,0.2089145158675938,0.1497026755874984,0.13676437381061682,0.526201235555139,0.5171741098566587,0.5085987942222958,0.4920594448866421,0.4671559869056915,0.5709074969031402,0.586578959033603,0.6255076218561776,0.6243544643932684,0.6211457014327193,0.6453547526549883,0.6383658895293108,0.6186746657158645,0.6152775046281611,0.6543799470311678,0.42071702594405136,0.45442622326218396,0.49440701169217255,0.486226465682998,0.4567759199171925,0.6448829004843358,0.6350314230656817,0.6146009205112906,0.6056718265771024,0.60216678321771,0.6279032335368244,0.616266867909191,0.586694114131362,0.5929279102400224,0.538573355852815,0.47818187501987774,0.47931447793299903,0.47875751821813606,0.48351196441486,0.5211653413730205
0.19665721940983852,0.15711201938269284,0.1387131345322869,0.15591730367361353,0.1542584799205238,0.15085003556838064,0.11945182829098014,0.12641884144113819,0.1307362652539093,0.13648760911131436,0.22027935400156665,0.25841113131879406,0.24379129902038713,0.24055424368852804,0.2227843720723971,0.16797246579100167,0.18198886535242895,0.18134342614897,0.16927992767568947,0.1672571089728238,0.13636184033560197,0.10725209816007635,0.08800466624183678,0.08007346687446291,0.0721204928391697,0.22814294932193716,0.22226039999776512,0.21740573605051394,0.21494332272648545,0.18339883489530745,0.19754076554445,0.21750115278821414,0.20891451586759383,0.14200952400594014,0.13170827972346216,0.48624413890647084,0.48101692749898983,0.4725535508439721,0.4677830129682212,0.4297043406024145,0.5478074788007535,0.5586555693070724,0.595984903069173,0.5970821309070825,0.5928651631275056,0.595023048682345,0.5972753658447609,0.5949872459888422,0.582974005001702,0.622415444614014,0.39813772499757155,0.42710756160165714,0.45542302083882596,0.44803509072987874,0.3997601424124936,0.6147767249167485,0.5928833736999027,0.5816334369792531,0.5692729772997264,0.5790912800036905,0.6166529914178316,0.603919172204363,0.575178096120603,0.5621416287208354,0.49722225015234445,0.4337424371725669,0.44114719725234747,0.43902945591853426,0.44561909286522716,0.48245164013359526
0.1884544994446059,0.14983744643191238,0.1387131345322869,0.1545925406627527,0.14917036185321905,0.1461580163559135,0.11945182829098014,0.12222467207763013,0.11892081489064385,0.12254255810133564,0.21696462790751786,0.25841113131879406,0.2400958940773125,0.23727624986007056,0.21521495182630282,0.1605209641326049,0.1709541465551969,0.18134342614897,0.16429220601643893,0.16053274668362422,0.1344598208482771,0.10364132722788681,0.08378194673631334,0.07695945672350006,0.06838996056643276,0.20596555446569717,0.21348748496160672,0.20551927114850685,0.21076549989649798,0.17397019047131249,0.18678833489035138,0.20191361710046918,0.20368079572710548,0.13477845291337556,0.13170827972346216,0.4475869665661599,0.43968442373533845,0.432564971172712,0.43871428773288623,0.40115433960792335,0.5136854171681676,0.5194191822218301,0.5523959241106986,0.5541699233654958,0.5647647045180101,0.5714268116123173,0.5662310647333089,0.5405344067226866,0.5363989120804832,0.5692037929519579,0.3675823241211748,0.39300811764364163,0.4068569614040774,0.4146179986693674,0.3850531920355283,0.5769801026318093,0.5506148015828282,0.5549070002037638,0.5340521597641411,0.5294824833258932,0.5660026579239196,0.5523031697223011,0.5470307486975365,0.5493268184025779,0.4713894266178167,0.4058745808196674,0.40689895649978647,0.40696773285542803,0.4100483991714057,0.4633439539174671
0.17873808008969191,0.1389703370524522,0.1362206960334163,0.1485802250804114,0.1417771003918158,0.14615801635591347,0.11360170484705509,0.12222467207763014,0.10495565455236663,0.1201990271956829,0.21696462790751783,0.2528474403966193,0.2329968610237077,0.23114935196286823,0.20828663857944468,0.14874152021385026,0.16623061418432664,0.17118121616713983,0.15962461191745267,0.1552694271252666,0.13304202213939142,0.09938429300112214,0.08103942046389445,0.07360017075298456,0.06413336775204144,0.20209513262059173,0.19882662419845232,0.19530809348576672,0.2008351363883154,0.16938169727060826,0.17032611347580232,0.1903847085581081,0.19864127161342257,0.13173696365603518,0.11794362289847773,0.41292030148160447,0.41638721954468344,0.40844751506354854,0.4146865730722365,0.3945351291066956,0.45678703166595597,0.47106035175437777,0.5009165063379369,0.526910002685266,0.5272594748396884,0.5024248341831546,0.514943922958473,0.48458242019747066,0.47730232614420476,0.5273402316271938,0.33442773888035554,0.37975450577283054,0.3934782552934171,0.3776826476104533,0.35482064747871267,0.5355706961514631,0.510040888987659,0.5158369710608788,0.5050997838950003,0.5145315933413476,0.5128244486476838,0.5235030804369408,0.5105505398875004,0.5161011130095038,0.44778412401680273,0.40139200140894155,0.39301619524569575,0.3928715888355403,0.4100483991714057,0.4352893311650707
0.170808531941654,0.1269647215908782,0.12419459891503717,0.13195758539363386,0.14095345629992312,0.140859374428177,0.11360170484705509,0.11712529560843236,0.10372814499749865,0.11237605885621091,0.2169646279075179,0.24036415379137455,0.22476326494082152,0.22319482045444647,0.20828663857944468,0.14874152021385026,0.15919568299583056,0.1628101019565198,0.15962461191745267,0.1528290974529713,0.13304202213939145,0.09763792947356119,0.08103942046389447,0.07360017075298456,0.06413336775204144,0.197084380449451,0.18901217863091363,0.18929111377555904,0.19675747340020464,0.16629272012313948,0.15793972273161708,0.1843711884239476,0.18920002699450572,0.13173696365603518,0.11794362289847772,0.37487287427372384,0.37327821960162916,0.36625796116168025,0.3729694740344733,0.3412656098313177,0.4311340319682937,0.45416769450010397,0.4777291672624079,0.4767169491211393,0.4729206064820906,0.44083137627062013,0.46439896283495213,0.4393868143872133,0.43791192026029546,0.4868409479296752,0.3296017110815188,0.3564494885880384,0.34948845942332996,0.3538897431623885,0.3332677441061705,0.4841927543840157,0.4723006884348889,0.4819921061953651,0.48113450663102664,0.48100538532732057,0.48743479011045077,0.49820620676721394,0.4657564263961306,0.4542744477838811,0.3892733477118612,0.35107168551745493,0.3521513547543799,0.36601035474408133,0.36341087917413445,0.39426120125317754
0.15610464516660788,0.12160816983739668,0.11599172528852196,0.12259914003008379,0.12525832283543364,0.140859374428177,0.10862957541175071,0.11175553893872683,0.10372814499749865,0.10381438303939146,0.21157361887494808,0.24036415379137452,0.2247632649408215,0.21872738503050565,0.20045366900817777,0.14874152021385026,0.14802767151489019,0.16281010195651982,0.15413550632182277,0.14712335380798988,0.13304202213939142,0.09528071650179946,0.07805086277576895,0.07360017075298456,0.060588204613309285,0.18556729961913984,0.18561075550476067,0.1796132231342955,0.1967574734002047,0.1546945496531489,0.15793972273161708,0.17489447402280453,0.18349615768724278,0.12663426382622733,0.11393902469753518,0.3339337711321524,0.3251263994303829,0.32860627915055685,0.33465057080318206,0.2934624915931549,0.39372148727317463,0.4289799952063236,0.4534118608378766,0.42883219771402015,0.45991326061348276,0.400363532538545,0.40100050278479793,0.3852961947602416,0.42449804045728656,0.46270136977880966,0.2928159919864559,0.32927348834696835,0.3146908298162139,0.30746200869795515,0.27524720519563267,0.43854844997397885,0.4595630152697308,0.4405934490140592,0.444523687284734,0.4375457083512589,0.45654745350620324,0.46857126143639377,0.4230939606997755,0.4143361969164923,0.350482673376025,0.3236479500343937,0.3224945286967535,0.32303278309171596,0.322722202406827,0.3533419887698299
0.15375003596558673,0.12160816983739668,0.10554762903499516,0.12259914003008379,0.11839681799567836,0.13454857915621238,0.10465376102953734,0.10808499045981468,0.09980525684037839,0.10292289334704507,0.21157361887494808,0.22867862847117468,0.2191585289192311,0.21872738503050562,0.2004536690081778,0.14502933578070917,0.14364317112238847,0.15451233280272242,0.15413550632182277,0.14196993311361278,0.13304202213939145,0.09155637298993191,0.07415972095069552,0.0708808383315374,0.060588204613309285,0.1764414521948981,0.17961836786567073,0.17453001097849868,0.1851980274890688,0.1519764368955597,0.15793972273161705,0.17489447402280453,0.1771501792349098,0.12663426382622733,0.1139390246975352,0.2806437540111131,0.27681015338414333,0.2889008207820823,0.2620150929627135,0.2610255564004135,0.3677173437001522,0.3757189559051857,0.40095526330700715,0.40133618058135273,0.42172457411196423,0.35220554938467546,0.35875880399138926,0.34998485335040813,0.38334715230081584,0.4013060112500059,0.28150904242427544,0.2723920509984343,0.2761297071363056,0.28824766744553304,0.2363850982405004,0.41188478433322684,0.4379734255051616,0.42292027258980075,0.42239657776387246,0.4016006098545806,0.41661578738629734,0.42766855078457455,0.38951512479648787,0.37954323260713235,0.3276052433182374,0.29005893703614144,0.29009531850552056,0.2795606103296159,0.2888057216610449,0.31346912729881693
0.14062033178464395,0.10876500458948866,0.10554762903499515,0.11933519419236834,0.11052250643343571,0.12905057005077514,0.0927798415251683,0.10442189754216745,0.09763321584366247,0.09779870729235202,0.21157361887494808,0.22616950151629966,0.213729994953222,0.2151083562736408,0.19167160782106088,0.14502933578070917,0.1402912709536274,0.15275169069683178,0.14785886983696622,0.13584757074498793,0.1272787877828722,0.08928344743345268,0.07120337263076748,0.07021813726358495,0.05999117017845546,0.1687440114222875,0.17273873812368115,0.17453001097849866,0.18519802748906877,0.14878585818112625,0.14917708764142923,0.16343249078863034,0.17456502733308316,0.12403674137956465,0.11047054929067032,0.2466640358916261,0.24291952569500525,0.24497905105588363,0.23939323403000046,0.22506831901984442,0.3316550611862827,0.349588983370956,0.3728969823566001,0.3890999511552817,0.3965041063259636,0.31557074164943005,0.32986614204623943,0.3212228931667231,0.3265033576061374,0.38513397423425627,0.2395036653853606,0.24481884720762614,0.25373126246220373,0.2649338023204388,0.20971555032239836,0.3685205707240405,0.3924481121971997,0.36938841902374636,0.3974486793822402,0.366267105891057,0.36196917730373696,0.3849599884051687,0.3605962753402971,0.35546460501350713,0.3002536789338311,0.2548627458239263,0.24510376740727793,0.24573336831240122,0.2519924194122181,0.280518059119388
0.13321459202436312,0.10399636625122381,0.10041512715609593,0.1053130561692816,0.10565179947305538,0.1187519082841414,0.09277984152516831,0.10294608991781674,0.0976332158436625,0.09779870729235202,0.20144466809376615,0.22616950151629966,0.21372999495322198,0.20954559817538154,0.1859714259426642,0.13766682122873347,0.12835777401602472,0.15275169069683178,0.14785886983696622,0.13074716980733064,0.12321906887880385,0.08928344743345266,0.07120337263076748,0.06469151084319993,0.05999117017845546,0.1687440114222875,0.16631308398339148,0.16929602783244121,0.1851980274890688,0.14878585818112625,0.14917708764142923,0.16343249078863034,0.16993679063808223,0.12403674137956465,0.11047054929067032,0.22159389839262697,0.218004004296995,0.2207191004629139,0.21896674807457117,0.21360276072587125,0.3074074922832963,0.3137057371961565,0.33339012963819403,0.3590900471829178,0.3340414311599098,0.2878355925827368,0.28334797589848526,0.2749226935955268,0.29011690981787264,0.3274341528306448,0.19759294052382848,0.22140626123103818,0.1920795033537589,0.2306034977204122,0.1864598144951464,0.3074732262109243,0.32386362323329454,0.3409120277275127,0.360018378964491,0.32579939806587876,0.342395381801274,0.34870740099598885,0.3419177545192398,0.3352265278388036,0.26691118203837944,0.23264978645007,0.23189332128849907,0.22983369008270865,0.2418627213939853,0.25998471273792345
0.12578109273766636,0.09490955598549285,0.0976004624195315,0.10295433015582352,0.10150919591812162,0.11503309630200688,0.0873301270672132,0.10294608991781674,0.09327982487959377,0.09707837005905592,0.19759968275937778,0.22616950151629964,0.213729994953222,0.20954559817538154,0.18597142594266414,0.1325515090860509,0.12388416394605684,0.15275169069683178,0.14350954320035336,0.13074716980733064,0.12113422766428301,0.08928344743345264,0.07041803272704822,0.06139423690767238,0.05999117017845546,0.16874401142228748,0.16631308398339145,0.16423415388799356,0.1851980274890688,0.1389604628889944,0.14324752565431753,0.15686357943803705,0.16797838981890265,0.12403674137956465,0.11047054929067031,0.202640336513151,0.20865699105131125,0.19640342866268576,0.19658288052704662,0.18821406068939633,0.28838657932564427,0.2765299846502804,0.29346257136889753,0.3158860584721289,0.2842664695531344,0.23491399717873923,0.24297405526110913,0.2508792205096707,0.2561362721762025,0.29807712540432674,0.19058084641638842,0.19164749647147514,0.1773331762849226,0.18163329356497213,0.15411812854906673,0.2555742475890181,0.28295302453805654,0.29009357872301966,0.3087297906676338,0.2867949942017737,0.3241688643532398,0.30972864244943143,0.2929075020349985,0.31742039345858397,0.25567535701494876,0.23264978645006998,0.2219341905283184,0.22218898186800465,0.22999651528704837,0.22954913349733824
0.12578109273766638,0.0920925218796359,0.09380561731133734,0.09854797792865709,0.10150919591812163,0.10731742359269711,0.0873301270672132,0.09218959202406392,0.09327982487959377,0.09576354275826594,0.18636347616836876,0.22193990551752465,0.2073996369310587,0.20466136555303385,0.1797387755943731,0.1325515090860509,0.12388416394605684,0.15072198050347047,0.14095264716669417,0.12022792338280147,0.12113422766428301,0.08928344743345266,0.07041803272704822,0.06139423690767237,0.05822719544895994,0.1544745574509857,0.16286364814017204,0.15639314678170851,0.17955531774498346,0.134705255624789,0.13741634338904798,0.15359881979426784,0.16461751859751456,0.11905618342017778,0.10795321569541459,0.17873396094337793,0.18291512730494883,0.1838850524886822,0.1837385095698218,0.17579209431692303,0.2720988874307993,0.26298975241646194,0.2561684110137279,0.24753579657956126,0.2369456075470606,0.19581028014155355,0.2153158395320657,0.20974054921608853,0.19004310542014902,0.2411457416791134,0.1732286001451814,0.1627368004362749,0.15573052470269,0.16488430070084886,0.14244706703748908,0.22811279422765998,0.22734728289100958,0.2549179619615925,0.2676209363865366,0.26799146799990353,0.27436880386890755,0.27336770302213703,0.2668866134803526,0.2811614285055581,0.23604142324812874,0.21669629181014569,0.20533000121056033,0.20571389466350298,0.21012543514090196,0.21839919043070768
0.12578109273766638,0.09209252187963593,0.08834275932756963,0.0965014205899186,0.09628219952718761,0.10731742359269711,0.07974368701617261,0.09218959202406386,0.09327982487959377,0.09030444941280802,0.18636347616836876,0.21561510211900947,0.20348826071989573,0.2046613655530338,0.17406588777253026,0.1284795076406207,0.12227621133148081,0.14918662194069296,0.1409526471666942,0.12022792338280147,0.12113422766428299,0.08928344743345268,0.07041803272704822,0.06139423690767238,0.0546531665428045,0.1544745574509857,0.15991607779583994,0.15639314678170851,0.17778086390903644,0.1284929305162492,0.12414537650605563,0.1442069621576352,0.16461751859751456,0.11905618342017778,0.1079532156954146,0.1692037137863968,0.17640242906046366,0.16539972861541188,0.17168045788117883,0.16045206977146084,0.23725391369048882,0.22679620332309433,0.20763000223845862,0.22513151685381527,0.2369456075470606,0.18831904305690117,0.17969009874701622,0.1697720212197795,0.16489654175137486,0.22012477878730866,0.1543842320983408,0.12423731413418675,0.15573052470268997,0.15796976853149364,0.13309579434514193,0.19843010190829954,0.2042859876915796,0.2419364455726721,0.23821364151920663,0.23664462622862223,0.26376401995806975,0.26206637215585504,0.2504512571305334,0.26119265093012256,0.2233924743059526,0.19838374890895744,0.1934054984577255,0.19014450066111976,0.19837521513377115,0.19584931777116868
0.1231954474878399,0.08818993690017131,0.08834275932756962,0.09233079382542345,0.09628219952718761,0.10731742359269711,0.0797436870161726,0.08697690111294648,0.09327982487959377,0.08827287278485267,0.18504254122051575,0.21241859796576174,0.19704224930505973,0.2006188909816291,0.1740658877725302,0.12420539931560774,0.12227621133148081,0.14267855969060303,0.1409526471666942,0.11519325794283809,0.12113422766428299,0.08928344743345266,0.0704180327270482,0.06139423690767238,0.054653166542804506,0.14777087060322827,0.15171933454508255,0.15255217036272634,0.17595576834036084,0.1217179803749035,0.12414537650605563,0.14086305554787143,0.16040669118380804,0.1157572181683511,0.10458308211964391,0.14484887550263653,0.14987483643510743,0.1477450039938064,0.149058646472757,0.15325219775278465,0.19963874469163748,0.18871632966175775,0.19630779604851342,0.21289979417331245,0.20986914865963915,0.159958779564218,0.1639876945686923,0.15821154726522038,0.15387790906395749,0.1910282527148187,0.14374594393647566,0.11843877822013868,0.14599091850293056,0.14760363066215337,0.12613092261849823,0.1669968246494078,0.18605560389979756,0.20939977526214898,0.19997362670860117,0.2037575781539221,0.24132637226319786,0.2228579231963683,0.23174608525494178,0.2347203737425289,0.20525899012023827,0.18130298411218657,0.1845463877398063,0.1787377801417876,0.18669848222090385,0.18413942958360763
0.11739772279957698,0.08683421538360207,0.08496828711867002,0.08883353736771793,0.08998154442189707,0.10731742359269711,0.0756913241695944,0.08575173550400815,0.09180231651330349,0.08633137598562131,0.17691367366860586,0.2124185979657617,0.19704224930505973,0.18943521362848817,0.1709511839660905,0.1212688870546267,0.1222762113314808,0.142678559690603,0.14095264716669417,0.11331474309095285,0.12113422766428299,0.08928344743345266,0.06703985528328435,0.06139423690767238,0.0532560282644219,0.1399229928354189,0.14595106516132428,0.15255217036272634,0.1739174851584432,0.12171798037490347,0.12414537650605563,0.14086305554787143,0.15062289382165134,0.11575721816835113,0.10458308211964391,0.12804677764155958,0.12649576458454212,0.1369379356781419,0.136605087866846,0.1405638447959726,0.16069438974810468,0.16390614215238566,0.1686731819906874,0.17897461374933546,0.17315433690865636,0.13470427480291505,0.13010623452454684,0.14535360953756413,0.13974509650314082,0.15976571192673358,0.13123371776345086,0.10938210782810807,0.12462241553988349,0.12777235864298656,0.11401531851645728,0.1669968246494078,0.17479025364322473,0.206019752754217,0.19663646306881136,0.19367695267711885,0.22850390371302426,0.21320624798020657,0.20899052189148448,0.2104216639904971,0.19791923305128994,0.17666493801681207,0.1678835744618817,0.16756487378978885,0.17499236903653118,0.1510460448798743
0.11739772279957698,0.08138932924642793,0.08496828711867002,0.08883353736771796,0.0854894605172899,0.10233974569602089,0.07094186619328333,0.08575173550400815,0.08903105570757379,0.08303903630874479,0.1760666701049433,0.2124185979657617,0.19495111977919852,0.18943521362848817,0.16647773935752078,0.12126888705462668,0.1200342730877618,0.13579883888005012,0.1366762001569779,0.11331474309095284,0.11882942959105353,0.08506774623736345,0.06556168416489869,0.0590026922829299,0.049636099323060984,0.13437162462158997,0.14107038809038394,0.14447333458569317,0.1739174851584432,0.12171798037490347,0.12062376924179363,0.12890217960629002,0.1468335363942932,0.11575721816835113,0.1045830821196439,0.1174318786598549,0.11564805012805501,0.12354748574105927,0.12209426912166912,0.12719868407167675,0.15404460341446288,0.15413093410250195,0.12789615082161357,0.15431641688944545,0.1524922358462668,0.12303345161757333,0.10353083228637851,0.1148217491811481,0.11995667901597358,0.15251231059817574,0.1066562000864807,0.10044730574725301,0.10778733010420243,0.11716945452532909,0.10530507420689311,0.12656911078240404,0.14195218594368716,0.1956840832698593,0.18571775196613854,0.18269848832421431,0.21008758773761435,0.20070142356605464,0.20018373085915667,0.19037770073050944,0.19166989836009585,0.1686831297364017,0.16226157216633558,0.1618853652434466,0.16933545201226824,0.1389469155046514
0.11739772279957698,0.07603108249998253,0.07956837932176222,0.08817879176140274,0.08211973887613916,0.10233974569602089,0.07094186619328333,0.08575173550400815,0.08609285540131405,0.0811775352830875,0.17606667010494334,0.20431385191717916,0.19129305298527244,0.18302187320987082,0.16285870740779232,0.11495163948135616,0.1200342730877618,0.13579883888005015,0.1366762001569779,0.10734258400180113,0.11391817551857553,0.08169497391747012,0.06221701350009327,0.0590026922829299,0.04728086779306358,0.12910218094943368,0.13875527514044514,0.1406276327371565,0.16817407351190816,0.12171798037490347,0.12062376924179363,0.12890217960629,0.14683353639429317,0.1157572181683511,0.10458308211964391,0.10830684449744038,0.10659891118015336,0.1027788958819272,0.11043482585028093,0.12719868407167673,0.14602492527801686,0.13051590868096372,0.12044884786537867,0.12096289718239854,0.14212072483814572,0.08528939015483034,0.09638558209761021,0.09119824853898066,0.09945558165458043,0.13089305582229957,0.09644656107364498,0.10044730574725301,0.0983179969720039,0.10330280638971037,0.09715093857918568,0.10781882182379489,0.13261521658366018,0.17749501252448044,0.16778226917848854,0.1735658721575896,0.1785657742169016,0.160158319743139,0.18824309154723892,0.17394008991017096,0.1846724345193217,0.13025253062918607,0.14897468734303787,0.14857419765857074,0.13736578123781534,0.13172379839106335
0.11501928323768279,0.07168066467256537,0.07956837932176222,0.08817879176140274,0.08211973887613915,0.10233974569602089,0.07094186619328333,0.0834638073863401,0.08609285540131405,0.07499116037597733,0.17327237538331816,0.2013042148672298,0.1808638248209796,0.17659415695934785,0.16285870740779232,0.11349128410156747,0.1182960368447562,0.13579883888005015,0.1366762001569779,0.09865538004445759,0.11391817551857553,0.08169497391747012,0.062217013500093274,0.05505535717170806,0.04728086779306358,0.12177184729085874,0.13213613940010743,0.1406276327371565,0.1681740735119082,0.11361276918406885,0.11300097863766899,0.12890217960629,0.14254905215658362,0.10703040771762594,0.10367041587004064,0.08921078532606334,0.09811348196324703,0.100219406328214,0.10632867796748616,0.11884368967390016,0.13683608416667145,0.10000145448548663,0.11088243196469588,0.12096289718239854,0.13085333712697184,0.07693118587675593,0.07459337342496844,0.08055622567671329,0.09945558165458042,0.10005877762806775,0.09644656107364497,0.09010142172712272,0.08698144383416095,0.08411675242353606,0.09296646810586093,0.09692022208966923,0.11223047251740279,0.1640638534791786,0.16035161422409341,0.17356587215758962,0.14627241203264582,0.15040959959482172,0.18080595593235066,0.17394008991017096,0.1704294124179906,0.12561448453381158,0.13300822540207732,0.1301530387748777,0.12189115184769592,0.12131290920621159
0.10635213775949474,0.07168066467256537,0.07872176672071658,0.08696573764438266,0.08211973887613916,0.10233974569602089,0.06908910296891761,0.08046235670558648,0.07948784169250238,0.07499116037597733,0.16994115959216013,0.20130421486722982,0.1808638248209796,0.17659415695934785,0.16285870740779232,0.11092273554831884,0.11600519111695216,0.13579883888005015,0.1366762001569779,0.09707779954353431,0.10585279555758137,0.08169497391747012,0.06221701350009329,0.05486290855510114,0.044673313131806516,0.11737728046878979,0.13213613940010743,0.1309817560881306,0.1603671990590473,0.11320274982327264,0.11175763510078851,0.12890217960629,0.1379089577200221,0.10703040771762594,0.10367041587004061,0.08921078532606334,0.08785601852165256,0.09735937588274209,0.10632867796748616,0.11024818768339241,0.11496512847732285,0.10000145448548664,0.09378938171884502,0.12096289718239857,0.10930813591388065,0.07693118587675592,0.06860873491367919,0.06941204676941577,0.07986505858710266,0.09134154145995955,0.08147339794882465,0.0848579890758305,0.07514053274438272,0.08411675242353604,0.07819470241674535,0.09692022208966923,0.11223047251740279,0.1352851682513956,0.14748669463715758,0.16842744324728387,0.13907011381014753,0.13984112606434487,0.14972676989550815,0.1530049570421063,0.16020103016739073,0.12126113590946345,0.12306859364419638,0.13015303877487772,0.12189115184769592,0.11069922754323538
0.10423594284291239,0.06913958799890682,0.07742943587114139,0.08356838913630679,0.0763790842026842,0.09815181845828498,0.06908910296891761,0.08046235670558648,0.07620973831713873,0.07499116037597733,0.16994115959216016,0.20035770685344084,0.17403361932957115,0.17017904433407757,0.16285870740779232,0.10986083422057344,0.1133036996912604,0.13579883888005015,0.13456894938148767,0.09707779954353431,0.10381817939194213,0.0785796335778505,0.06221701350009329,0.05445664496025059,0.044673313131806516,0.11398946645480074,0.1286500437555909,0.12774464421246642,0.1556049482194796,0.11320274982327262,0.11175763510078852,0.12307225024186969,0.13424847007245824,0.10703040771762594,0.10367041587004061,0.08379822024372807,0.08243283807999958,0.08948272792114757,0.09652990944467442,0.09345224945714589,0.09833391716679415,0.10000145448548664,0.08318783843906892,0.11144359113646114,0.10930813591388065,0.07045528088124395,0.060954248011524145,0.06941204676941577,0.0735286748180287,0.09134154145995955,0.07434071172490204,0.07123644635526306,0.06730127297849689,0.07024937174035822,0.07819470241674535,0.08997509868075242,0.10378964180408311,0.12810423644038144,0.12757479590816742,0.1469556407007208,0.13250713535120107,0.13146016319380752,0.13946733105928044,0.14663008318218046,0.16020103016739073,0.10906309687936995,0.11439997414969638,0.12250462341865462,0.10873613147289554,0.11069922754323538
0.1029509678690771,0.06386460762060342,0.07542211173863422,0.0835683891363068,0.07399872660451381,0.09658656587044086,0.06908910296891761,0.08046235670558648,0.07620973831713873,0.06928048447781865,0.16710786255843277,0.19704623491501821,0.17403361932957118,0.1677739326747066,0.1628587074077923,0.10745738682827516,0.11330369969126043,0.13196946764141815,0.12985145538824763,0.09077498675336887,0.1017293546729587,0.07857963357785047,0.059659083851338925,0.05376291844165302,0.04467331313180651,0.10804816231961482,0.12402371642380723,0.12169742300380183,0.15097227640391606,0.11139653493586413,0.11175763510078851,0.12032773866064544,0.13132047508005873,0.10322663033376026,0.10367041587004064,0.08081409531038253,0.07945290232805156,0.07995526702892033,0.08836337072015601,0.08455626730383545,0.09044782136582102,0.09386714413867542,0.08318783843906892,0.09195114301883733,0.10930813591388067,0.06500015439451223,0.06095424801152414,0.06378481694189635,0.07352867481802869,0.08181698246554488,0.0633766163274801,0.06253124903474838,0.06730127297849689,0.07024937174035822,0.07702921841639036,0.08176655677929014,0.08553735162701365,0.09915392391656694,0.11403992461714547,0.1396472634750462,0.12537675169798734,0.12627410376080608,0.1231170507959265,0.12997491456039464,0.15269566530042228,0.09949422804625473,0.10396225450791113,0.10378735485354117,0.09726712385212216,0.1023451614758607
0.10295096786907712,0.06082264681645485,0.07283127086011512,0.07820347542064197,0.0732031578415666,0.09575679317873899,0.06908910296891761,0.07638319593666094,0.07620973831713873,0.06827150069502606,0.16710786255843282,0.19188587100107674,0.16729310228595481,0.16506259022750913,0.1580283522171106,0.10745738682827516,0.11330369969126043,0.13196946764141815,0.12985145538824763,0.0882221744187342,0.09945076519604201,0.07857963357785047,0.058849041120429664,0.052379602192280675,0.04177345247182844,0.10804816231961487,0.1180793938307007,0.1216974230038018,0.15097227640391606,0.11139653493586414,0.1077934846758431,0.11736622223700456,0.13132047508005873,0.10322663033376026,0.09827767634501268,0.07192609243618689,0.07945290232805156,0.07709523658344843,0.08225879785166146,0.08455626730383546,0.071790203050155,0.07534019349157005,0.07864058617976534,0.07529576602363881,0.09851930611733725,0.05895674349237418,0.05498651721581177,0.05225683055565162,0.0658860512329072,0.0758822435315709,0.0633766163274801,0.054164375257673994,0.06730127297849689,0.07024937174035821,0.06453615999285292,0.07140129273865962,0.08553735162701366,0.09139996769128697,0.08928255724864224,0.13369437841322632,0.11787009383226556,0.11018661699478308,0.11532023984582601,0.12402673309262918,0.1526956653004223,0.07919506884879188,0.08562451799566022,0.09454523119168019,0.09298264110115118,0.08495089767671611
0.10020445782088028,0.06082264681645485,0.07283127086011512,0.06998762070319023,0.07110577115003734,0.0948790291144884,0.06660520884625946,0.0738705118365837,0.07620973831713873,0.06827150069502605,0.16710786255843282,0.1866360112396731,0.16242948597081602,0.16034618788671368,0.15738525952325721,0.10745738682827514,0.11032439482313607,0.1317219820749848,0.12812575248292313,0.08651786280053919,0.09674516847206673,0.07857963357785047,0.05884904112042967,0.052379602192280675,0.04028784109071632,0.10804816231961485,0.1155218186451773,0.12169742300380182,0.14727943923899808,0.11139653493586414,0.1077934846758431,0.11736622223700457,0.12176681039944756,0.10322663033376026,0.09827767634501268,0.06800876622710755,0.07082385421625001,0.0733940393747868,0.07814296188224816,0.07972164300650535,0.071790203050155,0.07534019349157005,0.07125174286084116,0.06743096402129667,0.09851930611733725,0.047599191630894544,0.04978347259039445,0.05225683055565162,0.06588605123290718,0.0724694942930981,0.0633766163274801,0.054164375257673994,0.06479769909715515,0.06464156783123054,0.06453615999285292,0.0641059729569422,0.08553735162701365,0.08190796786823651,0.08522895352457213,0.11890630789146214,0.10898837083825172,0.09956381975678535,0.10764592391481995,0.11815955086310968,0.14249808798978061,0.07919506884879188,0.07976464211666945,0.08869731222155176,0.08334738135240552,0.06798000932340158
0.09637465364612945,0.060822646816454856,0.06623334844245905,0.06998762070319024,0.06801624325075493,0.09487902911448841,0.06497832640589149,0.07167329525884812,0.07199032012033343,0.06428001357883821,0.15986323854181214,0.18513253045348574,0.14653647761778804,0.1545737331837393,0.15338563105276706,0.10745738682827514,0.10723405309589827,0.12562615005480574,0.12812575248292313,0.0865178628005392,0.09442714935205716,0.0767124515815888,0.057389892275199056,0.052379602192280675,0.040287841090716314,0.10804816231961487,0.11337277816182574,0.11704418509039757,0.14248406924771698,0.10630362530225382,0.10634224987765645,0.11399721702056398,0.11496399887496715,0.0991174395419696,0.09408800775298284,0.06800876622710755,0.06329160291868337,0.0660232771151765,0.06224618404689642,0.07695160680000633,0.071790203050155,0.06801323739154429,0.06978504850116704,0.06743096402129667,0.0827598643142856,0.04642241291274915,0.04978347259039445,0.051401597987759,0.05913308469156957,0.05603826731345564,0.058514725329503615,0.05112994867348637,0.0590012343960991,0.06464156783123054,0.06335682984328193,0.056811550585277516,0.08553735162701366,0.07081647788366399,0.08522895352457213,0.11387147073129887,0.10071511233618721,0.09956381975678535,0.10022705889601947,0.11421394918752784,0.13632719709293875,0.07919506884879188,0.07976464211666945,0.08869731222155179,0.0828622663657235,0.05896528944863891
0.09475728261083617,0.060822646816454856,0.06623334844245905,0.06998762070319024,0.06544689088973672,0.09487902911448841,0.06497832640589149,0.07167329525884812,0.07199032012033343,0.061944585447061995,0.15986323854181214,0.18513253045348574,0.14653647761778804,0.14959402283481155,0.151835739331506,0.10745738682827514,0.10723405309589827,0.12562615005480574,0.12812575248292313,0.0865178628005392,0.09442714935205716,0.07551881249274486,0.05400168744710277,0.04897817835723927,0.03837293971782089,0.10459635793569415,0.10910094580238099,0.11146289501795434,0.14248406924771698,0.10630362530225382,0.10634224987765645,0.1107996966171452,0.11107907349463313,0.0991174395419696,0.09408800775298286,0.06426445552610092,0.05982372350617265,0.0660232771151765,0.06224618404689642,0.07695160680000633,0.05764183231835282,0.06407626200392101,0.06978504850116704,0.0587242556664035,0.06721230498884255,0.04642241291274915,0.04978347259039445,0.046837743906155915,0.04892829986999302,0.05360213412121267,0.05600558817897384,0.0486980017904597,0.058132176296039166,0.06464156783123054,0.05117508585190783,0.056811550585277516,0.0762133489060165,0.07081647788366399,0.0803384423730287,0.10870344417607868,0.0814644363493942,0.09414772863582456,0.1002270588960195,0.11199419048331212,0.12476562583592332,0.07919506884879188,0.07976464211666948,0.07356090435762522,0.0828622663657235,0.05896528944863891
0.09475728261083617,0.05839037757825405,0.06623334844245907,0.068393156647129,0.06544689088973672,0.09292769233074871,0.0632289300551994,0.07167329525884812,0.06933285752865392,0.061944585447062,0.1542042123245283,0.18513253045348574,0.1420547326232574,0.14359083160173766,0.151835739331506,0.10745738682827514,0.10723405309589827,0.12562615005480574,0.12543272281737325,0.0865178628005392,0.09442714935205719,0.07408478196784463,0.050991195420733076,0.04897817835723927,0.038372939717820895,0.10169674190739515,0.10910094580238097,0.10569317702383219,0.14248406924771698,0.10630362530225382,0.10634224987765643,0.1107996966171452,0.10923826758784996,0.09554555435619584,0.09092939588315996,0.06426445552610095,0.059823723506172655,0.05818623107155353,0.062246184046896406,0.07165855833131875,0.05227279110557327,0.06298191756300686,0.05660003527797248,0.050909794742850796,0.06290572479929042,0.04450773032953378,0.04978347259039445,0.045982511338263296,0.04892829986999302,0.05111868195221794,0.05600558817897383,0.0486980017904597,0.05649766051475735,0.061135598296331785,0.05117508585190783,0.049907288673770554,0.07028127170797836,0.05863719674744687,0.07690325981968536,0.10206906026248593,0.0814644363493942,0.08511313059646855,0.09126726348996626,0.10485673765745136,0.12050672078585303,0.06537126243544532,0.06592836251905948,0.07356090435762522,0.07747634654746388,0.05896528944863891
0.0898051613009354,0.05839037757825405,0.06545679313596332,0.0655282344266501,0.06544689088973672,0.09292769233074871,0.0632289300551994,0.07167329525884812,0.06933285752865392,0.057491022779182464,0.1542042123245283,0.181589957016566,0.1378677966763556,0.1435908316017377,0.14947666985478078,0.10163589239913606,0.10723405309589827,0.12562615005480574,0.1191540199503692,0.0865178628005392,0.09442714935205719,0.06994364857380408,0.050991195420733076,0.04897817835723927,0.03517551726413368,0.09834278409282478,0.10910094580238097,0.1056931770238322,0.14248406924771695,0.10262838318667872,0.10634224987765643,0.1107996966171452,0.10835018741070773,0.09554555435619583,0.08879047962238483,0.05654185896770133,0.059823723506172655,0.05818623107155354,0.054577261270688945,0.06321872811506937,0.0468274098921816,0.058650742271338804,0.04922868984003747,0.050909794742850796,0.059813027725832496,0.04450773032953378,0.04978347259039445,0.04598251133826329,0.04786059107099682,0.048707754923316596,0.054050279391608426,0.0486980017904597,0.05317537717922101,0.053258660629041533,0.05117508585190783,0.049907288673770554,0.07028127170797836,0.058637196747446885,0.07690325981968536,0.09447933417308206,0.08146443634939421,0.07583621963375894,0.0750973472290677,0.10485673765745138,0.1138162199917106,0.05889916342501472,0.05940500717926137,0.06699893871660682,0.0774763465474639,0.05896528944863891
0.08980516130093541,0.0577499286328478,0.06545679313596332,0.0655282344266501,0.06544689088973672,0.09292769233074871,0.0632289300551994,0.06810459553536954,0.06933285752865391,0.05550544804254041,0.1508721068828901,0.17489181797675923,0.1328055324812568,0.1405633878010746,0.14811989904779269,0.10163589239913606,0.10723405309589827,0.12562615005480574,0.1191540199503692,0.08406375683768008,0.09180545328426191,0.06786964380852607,0.05099119542073307,0.0465388970962746,0.033338558901993644,0.09834278409282478,0.10424071624149395,0.10569317702383223,0.13959802301971996,0.09979364170788944,0.10413472411815022,0.1107996966171452,0.10835018741070773,0.09554555435619583,0.08879047962238483,0.04285512194645218,0.052346760127665884,0.05818623107155354,0.054577261270688945,0.06321872811506936,0.04593384603738628,0.052907163396932674,0.04922868984003747,0.050909794742850796,0.04926597308262651,0.04344783957206948,0.04401124921857641,0.04598251133826329,0.047860591070996834,0.04542711607454244,0.047236277881079564,0.04598128918470397,0.04870704656062318,0.04571278892505365,0.05117508585190784,0.03466177156088892,0.06371122092625094,0.058637196747446885,0.07690325981968536,0.0872353576707245,0.07770864203338441,0.06703531620613516,0.0750973472290677,0.09151205917436728,0.10854701680968346,0.05889916342501472,0.059405007179261365,0.06253939269428667,0.06661816394277889,0.05475303813955214
0.08746777970024235,0.0577499286328478,0.06545679313596332,0.06552823442665011,0.06544689088973672,0.09292769233074871,0.0632289300551994,0.06561202235741187,0.0669440035576461,0.05550544804254042,0.1508721068828901,0.1720613677377318,0.1328055324812568,0.13549533342446338,0.14811989904779269,0.10163589239913606,0.10723405309589827,0.12562615005480574,0.11596884194976359,0.08406375683768008,0.08829257658479107,0.06548544270229448,0.04874071871313897,0.0465388970962746,0.033338558901993644,0.09787014126586582,0.10037518450204293,0.10326748300537603,0.1354207849467046,0.09470544065818262,0.09953953779814731,0.10797709988594048,0.10835018741070773,0.09554555435619583,0.08879047962238482,0.04285512194645217,0.052346760127665884,0.054662224196057055,0.054577261270688945,0.06321872811506936,0.04593384603738628,0.052907163396932674,0.04922868984003747,0.050909794742850796,0.04926597308262653,0.03715275445784426,0.043087478469031916,0.045982511338263296,0.04700905528493104,0.04542711607454244,0.047236277881079564,0.045981289184703976,0.046046927256658716,0.04571278892505365,0.04885306794184169,0.034661771560888906,0.06371122092625095,0.052117129192555726,0.07150621205077622,0.08358774332068333,0.06294225445519885,0.06703531620613516,0.0750973472290677,0.07731463368146188,0.10854701680968348,0.047251311679139915,0.0549837053710134,0.050931860957948286,0.05935597155950085,0.04155036919456708
0.08746777970024235,0.057749928632847815,0.06451405748107071,0.06489215355297015,0.06544689088973672,0.09009006587862088,0.0632289300551994,0.06286979916499601,0.06310333776686573,0.05348541297894604,0.147699256382937,0.1707221306923004,0.1328055324812568,0.13549533342446338,0.145202738702795,0.10163589239913608,0.10723405309589829,0.11681753699619445,0.11596884194976359,0.08406375683768008,0.08829257658479107,0.06287639105309127,0.04874071871313897,0.04396553785589769,0.033338558901993644,0.09630711146984514,0.10037518450204293,0.10326748300537603,0.13542078494670462,0.09165645682838602,0.09953953779814731,0.10797709988594048,0.10459133493998071,0.09554555435619583,0.0848852205058665,0.04285512194645217,0.048899597335829784,0.054662224196057055,0.0508683702572424,0.05900725997914474,0.04593384603738628,0.04662650954386967,0.03562513798503434,0.04878685961304141,0.04926597308262653,0.03715275445784426,0.043087478469031916,0.0452195093586264,0.04700905528493105,0.04542711607454244,0.047236277881079564,0.04598128918470399,0.046046927256658716,0.043101053378032946,0.04885306794184169,0.034661771560888906,0.057697221837994785,0.05211712919255571,0.07150621205077622,0.07531122752329704,0.054526425778875544,0.061093949017506324,0.0750973472290677,0.07731463368146188,0.10289816201846948,0.047251311679139915,0.05088178346777943,0.047698173497666564,0.05518338087529991,0.04155036919456708
0.08746777970024235,0.05774992863284782,0.06093600159397622,0.06489215355297015,0.06544689088973671,0.08928432233140218,0.0632289300551994,0.06286979916499601,0.06310333776686573,0.05161814785980021,0.147699256382937,0.16591764353649233,0.1279073204254768,0.13549533342446338,0.14520273870279504,0.10163589239913608,0.10723405309589829,0.11681753699619443,0.11596884194976359,0.08406375683768008,0.08829257658479105,0.059704606892665824,0.045784636712768806,0.04131680999965644,0.033338558901993644,0.09223068446197386,0.10037518450204293,0.10326748300537603,0.1330798227299123,0.09165645682838605,0.09953953779814731,0.10797709988594048,0.10459133493998071,0.09554555435619583,0.08298500751344107,0.04029494519826063,0.042395164816265124,0.04378336156394313,0.05047213831488401,0.05900725997914474,0.04593384603738628,0.04058996662954282,0.031018350025192837,0.044811951345431346,0.04624216051052165,0.03178208095226577,0.043087478469031916,0.045219509358626404,0.047009055284931045,0.04309274215101532,0.047236277881079564,0.043674325655871406,0.04000807042964331,0.0369935967954475,0.04885306794184169,0.034661771560888906,0.051939943689482626,0.05211712919255572,0.062468828412067176,0.06630976209045693,0.053332839836377606,0.05484381541338499,0.0750973472290677,0.06779071465150857,0.09604777893803186,0.043286530387864904,0.0468030282546805,0.046439416950853775,0.05518338087529989,0.03730230397137955
0.08342065685169064,0.057749928632847815,0.05923972171433662,0.06209996018235377,0.06249804665556893,0.08752049593114201,0.0632289300551994,0.0594962465531663,0.0603469340083381,0.05161814785980021,0.14354084979910284,0.16265154056399264,0.12790732042547678,0.1354953334244634,0.14520273870279504,0.10163589239913608,0.10723405309589829,0.11681753699619445,0.1117005159340946,0.08281968437688755,0.08701949587044717,0.059704606892665824,0.04276015637055694,0.04131680999965645,0.033338558901993644,0.09223068446197386,0.10037518450204294,0.10084274601417388,0.13307982272991228,0.09165645682838602,0.09953953779814731,0.10797709988594048,0.10459133493998071,0.09248646702079362,0.08298500751344108,0.03630645482455716,0.038565406744530135,0.04378336156394313,0.04217727728469545,0.05900725997914474,0.04133343751963483,0.03364291103575252,0.031018350025192837,0.03992834369778706,0.04624216051052164,0.03178208095226577,0.037528077656676685,0.04196772563998983,0.047009055284931045,0.04309274215101532,0.04531911914399616,0.043674325655871406,0.04000807042964329,0.036993596795447496,0.04885306794184169,0.034661771560888906,0.049771438620440055,0.05211712919255573,0.0565955621916298,0.06630976209045693,0.05333283983637759,0.045654628146635984,0.06583387175585717,0.06779071465150857,0.09055875182964729,0.039041013595165965,0.0468030282546805,0.046439416950853775,0.05518338087529989,0.0329944173035597
0.07994189776648207,0.0577499286328478,0.056366137927209146,0.062099960182353774,0.056143301621979134,0.08752049593114201,0.0632289300551994,0.0594962465531663,0.0603469340083381,0.05161814785980021,0.14354084979910284,0.1589679223442606,0.12283678972220251,0.1354953334244634,0.13957083718346727,0.10163589239913608,0.10476347602521549,0.11384579699070582,0.10857345772510027,0.08020519379524718,0.08520783003088207,0.05970460689266582,0.04276015637055694,0.04131680999965645,0.03211687504741529,0.08909912865952956,0.09729907100926077,0.1008427460141739,0.13307982272991228,0.09165645682838602,0.09953953779814731,0.10797709988594048,0.10459133493998071,0.09248646702079362,0.08169057287279555,0.03630645482455716,0.038565406744530135,0.037875308966001275,0.04217727728469544,0.05543971317858674,0.036412362048775994,0.03364291103575251,0.031018350025192837,0.03992834369778707,0.04064832017417478,0.03178208095226577,0.037528077656676685,0.04125580004591799,0.041454474581093206,0.04309274215101531,0.041296503878058576,0.04088911471478776,0.0369455794828281,0.033203747195294064,0.04885306794184168,0.034661771560888906,0.0428125855417739,0.05079710202257821,0.0565955621916298,0.06099811924533556,0.05333283983637759,0.04565462814663599,0.061475004930820316,0.06779071465150859,0.09055875182964729,0.03625159412619562,0.04680302825468051,0.046439416950853775,0.04391409868985033,0.0329944173035597
0.07804507825228225,0.0577499286328478,0.056366137927209146,0.06209996018235376,0.055446714837884756,0.08752049593114201,0.0632289300551994,0.0594962465531663,0.06034693400833809,0.051618147859800206,0.14081413667373446,0.15347722060896998,0.12283678972220255,0.13549533342446338,0.1348176111413208,0.09909614563982949,0.10092997377278615,0.1114071746375345,0.10857345772510026,0.07811335127046616,0.08382626226882219,0.059704606892665824,0.04026028026497594,0.04131680999965644,0.03211687504741529,0.08909912865952956,0.09729907100926077,0.09802780601176267,0.13307982272991228,0.08700064755804562,0.09953953779814732,0.10769059028327553,0.1045913349399807,0.08885732070422647,0.08169057287279555,0.03630645482455716,0.03468540809376217,0.03534284230882313,0.03256442650771357,0.04896124492799753,0.030989907971043444,0.03364291103575251,0.031018350025192837,0.03439577220675063,0.03895347569039111,0.03178208095226577,0.03265362077743227,0.04125580004591798,0.0414544745810932,0.04309274215101532,0.04129650387805857,0.04088911471478776,0.033233785501733615,0.033203747195294064,0.0461503377406713,0.034661771560888906,0.037320283985663234,0.04639550658125532,0.0565955621916298,0.053157914554341525,0.05031224099170999,0.03796900983246748,0.06147500493082032,0.06779071465150859,0.08663150237491174,0.03625159412619563,0.04008028735732562,0.04643941695085378,0.04391409868985033,0.0329944173035597
0.07804507825228228,0.054612175972724664,0.052062792627953144,0.061527218275639575,0.055446714837884756,0.08752049593114201,0.0632289300551994,0.0594962465531663,0.06034693400833809,0.04797407604618559,0.14081413667373446,0.15347722060896998,0.12193563392356134,0.13313438980346468,0.13143576549722633,0.09909614563982949,0.10092997377278615,0.1092444920150834,0.10596100991028119,0.07553774814072285,0.08382626226882219,0.059704606892665824,0.04026028026497594,0.04131680999965643,0.03211687504741529,0.08909912865952957,0.09612269630507626,0.09468154345459585,0.1330798227299123,0.08700064755804562,0.09953953779814732,0.10680676592139761,0.1045913349399807,0.08885732070422649,0.08169057287279553,0.03257372997531374,0.03468540809376217,0.02962980388189068,0.032564426507713566,0.046759987773207314,0.030989907971043444,0.02795528126651258,0.031018350025192837,0.03439577220675063,0.03025490391100414,0.03178208095226577,0.03265362077743227,0.0370025191532525,0.032084278356743885,0.04309274215101532,0.041296503878058576,0.04088911471478776,0.033233785501733615,0.033203747195294064,0.04276861101490615,0.034661771560888906,0.037320283985663234,0.045134797494606624,0.0517749252708414,0.053157914554341525,0.05031224099171,0.03796900983246747,0.056678931154427035,0.06779071465150859,0.07329314641136932,0.03625159412619563,0.03748536680378932,0.046439416950853775,0.039485345498682684,0.0329944173035597
0.07432283481543558,0.05461217597272468,0.052062792627953144,0.058761287853615826,0.05311279980973696,0.08752049593114201,0.06077646619078362,0.0594962465531663,0.0603469340083381,0.04797407604618559,0.14081413667373446,0.14997795904010489,0.12193563392356134,0.13313438980346468,0.13143576549722635,0.09909614563982949,0.10092997377278615,0.10924449201508338,0.10596100991028119,0.07501510689516983,0.08382626226882219,0.059704606892665824,0.04026028026497594,0.03860465293843453,0.03211687504741528,0.08909912865952956,0.09612269630507628,0.09186186521002823,0.1302338188714868,0.08700064755804562,0.09953953779814731,0.10680676592139761,0.1045913349399807,0.08885732070422649,0.08169057287279553,0.028073012472907947,0.030352789831674023,0.02962980388189068,0.03023851286601898,0.04282708104196125,0.030989907971043444,0.02795528126651258,0.031018350025192837,0.03439577220675063,0.030254903911004147,0.026042341300366912,0.027888565458588664,0.036239517173615614,0.02816531978463945,0.0377996289954609,0.041296503878058576,0.04088911471478776,0.033233785501733615,0.033203747195294064,0.04039547323454609,0.032792474650067065,0.037320283985663234,0.03770518024161935,0.04629271481571759,0.053157914554341525,0.04455113189450479,0.03796900983246747,0.05667893115442703,0.06779071465150857,0.07329314641136929,0.03625159412619563,0.03748536680378932,0.035651404985088654,0.03948534549868268,0.02485440064744667
0.0743228348154356,0.05294514863737848,0.05143915262874856,0.05639880063094527,0.05311279980973696,0.08752049593114204,0.06077646619078362,0.0594962465531663,0.05737637644262143,0.04598237834376509,0.13787753708567968,0.1429979413947034,0.11856484296865355,0.12641050751037455,0.13143576549722635,0.09909614563982949,0.10092997377278615,0.1092444920150834,0.1049804707641555,0.07501510689516983,0.08241847646309806,0.058719244863804955,0.04026028026497594,0.03758462800675784,0.03211687504741528,0.08909912865952957,0.09295622685826034,0.09186186521002823,0.12578857427948986,0.08437232463531764,0.09953953779814732,0.10493400851849875,0.1045913349399807,0.08885732070422649,0.08169057287279555,0.021974122298446384,0.02786512434587496,0.027097337224712543,0.027743646105734945,0.037753652175501924,0.02979683020754526,0.02795528126651258,0.031018350025192837,0.03439577220675063,0.030254903911004147,0.021648095877110946,0.024809375201693677,0.02751025459774353,0.02816531978463944,0.03779962899546091,0.041296503878058576,0.040889114714787775,0.03063127790810221,0.030606085865229733,0.04039547323454609,0.032792474650067065,0.037320283985663234,0.03482637685048777,0.042864864093793406,0.053157914554341525,0.04455113189450479,0.03796900983246747,0.05667893115442703,0.06256713461875794,0.07329314641136932,0.03204356064810291,0.03748536680378932,0.03531327170783761,0.03322356599459172,0.02485440064744667
0.0704431423629481,0.05294514863737848,0.05143915262874856,0.05639880063094525,0.049650411252405324,0.08640570680281812,0.058013928003303614,0.0564344913601037,0.05737637644262143,0.04598237834376509,0.13787753708567968,0.13894608562394165,0.11856484296865355,0.12518020709414684,0.12373985809755329,0.0990961456398295,0.10092997377278615,0.10628941992587088,0.10498047076415552,0.07501510689516983,0.08241847646309806,0.05871924486380495,0.03907239306744336,0.03758462800675784,0.03211687504741529,0.08909912865952956,0.09295622685826034,0.08987575545449489,0.12226072256413725,0.08437232463531766,0.09953953779814732,0.10493400851849875,0.10021982853760432,0.08885732070422647,0.08169057287279555,0.020214582014976556,0.02418268146489334,0.023442574377922496,0.027743646105734945,0.037753652175501924,0.02979683020754526,0.024835654439057473,0.030439112281537457,0.031787826739031376,0.02743973546436417,0.021648095877110946,0.020456721397963305,0.02751025459774353,0.02537185322397519,0.035040164628223965,0.03655951199398304,0.040889114714787775,0.03063127790810221,0.030606085865229733,0.04039547323454607,0.032201479994505615,0.031517561598310505,0.032379538024980295,0.042864864093793406,0.05315791455434153,0.04455113189450479,0.03796900983246747,0.04481743106541225,0.06076270315817712,0.07283142911573799,0.03204356064810292,0.033029237722712136,0.03531327170783761,0.03322356599459171,0.02485440064744667
0.0704431423629481,0.05294514863737848,0.05143915262874856,0.05639880063094527,0.04779047368004715,0.08640570680281812,0.058013928003303614,0.0564344913601037,0.057376376442621425,0.045982378343765104,0.135481583869725,0.1373288340079986,0.11856484296865355,0.12137792841267964,0.12373985809755332,0.0990961456398295,0.09616939601967472,0.10628941992587088,0.10498047076415552,0.07338015316984152,0.08085313518292797,0.05871924486380495,0.03907239306744336,0.03758462800675784,0.03211687504741529,0.08909912865952957,0.0896622839598795,0.08744511061602779,0.12226072256413725,0.08437232463531764,0.09731000553104979,0.10493400851849875,0.10021982853760432,0.08885732070422647,0.08169057287279555,0.018319227331366993,0.022571398053997365,0.0234425743779225,0.023717323325446845,0.031119219583551384,0.02979683020754526,0.024338495985885607,0.030439112281537457,0.024734994270978167,0.02743973546436417,0.020809351922700902,0.020456721397963305,0.027510254597743526,0.025371853223975185,0.035040164628223965,0.03655951199398303,0.036105011264480534,0.027262294846852764,0.02722573243484885,0.04039547323454607,0.032201479994505615,0.029064334108912016,0.0323795380249803,0.039869526833062906,0.05054712148452193,0.04139517185580204,0.036859898346287716,0.041637088218574765,0.05692330103831583,0.06769004369161899,0.0317163750475669,0.03302923772271214,0.0353132717078376,0.03322356599459171,0.024488351117804643
0.0704431423629481,0.05294514863737848,0.05143915262874856,0.05639880063094527,0.04779047368004715,0.08640570680281812,0.058013928003303614,0.0564344913601037,0.053820682746848134,0.04400936998545666,0.13310208072469265,0.13478906464145501,0.11856484296865354,0.11907917951437141,0.11316798928301998,0.0990961456398295,0.09616939601967472,0.10628941992587088,0.10498047076415552,0.07338015316984152,0.08085313518292797,0.05871924486380495,0.03907239306744336,0.03758462800675784,0.03211687504741529,0.08909912865952957,0.08966228395987949,0.08744511061602779,0.12149483219130054,0.08437232463531764,0.09731000553104979,0.1034966629184269,0.1002198285376043,0.08885732070422647,0.07967585383146888,0.018319227331366993,0.020726581778512627,0.02166126951941156,0.02205318718663939,0.031119219583551384,0.028602532949277813,0.02374130999814333,0.030439112281537457,0.024734994270978167,0.02743973546436417,0.020809351922700902,0.019637140581782835,0.02315983876383185,0.025371853223975185,0.02900327043862163,0.034254215903551745,0.036105011264480534,0.02726229484685277,0.02722573243484885,0.04039547323454607,0.028091878034230713,0.027208523332198392,0.0323795380249803,0.039869526833062906,0.04789411496930442,0.04139517185580204,0.03240026347879428,0.041637088218574765,0.050179108270557535,0.05906994216365687,0.0317163750475669,0.033029237722712136,0.0353132717078376,0.027882731242129213,0.024488351117804643
0.0704431423629481,0.05294514863737848,0.05143915262874856,0.05639880063094527,0.04779047368004715,0.08640570680281812,0.058013928003303614,0.0564344913601037,0.05382068274684814,0.04108457167178477,0.13310208072469265,0.13478906464145504,0.11856484296865352,0.11907917951437141,0.11316798928301998,0.0990961456398295,0.09616939601967472,0.10628941992587088,0.10498047076415554,0.07338015316984152,0.08085313518292797,0.05871924486380495,0.03907239306744336,0.03758462800675784,0.03211687504741529,0.08509564291618943,0.08966228395987949,0.08614247945417419,0.11818205168821398,0.08199418982051691,0.09731000553104976,0.10181740168550206,0.1002198285376043,0.08885732070422647,0.07967585383146888,0.018319227331366997,0.016843913354143154,0.015501213777739189,0.02205318718663939,0.025395911423556718,0.028602532949277813,0.02374130999814333,0.029816510328016275,0.024734994270978167,0.02743973546436417,0.020809351922700902,0.019637140581782835,0.019014553240961102,0.024508019085500356,0.02900327043862163,0.034254215903551745,0.03313126036731056,0.02726229484685277,0.02722573243484885,0.039216143084975084,0.028091878034230713,0.027208523332198396,0.032379538024980295,0.039869526833062906,0.04789411496930442,0.038939575229958535,0.03240026347879428,0.038075678088183185,0.050179108270557535,0.056782091871777664,0.0317163750475669,0.03302923772271214,0.033345407725214195,0.021772626200810472,0.024488351117804643
0.06796119912964198,0.05294514863737848,0.051439152628748555,0.05365835636159838,0.04779047368004715,0.08419744029210581,0.055869480480676297,0.05400257541955996,0.05382068274684814,0.04108457167178477,0.13310208072469265,0.13341448101397396,0.11856484296865352,0.11727743097094842,0.11316798928301998,0.0990961456398295,0.09616939601967472,0.10279289941461724,0.10189025629134629,0.07338015316984152,0.0790075108483062,0.05654669142084165,0.03907239306744336,0.03751162822233177,0.03001915056571571,0.08109967176651264,0.08966228395987949,0.08614247945417423,0.11818205168821395,0.08199418982051691,0.09731000553104976,0.10015368113836357,0.1002198285376043,0.0871705192598448,0.0773442952254375,0.014482270071076489,0.016843913354143154,0.015501213777739189,0.02105064580246819,0.025395911423556718,0.028602532949277813,0.02374130999814333,0.029816510328016275,0.024734994270978167,0.027439735464364165,0.020809351922700902,0.019637140581782838,0.019014553240961102,0.020337711682245904,0.026143273536429246,0.03144293993581564,0.03313126036731056,0.02726229484685277,0.027225732434848847,0.039216143084975084,0.028091878034230716,0.027208523332198392,0.03055185859270279,0.0398695268330629,0.043725366804273434,0.03893957522995853,0.03240026347879428,0.036321750522030925,0.050179108270557535,0.05678209187177767,0.026186205026433623,0.03302923772271214,0.033345407725214195,0.021772626200810472,0.024488351117804643
0.06796119912964198,0.05294514863737848,0.05143915262874856,0.053658356361598374,0.04779047368004714,0.08419744029210581,0.055869480480676297,0.05400257541955996,0.05057558650724892,0.04108457167178476,0.13310208072469265,0.1291402779119757,0.11856484296865352,0.11217184112226963,0.11316798928301997,0.0990961456398295,0.09616939601967472,0.10279289941461724,0.0987416714413289,0.07338015316984152,0.0790075108483062,0.056546691420841656,0.03718007870586282,0.03751162822233177,0.03001915056571571,0.0806736766265244,0.08966228395987949,0.08614247945417419,0.11818205168821395,0.08100573283303751,0.09731000553104976,0.09877787578218564,0.1002198285376043,0.0871705192598448,0.07485174706833457,0.014482270071076489,0.016843913354143154,0.015501213777739189,0.02105064580246819,0.025395911423556718,0.0242425797266615,0.02374130999814333,0.028251764079775123,0.024734994270978167,0.025564435741671672,0.020809351922700902,0.019637140581782838,0.0190145532409611,0.020337711682245904,0.026143273536429246,0.03144293993581564,0.030039910943378833,0.027262294846852764,0.02722573243484885,0.039216143084975084,0.02750067135460918,0.027208523332198392,0.03055185859270279,0.0398695268330629,0.037016097263830025,0.03893957522995853,0.03240026347879428,0.036321750522030925,0.050179108270557535,0.055162176255544815,0.026186205026433623,0.03302923772271214,0.033345407725214195,0.021772626200810472,0.024488351117804643
0.06633713704488774,0.05294514863737848,0.051439152628748555,0.053658356361598374,0.04546429637687298,0.08419744029210581,0.055869480480676297,0.05400257541955996,0.04794888999809536,0.04108457167178477,0.13310208072469265,0.1291402779119757,0.11856484296865352,0.1121718411222696,0.11316798928301997,0.09732799605824688,0.09616939601967472,0.10279289941461724,0.0987416714413289,0.07338015316984152,0.07900751084830619,0.056546691420841656,0.03718007870586282,0.03751162822233177,0.03001915056571571,0.07761925725484234,0.08966228395987949,0.08614247945417419,0.11818205168821395,0.08100573283303751,0.09731000553104979,0.09877787578218565,0.10021982853760429,0.0871705192598448,0.07234169420129304,0.014482270071076487,0.014642548770603817,0.013917385171325056,0.02105064580246819,0.02044831757804635,0.0242425797266615,0.02374130999814333,0.028251764079775123,0.024734994270978167,0.025564435741671672,0.020809351922700906,0.019637140581782838,0.01815932067306848,0.020337711682245904,0.026143273536429246,0.03144293993581564,0.030039910943378833,0.027262294846852764,0.02722573243484885,0.034152119988582745,0.027500671354609176,0.024847854110658697,0.030551858592702787,0.03367918033199059,0.037016097263830025,0.03893957522995852,0.03240026347879428,0.03632175052203093,0.03831266498367528,0.055162176255544815,0.026186205026433623,0.03302923772271214,0.033345407725214195,0.021772626200810472,0.024488351117804643
0.06416561251891256,0.05294514863737848,0.051439152628748555,0.05122588772613721,0.042119054282996254,0.08419744029210581,0.055869480480676297,0.05400257541955996,0.04794888999809536,0.04108457167178477,0.13310208072469265,0.12270397768796394,0.11856484296865352,0.11075291197436676,0.11316798928301998,0.09732799605824688,0.0961693960196747,0.10279289941461724,0.09577607434440365,0.07338015316984152,0.07900751084830619,0.05654669142084165,0.03572914191678691,0.03751162822233177,0.03001915056571571,0.07761925725484235,0.0896622839598795,0.08614247945417418,0.11671468098281579,0.07808986346885481,0.09731000553104979,0.09667355054047211,0.098412962229609,0.08380024769723468,0.0692303447720855,0.014482270071076489,0.014642548770603817,0.013917385171325054,0.019151403598523863,0.019971674581161714,0.0242425797266615,0.023244151544971458,0.026593338510647598,0.024734994270978167,0.02556443574167166,0.01989713205254701,0.01871336983223834,0.01815932067306848,0.019473877543771067,0.026143273536429246,0.03144293993581564,0.030039910943378833,0.027262294846852764,0.0242580399166517,0.0308166615276812,0.023535244660599117,0.0248478541106587,0.030551858592702787,0.033679180331990584,0.037016097263830025,0.035470357048807834,0.028937573002170338,0.036321750522030925,0.03831266498367528,0.04956432879650592,0.026186205026433623,0.03302923772271214,0.033345407725214195,0.021772626200810476,0.020405681809097676
0.06416561251891255,0.05037636898890828,0.05143915262874856,0.05122588772613721,0.042119054282996254,0.0813236972893649,0.0544751632296655,0.05400257541955996,0.04794888999809536,0.04108457167178477,0.130998028483527,0.11966253554773273,0.11856484296865352,0.11075291197436676,0.1100806195251887,0.09732799605824688,0.0961693960196747,0.09851214532458132,0.09396960486569629,0.07338015316984152,0.07825936780016145,0.05654669142084165,0.03572914191678691,0.03751162822233177,0.030019150565715712,0.07761925725484235,0.0896622839598795,0.08256202847516296,0.11671468098281579,0.07808986346885483,0.09731000553104979,0.09667355054047211,0.098412962229609,0.08380024769723468,0.0692303447720855,0.014482270071076489,0.014642548770603817,0.013917385171325054,0.019151403598523863,0.019971674581161714,0.019816605916355434,0.023244151544971458,0.026593338510647598,0.024734994270978167,0.02556443574167166,0.018850606039611584,0.01871336983223834,0.01815932067306848,0.019473877543771067,0.024181174334533862,0.03144293993581564,0.0284233789190972,0.024316762907290828,0.0242580399166517,0.0308166615276812,0.022943861660044168,0.022302534499707437,0.03055185859270279,0.033679180331990584,0.03701609726383003,0.035470357048807834,0.02893757300217034,0.036321750522030925,0.03580723744091309,0.04956432879650592,0.026186205026433623,0.033029237722712136,0.033345407725214195,0.021772626200810476,0.020405681809097676
0.06416561251891255,0.05037636898890828,0.051439152628748555,0.04961239410426054,0.03908168525059154,0.0813236972893649,0.0544751632296655,0.05400257541955996,0.045184563509066765,0.03776844484082973,0.130998028483527,0.11966253554773275,0.11502834189754017,0.10709776700897869,0.1100806195251887,0.09732799605824688,0.0961693960196747,0.09595420157395726,0.09396960486569629,0.07338015316984155,0.07825936780016145,0.05461467893796519,0.03572914191678691,0.03751162822233177,0.030019150565715712,0.07761925725484234,0.0896622839598795,0.08256202847516296,0.11328647682892075,0.07808986346885484,0.09552387132610879,0.09667355054047211,0.098412962229609,0.08380024769723468,0.06785527770689402,0.014482270071076489,0.014642548770603819,0.013917385171325054,0.014002235098428675,0.019971674581161714,0.019816605916355434,0.023244151544971458,0.025969429977035836,0.022332951860987372,0.02556443574167166,0.018850606039611584,0.01767757186160904,0.01815932067306848,0.018987860450061064,0.024181174334533862,0.03144293993581564,0.0284233789190972,0.02431676290729083,0.0242580399166517,0.0308166615276812,0.022943861660044168,0.022302534499707437,0.03055185859270279,0.033679180331990584,0.03701609726383003,0.035470357048807834,0.027872484293896,0.030362469642846713,0.035807237440913096,0.04956432879650592,0.026186205026433623,0.033029237722712136,0.0333454077252142,0.021772626200810476,0.020405681809097676
0.06110637762525626,0.05037636898890828,0.05143915262874856,0.0465769812585021,0.03908168525059154,0.0813236972893649,0.0544751632296655,0.05400257541955996,0.045184563509066765,0.03505297216452205,0.130998028483527,0.11966253554773275,0.11502834189754017,0.10709776700897868,0.11008061952518866,0.09433191027678901,0.09395278775736898,0.09248756058153874,0.09396960486569629,0.07338015316984155,0.07825936780016145,0.054614678937965185,0.03572914191678691,0.03751162822233177,0.030019150565715712,0.07761925725484235,0.08806268513813341,0.07806762861587818,0.11124800013982208,0.07808986346885483,0.09552387132610879,0.09667355054047211,0.096210586285058,0.08380024769723468,0.06785527770689402,0.014482270071076487,0.014642548770603819,0.013917385171325054,0.014002235098428675,0.019971674581161714,0.019816605916355434,0.023244151544971458,0.025969429977035836,0.022332951860987372,0.02556443574167166,0.018850606039611584,0.016844673530339287,0.01815932067306848,0.018987860450061064,0.024181174334533862,0.03144293993581564,0.0284233789190972,0.02431676290729083,0.0242580399166517,0.028254113966546222,0.020916725083992033,0.022302534499707444,0.03055185859270279,0.033679180331990584,0.03701609726383003,0.03320775106919277,0.027872484293895997,0.030362469642846716,0.035807237440913096,0.04502474134863862,0.026186205026433627,0.033029237722712136,0.033345407725214195,0.021772626200810476,0.020405681809097676
0.059320292146652374,0.050376368988908286,0.05033709370651446,0.0465769812585021,0.03908168525059154,0.0813236972893649,0.0544751632296655,0.05400257541955996,0.045184563509066765,0.03505297216452205,0.12930383572008114,0.11966253554773275,0.11502834189754017,0.10709776700897868,0.11008061952518866,0.09433191027678901,0.09251511280169573,0.09248756058153876,0.09046047110142491,0.07338015316984152,0.07594170017973459,0.05291289123014142,0.03572914191678691,0.03632982277574656,0.030019150565715712,0.07761925725484235,0.08806268513813341,0.07806762861587817,0.11124800013982208,0.07451898360065186,0.09552387132610879,0.09667355054047211,0.096210586285058,0.08087071820821758,0.06785527770689402,0.014482270071076485,0.014642548770603819,0.013917385171325054,0.014002235098428675,0.019971674581161714,0.019816605916355427,0.023244151544971458,0.025969429977035833,0.022332951860987372,0.02556443574167166,0.018850606039611584,0.016844673530339287,0.01815932067306848,0.016489601474123282,0.024181174334533862,0.03144293993581564,0.026264240191321335,0.02431676290729083,0.0242580399166517,0.02416689986098649,0.020916725083992033,0.022302534499707437,0.03055185859270279,0.03179197501113728,0.03701609726383003,0.03320775106919277,0.027872484293895997,0.030362469642846716,0.026033483337833733,0.04502474134863862,0.02618620502643362,0.02825203144268539,0.033345407725214195,0.021772626200810476,0.02040568180909768
0.059320292146652374,0.050376368988908286,0.05033709370651446,0.0465769812585021,0.039081685250591545,0.07943354341438544,0.05302695324743937,0.05400257541955996,0.04300860410749975,0.03505297216452205,0.12930383572008114,0.11768431240501524,0.11502834189754016,0.10709776700897866,0.10714121244482434,0.09433191027678901,0.09251511280169573,0.09248756058153876,0.09046047110142491,0.07338015316984152,0.0736325035717403,0.052912891230141416,0.03572914191678691,0.034585600821203676,0.027596203907610962,0.07761925725484234,0.08806268513813341,0.07806762861587821,0.10989560020623851,0.07182642446202572,0.09552387132610879,0.09667355054047211,0.096210586285058,0.08087071820821758,0.06785527770689402,0.014482270071076485,0.014642548770603819,0.013917385171325054,0.014002235098428675,0.019971674581161714,0.019816605916355427,0.023244151544971458,0.025969429977035833,0.022332951860987372,0.02556443574167166,0.018850606039611584,0.016844673530339287,0.01815932067306848,0.016489601474123282,0.024181174334533862,0.03144293993581564,0.026264240191321335,0.021606400629099104,0.024258039916651705,0.02416689986098649,0.020916725083992033,0.022302534499707437,0.027854183088187667,0.03179197501113728,0.03701609726383003,0.03320775106919277,0.027872484293895997,0.03036246964284672,0.026033483337833733,0.04502474134863861,0.026186205026433627,0.02825203144268539,0.033345407725214195,0.021772626200810476,0.020405681809097676
0.057569819164252814,0.050376368988908286,0.05033709370651446,0.0435174506288824,0.03908168525059154,0.07627577330274743,0.052407688549555013,0.051749548737391585,0.04130442006600397,0.03505297216452205,0.12930383572008114,0.11768431240501524,0.1104254706509446,0.10709776700897866,0.10714121244482434,0.09433191027678901,0.08987175374737333,0.09248756058153876,0.08654407080092189,0.07338015316984152,0.0736325035717403,0.052912891230141416,0.03572914191678691,0.034585600821203676,0.027596203907610955,0.07522092921887066,0.08806268513813341,0.07806762861587817,0.10823823701148721,0.07182642446202572,0.09552387132610879,0.09667355054047211,0.09621058628505803,0.08087071820821758,0.06785527770689401,0.014482270071076485,0.014642548770603819,0.013917385171325054,0.014002235098428675,0.019971674581161714,0.018890586511501592,0.023244151544971458,0.025969429977035833,0.022332951860987372,0.02556443574167166,0.018850606039611584,0.016844673530339287,0.01739631869343159,0.016075400189545397,0.02174633068557405,0.029391871071090703,0.026264240191321335,0.0216064006290991,0.021507593424645553,0.024166899860986493,0.020916725083992033,0.022302534499707437,0.027854183088187667,0.03179197501113728,0.037016097263830025,0.02992688823018832,0.027872484293895997,0.02885214739891675,0.026033483337833733,0.045024741348638604,0.026186205026433623,0.028252031442685385,0.02839553023495374,0.021772626200810476,0.020405681809097676
0.05756981916425281,0.050376368988908286,0.047460856051521685,0.042290825643293686,0.03908168525059154,0.07627577330274743,0.052407688549555013,0.051749548737391585,0.04130442006600397,0.03505297216452205,0.12647251063356507,0.11520980786733082,0.1104254706509446,0.10383862330952758,0.10714121244482436,0.09433191027678901,0.08987175374737331,0.09248756058153874,0.08654407080092189,0.07338015316984152,0.0736325035717403,0.052912891230141416,0.03449909641068967,0.03246174082152081,0.027596203907610955,0.07522092921887066,0.08806268513813338,0.07806762861587818,0.10823823701148721,0.07182642446202572,0.09227432128595446,0.09667355054047211,0.096210586285058,0.0808707182082176,0.06785527770689401,0.012028287969670946,0.014642548770603819,0.013917385171325054,0.014002235098428675,0.01807239705593794,0.018890586511501592,0.023244151544971458,0.023988884771606076,0.022332951860987365,0.021538215580177315,0.018850606039611584,0.016844673530339287,0.01739631869343159,0.016075400189545397,0.02174633068557405,0.029391871071090703,0.02626424019132133,0.0216064006290991,0.021507593424645553,0.024166899860986493,0.020916725083992033,0.019984676727169564,0.025365683428750615,0.031072020677310273,0.03501578984504143,0.02992688823018832,0.025639728992382156,0.028852147398916745,0.026033483337833733,0.03967139814771147,0.026186205026433623,0.027349257782555314,0.028395530234953736,0.021772626200810476,0.01784687621335853
0.057569819164252814,0.04855255714295732,0.047460856051521685,0.042290825643293686,0.039081685250591545,0.07627577330274743,0.052407688549555013,0.051749548737391585,0.04130442006600397,0.03376669282661112,0.12647251063356507,0.11463468346272652,0.1104254706509446,0.10383862330952758,0.10484254513050069,0.09433191027678901,0.08987175374737331,0.09248756058153874,0.08654407080092189,0.07338015316984155,0.07363250357174031,0.052912891230141416,0.03319795894138707,0.03246174082152081,0.027596203907610965,0.07312704839006269,0.08806268513813338,0.07806762861587818,0.10411296088298023,0.07182642446202572,0.09227432128595446,0.09667355054047211,0.09327169987147498,0.0808707182082176,0.06785527770689401,0.012028287969670946,0.014642548770603819,0.013917385171325054,0.014002235098428675,0.01807239705593794,0.018890586511501592,0.023244151544971458,0.022564113239763765,0.022332951860987365,0.021538215580177315,0.018850606039611584,0.016844673530339287,0.01739631869343159,0.016075400189545397,0.02174633068557405,0.027017883476800907,0.023708818944942752,0.021606400629099104,0.021507593424645553,0.024166899860986493,0.020916725083992033,0.01998467672716956,0.025365683428750615,0.02909650480915705,0.03150828562651307,0.027398198339739332,0.025639728992382156,0.02885214739891675,0.026033483337833733,0.03724861982945196,0.025295695765704042,0.027349257782555314,0.028395530234953736,0.021772626200810472,0.01784687621335853
0.057569819164252814,0.04855255714295732,0.047460856051521685,0.042290825643293686,0.03788854280603206,0.07627577330274743,0.052407688549555013,0.051749548737391585,0.04130442006600397,0.03376669282661112,0.12431182331680345,0.11038033849651592,0.10701216117891282,0.10383862330952758,0.10484254513050069,0.09433191027678901,0.08987175374737331,0.08944962140075945,0.08654407080092189,0.07145544922973447,0.07363250357174031,0.05291289123014142,0.03319795894138707,0.0311000186862247,0.027596203907610955,0.07312704839006269,0.0844173983923128,0.07806762861587818,0.10411296088298023,0.07182642446202572,0.09227432128595446,0.09463037056611442,0.09327169987147498,0.0808707182082176,0.06785527770689401,0.012028287969670946,0.014642548770603819,0.013917385171325054,0.014002235098428675,0.018072397055937942,0.018890586511501592,0.023244151544971458,0.022564113239763765,0.022332951860987372,0.02153821558017732,0.018850606039611584,0.016844673530339287,0.01588572903131482,0.016075400189545397,0.02174633068557405,0.027017883476800907,0.023708818944942752,0.021606400629099104,0.021507593424645557,0.024166899860986493,0.020916725083992033,0.01998467672716956,0.02536568342875062,0.027107187395369815,0.03150828562651307,0.027398198339739332,0.025639728992382156,0.028852147398916745,0.026033483337833733,0.03724861982945196,0.025295695765704042,0.027349257782555318,0.02839553023495374,0.021772626200810476,0.01784687621335853
0.057569819164252814,0.04773579798201291,0.04746085605152168,0.0407378013357475,0.03788854280603205,0.07627577330274743,0.052407688549555013,0.051749548737391585,0.038669997247062306,0.03272858533999978,0.12228078336194959,0.1103803384965159,0.10372176444472361,0.10383862330952756,0.10484254513050069,0.09433191027678901,0.08987175374737331,0.08944962140075945,0.08654407080092186,0.06858502874515633,0.0708645536257332,0.05190034140908473,0.03319795894138707,0.0311000186862247,0.027596203907610962,0.07312704839006269,0.08441739839231281,0.07806762861587818,0.10187498457788761,0.06948655998883585,0.09227432128595446,0.09463037056611442,0.09327169987147498,0.0808707182082176,0.06785527770689401,0.012028287969670946,0.014642548770603819,0.013917385171325054,0.014002235098428675,0.018072397055937942,0.018890586511501592,0.023244151544971454,0.022564113239763765,0.022332951860987365,0.02153821558017732,0.01810468604724917,0.016844673530339287,0.015122727051677932,0.016075400189545397,0.021746330685574047,0.027017883476800907,0.023708818944942752,0.01856039337769562,0.021507593424645557,0.02170958276962001,0.020916725083992033,0.01998467672716956,0.02536568342875062,0.027107187395369815,0.03150828562651307,0.027398198339739332,0.025639728992382156,0.028852147398916745,0.026033483337833733,0.03724861982945197,0.025295695765704042,0.027349257782555318,0.024433774129360285,0.021772626200810476,0.01784687621335853
0.0575698191642528,0.04773579798201291,0.04746085605152168,0.0407378013357475,0.03788854280603206,0.07627577330274743,0.05087104759802964,0.04923197954192476,0.03866999724706229,0.03272858533999978,0.12228078336194959,0.11038033849651592,0.10372176444472361,0.10082819511089978,0.10484254513050069,0.09433191027678901,0.08658536484002334,0.08944962140075947,0.08654407080092186,0.06858502874515633,0.0708645536257332,0.05118050114513522,0.03319795894138707,0.0311000186862247,0.027596203907610962,0.0713307782237108,0.08210444664949317,0.07806762861587818,0.10187498457788763,0.06836300526778433,0.09227432128595446,0.09463037056611442,0.09327169987147498,0.07829129848543342,0.06785527770689402,0.012028287969670943,0.014642548770603819,0.013917385171325056,0.014002235098428675,0.018072397055937942,0.018890586511501592,0.023244151544971454,0.022564113239763765,0.022332951860987365,0.02153821558017732,0.01810468604724917,0.016844673530339287,0.015122727051677932,0.015422127085262999,0.02174633068557405,0.024551478640073048,0.02125536649442217,0.01856039337769562,0.01847642551621513,0.02170958276962001,0.020916725083992033,0.01998467672716956,0.02536568342875062,0.02710718739536982,0.03150828562651307,0.027398198339739332,0.025639728992382156,0.028852147398916745,0.026033483337833733,0.03448760542243502,0.025295695765704042,0.024090737429096013,0.020034793313386406,0.019933936422748082,0.01784687621335853
0.057569819164252814,0.04773579798201291,0.045390588360461705,0.0407378013357475,0.03788854280603206,0.07627577330274743,0.050871047598029635,0.04923197954192476,0.038669997247062306,0.02984887269625878,0.12228078336194959,0.11038033849651592,0.10372176444472361,0.10082819511089981,0.09839974889187984,0.09433191027678901,0.08658536484002335,0.08944962140075947,0.08479459123854372,0.06858502874515633,0.0708645536257332,0.05118050114513522,0.03319795894138707,0.0311000186862247,0.027596203907610962,0.0713307782237108,0.08210444664949317,0.07806762861587818,0.10187498457788763,0.06774832378616089,0.09227432128595446,0.09463037056611442,0.09197485879868161,0.07790190680947108,0.06685539370225245,0.012028287969670943,0.012374399751003835,0.013917385171325056,0.014002235098428675,0.018072397055937942,0.018890586511501592,0.023244151544971454,0.022564113239763765,0.020139324477706923,0.02153821558017732,0.01810468604724917,0.016844673530339287,0.015122727051677932,0.015422127085262999,0.02174633068557405,0.024551478640073048,0.02125536649442217,0.01856039337769562,0.018476425516215134,0.01881631359037873,0.020916725083992033,0.01998467672716956,0.025365683428750615,0.02710718739536982,0.03150828562651307,0.02739819833973933,0.025639728992382156,0.028852147398916745,0.026033483337833726,0.034487605422435015,0.024827171571671577,0.02409073742909601,0.0167419325078196,0.016652547101611674,0.014518545438703774
0.057569819164252814,0.04485271399148767,0.04539058836046171,0.0407378013357475,0.03653733225653338,0.07627577330274743,0.050871047598029635,0.04923197954192476,0.038669997247062306,0.02984887269625878,0.12228078336194959,0.10603579763642511,0.10161874095087013,0.0994849955703975,0.09839974889187984,0.09433191027678901,0.08658536484002335,0.08616584273807552,0.08479459123854372,0.06858502874515632,0.0708645536257332,0.05118050114513522,0.03190488284549108,0.031100018686224695,0.025836902854778954,0.06759231678214618,0.08210444664949317,0.07806762861587818,0.10187498457788763,0.06774832378616089,0.09227432128595446,0.09463037056611442,0.09197485879868161,0.07790190680947108,0.06558837264737054,0.012028287969670943,0.012374399751003835,0.013917385171325056,0.014002235098428675,0.018072397055937942,0.016693983245745208,0.023244151544971454,0.022564113239763765,0.020139324477706923,0.02153821558017732,0.01810468604724917,0.016844673530339287,0.015122727051677932,0.015422127085262999,0.021746330685574054,0.024551478640073048,0.02125536649442217,0.01856039337769562,0.018476425516215134,0.01677313128685655,0.020916725083992033,0.01998467672716956,0.025365683428750615,0.027107187395369815,0.031460488273809435,0.02739819833973933,0.02494238472857791,0.02657840232612533,0.024485397143152465,0.034487605422435015,0.024827171571671577,0.024090737429096013,0.016741932507819596,0.016652547101611674,0.014518545438703774
0.057569819164252814,0.044852713991487665,0.04291744236662802,0.0407378013357475,0.036222939774618934,0.07627577330274742,0.050871047598029635,0.04923197954192476,0.035814728355836455,0.02984887269625878,0.12228078336194959,0.10603579763642511,0.09802420717168359,0.09719612720565626,0.09602178761717788,0.09433191027678901,0.08658536484002335,0.08616584273807552,0.08479459123854372,0.06858502874515632,0.06952983387587928,0.05118050114513522,0.03190488284549108,0.030927717435298208,0.025836902854778954,0.06759231678214618,0.08210444664949315,0.076256940639432,0.10187498457788763,0.0677483237861609,0.09227432128595445,0.09463037056611442,0.09112046011315801,0.0760027954983826,0.06558837264737054,0.012028287969670943,0.012374399751003835,0.013917385171325056,0.014002235098428675,0.018072397055937942,0.016693983245745208,0.023244151544971458,0.022564113239763765,0.020139324477706923,0.02153821558017732,0.01810468604724917,0.015944839109882952,0.01512272705167793,0.015422127085262999,0.021746330685574054,0.024551478640073048,0.021255366494422168,0.01856039337769562,0.017315674643790867,0.01677313128685655,0.018994399547991706,0.01998467672716956,0.022819949302385074,0.027107187395369815,0.031460488273809435,0.026884566547965075,0.021209801767719926,0.02657840232612533,0.024485397143152465,0.03448760542243502,0.024827171571671573,0.0198685143814799,0.016741932507819593,0.014398245643829919,0.014518545438703774
0.057569819164252814,0.044852713991487665,0.04291744236662802,0.0402743949865473,0.036222939774618934,0.07627577330274742,0.050871047598029635,0.04923197954192476,0.0337911790987784,0.02984887269625878,0.12228078336194959,0.10287930469840645,0.09802420717168359,0.09719612720565626,0.09602178761717792,0.09433191027678901,0.08658536484002337,0.08616584273807552,0.08479459123854372,0.06590805626432354,0.06952983387587928,0.05118050114513522,0.03190488284549108,0.030927717435298208,0.025836902854778954,0.06759231678214618,0.07872174336046807,0.076256940639432,0.10187498457788761,0.0677483237861609,0.09227432128595445,0.09463037056611442,0.09112046011315801,0.0760027954983826,0.06558837264737054,0.012028287969670943,0.012374399751003835,0.013917385171325056,0.014002235098428675,0.01807239705593794,0.016693983245745208,0.019992541233377823,0.020648620937907595,0.01804886209415888,0.021538215580177315,0.01810468604724917,0.015944839109882952,0.014443762768260473,0.015422127085262999,0.021746330685574054,0.02237454504196025,0.0185289302625772,0.01856039337769562,0.017315674643790867,0.01677313128685655,0.018994399547991706,0.01998467672716956,0.022819949302385074,0.025569947564746835,0.029046331522015162,0.026884566547965075,0.021209801767719926,0.02252677821398631,0.024485397143152465,0.03448760542243502,0.024827171571671573,0.0198685143814799,0.016741932507819593,0.01439824564382992,0.014518545438703774
0.057569819164252814,0.04319577989381124,0.041858192584578104,0.0397781218269324,0.03539951546881103,0.07627577330274742,0.050871047598029635,0.04923197954192476,0.0308900598844422,0.028090553029114427,0.12228078336194959,0.10287930469840645,0.09619246091052126,0.09719612720565628,0.09602178761717788,0.09284653817180667,0.0865853648400234,0.08168968615164307,0.08479459123854372,0.06590805626432354,0.06952983387587928,0.05118050114513522,0.03190488284549108,0.03092771743529821,0.02583690285477895,0.06759231678214618,0.0762633857164673,0.076256940639432,0.10187498457788763,0.0677483237861609,0.09062941288437716,0.09463037056611442,0.08863288371308274,0.0760027954983826,0.06558837264737054,0.012028287969670943,0.012374399751003835,0.013917385171325056,0.014002235098428675,0.01807239705593794,0.016693983245745208,0.018402861472779662,0.020648620937907595,0.01804886209415888,0.021538215580177315,0.01810468604724917,0.015944839109882952,0.014443762768260473,0.015422127085262999,0.021746330685574054,0.02237454504196025,0.0185289302625772,0.01856039337769562,0.017315674643790867,0.01677313128685655,0.018994399547991706,0.01998467672716956,0.022819949302385074,0.025569947564746835,0.029046331522015162,0.026884566547965075,0.021209801767719926,0.022526778213986312,0.024485397143152465,0.034487605422435015,0.022651440896574733,0.019868514381479904,0.016741932507819593,0.01439824564382992,0.014518545438703772
0.05581331054269261,0.04319577989381124,0.04158418584778547,0.03750698536644073,0.03539951546881103,0.07627577330274743,0.050871047598029635,0.048112625132739,0.0308900598844422,0.02598634515740449,0.11925523955549519,0.10287930469840645,0.09619246091052126,0.0944320621029159,0.09602178761717788,0.09284653817180667,0.0865853648400234,0.08168968615164307,0.08479459123854372,0.06590805626432356,0.06952983387587928,0.05001540866214308,0.03190488284549108,0.03092771743529821,0.02583690285477895,0.06384880960722476,0.0762633857164673,0.076256940639432,0.10187498457788763,0.0677483237861609,0.09062941288437716,0.09463037056611442,0.08863288371308274,0.0760027954983826,0.06558837264737054,0.012028287969670946,0.012374399751003835,0.013917385171325056,0.014002235098428675,0.01807239705593794,0.016693983245745208,0.018402861472779662,0.01733448735303115,0.01804886209415888,0.021538215580177315,0.016034714898857997,0.01594483910988295,0.013636057757014873,0.015422127085262999,0.021746330685574054,0.02237454504196025,0.0185289302625772,0.018560393377695616,0.017315674643790867,0.016480445761992313,0.018994399547991706,0.01998467672716956,0.022819949302385074,0.025569947564746835,0.029046331522015162,0.026884566547965075,0.021209801767719926,0.022526778213986312,0.024485397143152465,0.032758017641807184,0.020103002173253576,0.019868514381479904,0.014563937078107806,0.014398245643829924,0.014518545438703772
0.05581331054269261,0.04080309004071596,0.04158418584778546,0.03750698536644074,0.03539951546881103,0.07627577330274743,0.050871047598029635,0.04811262513273899,0.0308900598844422,0.02598634515740449,0.11925523955549519,0.10095595351716675,0.09619246091052126,0.09321695492385992,0.09602178761717788,0.09284653817180667,0.0865853648400234,0.08168968615164307,0.08479459123854372,0.06590805626432356,0.06866389218967149,0.05001540866214308,0.03190488284549108,0.03092771743529821,0.024504062521945258,0.06384880960722476,0.07330898116725258,0.076256940639432,0.10013918404875195,0.0677483237861609,0.09062941288437718,0.09463037056611442,0.08863288371308274,0.0760027954983826,0.06558837264737054,0.012028287969670946,0.012374399751003835,0.01391738517132506,0.014002235098428675,0.01807239705593794,0.016693983245745208,0.018402861472779662,0.01733448735303115,0.018048862094158877,0.02153821558017732,0.016034714898857997,0.01594483910988295,0.013636057757014873,0.015422127085262999,0.021746330685574047,0.022374545041960247,0.016321922857780526,0.018560393377695616,0.015337945786398095,0.016480445761992313,0.018994399547991706,0.01998467672716956,0.022819949302385074,0.025569947564746835,0.027233051544883823,0.026884566547965075,0.02058803304145097,0.022526778213986312,0.02448539714315248,0.032758017641807184,0.020103002173253576,0.016262955944850457,0.014563937078107806,0.01439824564382992,0.014518545438703772
0.05581331054269261,0.03978566723064802,0.04158418584778547,0.03750698536644074,0.033717498004184145,0.07366343841840155,0.050871047598029635,0.04811262513273898,0.0308900598844422,0.024784687395071222,0.1192552395554952,0.10095595351716675,0.09401936621656604,0.09321695492385992,0.09474887074212454,0.08989819641341525,0.0865853648400234,0.08168968615164307,0.08479459123854372,0.06590805626432356,0.06866389218967149,0.05001540866214308,0.03190488284549108,0.03092771743529821,0.024504062521945258,0.06219226900531525,0.07330898116725258,0.076256940639432,0.10013918404875195,0.0677483237861609,0.09062941288437718,0.09463037056611442,0.08863288371308274,0.0760027954983826,0.06558837264737054,0.012028287969670946,0.012374399751003835,0.01391738517132506,0.014002235098428675,0.01807239705593794,0.016693983245745208,0.01718599032223611,0.01733448735303115,0.018048862094158877,0.02153821558017732,0.016034714898857997,0.01594483910988295,0.013636057757014873,0.015422127085262999,0.021746330685574047,0.022374545041960247,0.016321922857780526,0.01662065862220338,0.015337945786398095,0.016480445761992313,0.018994399547991706,0.019984676727169557,0.02281994930238507,0.025569947564746835,0.02462615126017247,0.02688456654796507,0.02058803304145097,0.02252677821398631,0.02448539714315247,0.03050657638435141,0.01961654319492538,0.015769378807194097,0.014563937078107806,0.01439824564382992,0.014518545438703772
0.05581331054269261,0.039018087545075616,0.04158418584778547,0.03750698536644074,0.033717498004184145,0.07366343841840155,0.050871047598029635,0.04811262513273899,0.03016459751722086,0.024784687395071222,0.11784819048634214,0.10095595351716673,0.09224402585611516,0.09321695492385992,0.09474887074212456,0.08989819641341526,0.08339398865188813,0.08168968615164307,0.08236820585923184,0.06590805626432354,0.06665005674979037,0.05001540866214308,0.03190488284549108,0.030927717435298208,0.023297587366036317,0.06219226900531524,0.07081236026340514,0.076256940639432,0.10013918404875197,0.0677483237861609,0.08905684775572446,0.09463037056611442,0.08863288371308274,0.0760027954983826,0.06558837264737054,0.012028287969670946,0.012374399751003835,0.011909899316043769,0.014002235098428675,0.01807239705593794,0.016693983245745208,0.01718599032223611,0.01733448735303115,0.018048862094158877,0.02153821558017732,0.016034714898857997,0.01594483910988295,0.013636057757014873,0.014612251181604101,0.021746330685574047,0.01995094384028893,0.016321922857780526,0.01662065862220338,0.014145422776246098,0.016480445761992313,0.018994399547991706,0.01998467672716956,0.02281994930238507,0.025569947564746835,0.02462615126017247,0.02688456654796507,0.02058803304145097,0.02054718873732052,0.02448539714315248,0.026705404601939594,0.019616543194925385,0.015769378807194097,0.014563937078107806,0.01439824564382992,0.014518545438703772
