NE_WND 1,NE_WND 2,NE_WND 3,NE_WND 4,NE_WND 5,NE_WND 6,NE_WND 7,NE_WND 8,NE_WND 9,NE_WND 10,NE_WND 11,NE_WND 12,NE_WND 13,NE_WND 14,NE_WND 15,NE_WND 16,NE_WND 17,NE_WND 18,NE_WND 19,NE_WND 20,NE_WND 21,NE_WND 22,NE_WND 23,NE_WND 24,NE_WND 25,NE_WND 26,NE_WND 27,NE_WND 28,NE_WND 29,NE_WND 30,NE_WND 31,NE_WND 32,NE_WND 33,NE_WND 34,NE_WND 35,NE_PV 1,NE_PV 2,NE_PV 3,NE_PV 4,NE_PV 5,NE_PV 6,NE_PV 7,NE_PV 8,NE_PV 9,NE_PV 10,NE_PV 11,NE_PV 12,NE_PV 13,NE_PV 14,NE_PV 15,NE_PV 16,NE_PV 17,NE_PV 18,NE_PV 19,NE_PV 20,NE_PV 21,NE_PV 22,NE_PV 23,NE_PV 24,NE_PV 25,NE_PV 26,NE_PV 27,NE_PV 28,NE_PV 29,NE_PV 30,NE_PV 31,NE_PV 32,NE_PV 33,NE_PV 34,NE_PV 35,NE_OFWND 1
0.6071317817151677,0.49592736266367793,0.4277795085849,0.44942226262614354,0.41104673589998225,0.4615672737986557,0.44308153156201024,0.42699024008187525,0.4171463646060247,0.38499340108521213,0.5794459015699489,0.5539131602298051,0.5276040096308985,0.4968001917115023,0.4766180806559698,0.5316853888438036,0.5152367626347314,0.5344318671714592,0.5445104731920127,0.4933994327335979,0.23924576136127804,0.2546645194853996,0.22969461381105205,0.29728679412795356,0.3477975528571885,0.46708741712120216,0.4322948450050091,0.4368137154524825,0.43009203023474685,0.4218896473213899,0.4897306691010165,0.46504367450535716,0.46779367455981413,0.4585787149928297,0.4368268955839847,0.4919902888327841,0.40322666190699596,0.3113654027631497,0.29831308600403855,0.24238429707609527,0.6403945209287789,0.7000654931112006,0.7170901623016743,0.6996711372854547,0.6254979159448748,0.6655427787094907,0.5664742828521785,0.4335137367938352,0.33032213219998735,0.24622099563392963,0.4551801044164635,0.2653390662192413,0.23222304235805796,0.21455166090963124,0.2072121441446325,0.6944014598858886,0.6950162586437587,0.6541993809817445,0.4968423478171937,0.27377807204340215,0.6921212780482779,0.6821770661220153,0.6808100757284883,0.6821429156979751,0.68806109943622,0.6070762432125406,0.5989928248505165,0.5882476220061494,0.620482659622115,0.6046156715939437,0.42575221806764596
0.6071317817151677,0.49592736266367793,0.4277795085849,0.4187113378916467,0.3725790319123245,0.3734989070067115,0.3545095094103994,0.42699024008187536,0.3300508997999181,0.38499340108521213,0.5374412208096444,0.5539131602298051,0.5276040096308985,0.4968001917115023,0.47661808065596967,0.5288081323690573,0.5152367626347313,0.5344318671714592,0.5445104731920127,0.4933994327335979,0.23924576136127804,0.19484668650115106,0.18247796654529208,0.2413920715575067,0.2954698211933139,0.42213272099795934,0.42146210727882955,0.4368137154524825,0.43009203023474685,0.3936596388146191,0.3983526206280481,0.46504367450535716,0.46779367455981413,0.4585787149928298,0.4368268955839847,0.3575495166117327,0.36333022242416413,0.3113654027631497,0.16000359907536751,0.24238429707609527,0.6403945209287789,0.6120957511056843,0.6677615840221721,0.6524039122700358,0.5618867762029645,0.6081108984080565,0.42439438379524397,0.2914775465045679,0.18466729072633395,0.22106894985639372,0.4551801044164635,0.167385500459786,0.11973682299496438,0.09961864419101867,0.09780712664504562,0.6451657310096485,0.6603088811114604,0.6541993809817445,0.4968423478171937,0.12375880730425977,0.6027734396205988,0.6292985676424541,0.638193555822468,0.633421590577892,0.6342432256729446,0.6070762432125406,0.5989928248505165,0.5184405213963382,0.5230398618467342,0.5129710590202708,0.26794387847185136
0.5788712179758131,0.4659674781700621,0.4277795085849,0.4187113378916467,0.3725790319123245,0.2820905571763682,0.26604544757220583,0.2537423595595457,0.3300508997999181,0.2992251376460058,0.4855930815981851,0.46730288305814993,0.44818991948296344,0.3365500691702346,0.32334330207702283,0.353952428926149,0.4454450032238214,0.5344318671714592,0.46537251118659934,0.4052242421946074,0.23924576136127804,0.19484668650115106,0.18247796654529208,0.24139207155750672,0.2954698211933139,0.4067259650078885,0.3935802392958935,0.4085191160638151,0.40903038648713064,0.3936596388146191,0.3128808902257866,0.2885776888950981,0.29606030133026684,0.29323949438782637,0.2786494142084024,0.3193645308550218,0.2652808468496172,0.17955182552081664,0.16000359907536751,0.10552459891794497,0.5209385056667115,0.4946373095302993,0.5497462514695981,0.521064654926966,0.5075946730501433,0.47682922674403727,0.3898072489625178,0.2700315483869632,0.18466729072633395,0.11887285904891956,0.3212181424564763,0.12428260978525271,0.11973682299496438,0.09961864419101867,0.09780712664504562,0.5217465456412029,0.5511254622066459,0.5431686002411006,0.3695187051854908,0.12375880730425977,0.48170574422194135,0.41131176489369947,0.5169526038661065,0.5107733410997213,0.5137708076229268,0.48718470503575767,0.4803075107644159,0.3929509185876494,0.3984139964106523,0.38844332377048646,0.16052579730749125
0.5788712179758131,0.4659674781700621,0.41017694164068813,0.4187113378916467,0.3725790319123245,0.2820905571763682,0.26604544757220583,0.2537423595595457,0.21924793632956333,0.18843039664663608,0.35927784844582134,0.36019913941595316,0.39079306188866375,0.3365500691702346,0.32334330207702283,0.353952428926149,0.3688232795460621,0.47717210528015885,0.39739523649872527,0.3409586803046431,0.1676896026466031,0.12763529732333903,0.18247796654529208,0.16975094024547033,0.22513291223272275,0.4067259650078885,0.3789508311464272,0.4085191160638151,0.40903038648713064,0.3437707109043088,0.3128808902257866,0.2885776888950981,0.29606030133026684,0.29323949438782637,0.2786494142084024,0.2509969855608853,0.18466160979656582,0.17955182552081664,0.16000359907536751,0.10552459891794497,0.2895359494148372,0.3742607951916536,0.32027259608830555,0.31196424954697166,0.4415586845967002,0.24587865680413468,0.3168799047340033,0.19820861294503073,0.18466729072633392,0.11887285904891956,0.24416593136921771,0.12428260978525271,0.08754052866939752,0.09961864419101867,0.09780712664504562,0.3206797932995195,0.4292028083891989,0.3940329268589002,0.3695187051854908,0.12375880730425977,0.33884816635126896,0.2922593096849948,0.3132786063892191,0.2829597949707471,0.30544297362056483,0.3495354592077259,0.35255083375947266,0.3929509185876494,0.39841399641065234,0.3884433237704865,0.16052579730749125
0.5372747148727963,0.42879895888832775,0.41017694164068813,0.41871133789164683,0.3725790319123245,0.2820905571763682,0.26604544757220583,0.2537423595595457,0.21924793632956333,0.18843039664663608,0.2892346010754199,0.28004773815974454,0.27664849007715964,0.3365500691702346,0.2847721691873984,0.353952428926149,0.3688232795460621,0.4068393417927956,0.39739523649872527,0.325821309360567,0.1676896026466031,0.127635297323339,0.12372507002960575,0.16975094024547033,0.22513291223272275,0.4067259650078885,0.3789508311464272,0.3972503543757271,0.3927451502283584,0.3437707109043088,0.3128808902257866,0.2885776888950981,0.29606030133026684,0.29323949438782637,0.2786494142084024,0.20655700795013043,0.14088239844211026,0.17955182552081664,0.1600035990753675,0.10552459891794497,0.2895359494148371,0.23643523298277494,0.32027259608830555,0.31196424954697166,0.2644984704943109,0.24587865680413468,0.18457970742238236,0.1558384327692753,0.18466729072633392,0.11887285904891956,0.24416593136921771,0.12428260978525271,0.08754052866939752,0.09961864419101867,0.09780712664504562,0.32067979329951957,0.34194983788202493,0.3940329268589002,0.2640564554655814,0.12375880730425977,0.2384462857528026,0.15703725437551758,0.17688029257291296,0.18417790892521865,0.1702411395758827,0.2494936416283628,0.15300630601522075,0.18521411477206715,0.19133770243002118,0.1812275792382487,0.16052579730749125
0.49545970870735045,0.42879895888832775,0.41017694164068813,0.3810549076677274,0.3725790319123245,0.2820905571763682,0.26604544757220583,0.2277346351949922,0.21924793632956333,0.18843039664663608,0.2101691957426907,0.20358938704246868,0.2766484900771597,0.30510115210236044,0.2847721691873983,0.353952428926149,0.3688232795460621,0.4068393417927956,0.39739523649872527,0.325821309360567,0.08845504508892285,0.127635297323339,0.12372507002960575,0.16975094024547036,0.14939449654901826,0.4067259650078885,0.3789508311464272,0.3972503543757271,0.3927451502283584,0.3437707109043088,0.3128808902257866,0.2885776888950981,0.2634976646347682,0.29323949438782637,0.26151204609420003,0.20655700795013043,0.14088239844211023,0.0878750494815414,0.1600035990753675,0.10552459891794497,0.152059652391934,0.17908941836383951,0.17918684519963488,0.18292454716693682,0.24434322930153862,0.24587865680413468,0.18457970742238233,0.1558384327692753,0.0985830914920465,0.11887285904891956,0.14362278677923826,0.12428260978525271,0.08754052866939752,0.07508049859195386,0.07540423649835536,0.32067979329951957,0.34194983788202493,0.2589356985038568,0.2640564554655813,0.12375880730425977,0.14491683798018157,0.15703725437551758,0.176880292572913,0.18417790892521863,0.17024113957588272,0.1528339528422063,0.15300630601522075,0.18521411477206715,0.19133770243002118,0.1812275792382487,0.16052579730749125
0.49545970870735045,0.42879895888832775,0.41017694164068813,0.3810549076677274,0.3725790319123245,0.2820905571763682,0.2434042532520225,0.2277346351949922,0.21924793632956333,0.18843039664663608,0.2101691957426907,0.20358938704246868,0.2091691825629626,0.30510115210236044,0.28477216918739834,0.353952428926149,0.3688232795460621,0.4068393417927956,0.37598262588586795,0.325821309360567,0.08845504508892284,0.05866977893504525,0.12372507002960575,0.10010332620937748,0.14939449654901826,0.4067259650078885,0.3789508311464272,0.3972503543757271,0.3927451502283584,0.3437707109043088,0.3128808902257866,0.2651716427487195,0.26349766463476826,0.2660603621976218,0.2269139050148048,0.1471848427522327,0.14088239844211023,0.0878750494815414,0.08959530796456627,0.10552459891794497,0.152059652391934,0.17908941836383954,0.07467591687222612,0.07810516129565101,0.1589440471231932,0.11876929425352072,0.18457970742238233,0.09093004962128645,0.09858309149204651,0.11887285904891956,0.14362278677923826,0.12428260978525271,0.08754052866939752,0.07508049859195386,0.07540423649835536,0.08939887587360225,0.1123292049193377,0.14365796780460996,0.2640564554655813,0.12375880730425977,0.14491683798018157,0.15703725437551758,0.176880292572913,0.18417790892521863,0.07856768156217546,0.1528339528422063,0.15300630601522075,0.14572586222990536,0.19133770243002118,0.1812275792382487,0.16052579730749125
0.458278920626081,0.37840163061449306,0.38222144068485286,0.3810549076677274,0.3458570373977974,0.2820905571763682,0.2434042532520225,0.2277346351949922,0.21924793632956333,0.18843039664663608,0.1686601157891468,0.1610793570529873,0.16750128896181832,0.2594027518624535,0.28477216918739834,0.353952428926149,0.3688232795460621,0.3845715063025475,0.37598262588586795,0.325821309360567,0.08845504508892284,0.05866977893504525,0.06721444497811775,0.10010332620937748,0.14939449654901826,0.4067259650078885,0.3789508311464272,0.3972503543757271,0.3927451502283584,0.3127418855363557,0.30578511154121596,0.26517164274871957,0.26349766463476826,0.2660603621976218,0.2269139050148048,0.10237631414155227,0.14088239844211023,0.0878750494815414,0.08959530796456627,0.10552459891794497,0.05859505274621486,0.06547743535809229,0.07467591687222612,0.07810516129565101,0.08220851991479196,0.11876929425352072,0.18457970742238233,0.09093004962128645,0.09858309149204651,0.11887285904891956,0.14362278677923826,0.1242826097852527,0.08754052866939752,0.07508049859195386,0.07540423649835536,0.08939887587360225,0.1123292049193377,0.14365796780460996,0.2640564554655813,0.05695822079510947,0.07407935545700847,0.07349036615185708,0.08631368517167777,0.09439179845136594,0.07856768156217546,0.1528339528422063,0.15300630601522075,0.10696117566066354,0.19133770243002118,0.1812275792382487,0.16052579730749125
0.4582789206260811,0.35997351837493285,0.3427166749776037,0.3373368095048349,0.3458570373977974,0.2645102046460252,0.2434042532520225,0.2277346351949922,0.21924793632956333,0.18843039664663608,0.1686601157891468,0.1610793570529873,0.16750128896181832,0.2594027518624536,0.28477216918739834,0.353952428926149,0.3688232795460621,0.3845715063025475,0.37598262588586795,0.325821309360567,0.08845504508892284,0.05866977893504525,0.06721444497811775,0.10010332620937748,0.14939449654901826,0.4067259650078885,0.3789508311464272,0.3972503543757271,0.34751691032222765,0.3127418855363557,0.30578511154121596,0.26517164274871957,0.26349766463476826,0.2198307866420993,0.1747392180847773,0.10237631414155227,0.14088239844211023,0.0878750494815414,0.08959530796456627,0.10552459891794497,0.05859505274621486,0.06547743535809229,0.07467591687222612,0.07810516129565101,0.08220851991479197,0.11876929425352072,0.09351321649289501,0.048490609107882235,0.09858309149204651,0.11887285904891956,0.14362278677923826,0.1242826097852527,0.08754052866939752,0.07508049859195386,0.07540423649835536,0.08939887587360225,0.1123292049193377,0.10927482708662299,0.17381710930675143,0.05695822079510947,0.07407935545700847,0.07349036615185708,0.08631368517167777,0.05628149247459322,0.07856768156217546,0.0863160692187252,0.15300630601522075,0.10484452597117733,0.1470166795685643,0.136793018968699,0.12450099438428874
0.4582789206260811,0.35997351837493285,0.32672367470631775,0.3373368095048349,0.3458570373977974,0.2645102046460252,0.2434042532520225,0.2277346351949922,0.21924793632956333,0.15207588769311178,0.1686601157891468,0.1610793570529873,0.16750128896181832,0.22608847020399342,0.24304122155850835,0.353952428926149,0.3688232795460621,0.3845715063025475,0.37598262588586795,0.325821309360567,0.08845504508892284,0.05866977893504525,0.06721444497811775,0.10010332620937748,0.14939449654901826,0.4067259650078885,0.3789508311464272,0.39725035437572703,0.34751691032222765,0.3042466774730478,0.30578511154121596,0.26517164274871957,0.26349766463476826,0.18089890234168918,0.1747392180847773,0.10237631414155227,0.14088239844211023,0.0878750494815414,0.08959530796456627,0.10552459891794497,0.05859505274621486,0.06547743535809229,0.07467591687222612,0.07810516129565101,0.08220851991479197,0.052121752696725386,0.05614958896920128,0.048490609107882235,0.09858309149204651,0.06606476375392942,0.14362278677923826,0.1242826097852527,0.08754052866939752,0.07508049859195386,0.07540423649835536,0.08939887587360225,0.1123292049193377,0.05463015165410408,0.17381710930675143,0.05695822079510947,0.07407935545700847,0.07349036615185708,0.08631368517167777,0.05628149247459322,0.07856768156217546,0.0481533793322225,0.11541795582209942,0.06859215679797277,0.1470166795685643,0.08015664499413379,0.12450099438428874
0.4177197019831021,0.35997351837493285,0.32672367470631775,0.3373368095048349,0.31317192267711813,0.2645102046460252,0.2434042532520225,0.2277346351949922,0.21924793632956333,0.15207588769311178,0.1686601157891468,0.1610793570529873,0.16750128896181832,0.18528976121823562,0.24304122155850835,0.353952428926149,0.3688232795460621,0.3845715063025475,0.37598262588586795,0.325821309360567,0.08845504508892284,0.05866977893504525,0.06721444497811775,0.10010332620937748,0.14939449654901826,0.37167724241675887,0.3789508311464272,0.3766873026532862,0.34751691032222765,0.3042466774730478,0.30578511154121596,0.26517164274871957,0.26349766463476826,0.15128337791409116,0.1747392180847773,0.10237631414155227,0.0691311893752975,0.0878750494815414,0.08959530796456627,0.05879133131290176,0.05859505274621486,0.06547743535809229,0.07467591687222612,0.07810516129565101,0.08220851991479197,0.052121752696725386,0.05614958896920128,0.048490609107882235,0.09858309149204651,0.06606476375392942,0.06972003188544584,0.1242826097852527,0.08754052866939752,0.07508049859195386,0.07540423649835536,0.08939887587360225,0.059531807880611076,0.05463015165410408,0.10166868768814297,0.05695822079510947,0.03873721698192114,0.03883148976121232,0.05189325254452963,0.05628149247459322,0.0444343243279156,0.0481533793322225,0.060947907819897874,0.06859215679797277,0.09557930877448832,0.08015664499413379,0.12450099438428874
0.41771970198310215,0.32538089035657614,0.31093383390902524,0.3373368095048349,0.31317192267711813,0.2645102046460252,0.2434042532520225,0.2277346351949922,0.21924793632956333,0.15207588769311178,0.1686601157891468,0.1610793570529873,0.16750128896181832,0.18528976121823562,0.20961273081773973,0.353952428926149,0.3688232795460621,0.3845715063025475,0.37598262588586795,0.2635934699797155,0.08845504508892284,0.05866977893504525,0.06721444497811775,0.10010332620937748,0.14939449654901826,0.37167724241675887,0.3789508311464272,0.3766873026532862,0.34751691032222765,0.2735020908293318,0.29841387657634283,0.26517164274871957,0.26349766463476826,0.15128337791409116,0.1747392180847773,0.10237631414155227,0.0691311893752975,0.0878750494815414,0.08959530796456627,0.05879133131290176,0.05859505274621486,0.06547743535809229,0.07467591687222612,0.07810516129565101,0.08220851991479197,0.052121752696725386,0.05614958896920128,0.048490609107882235,0.034194746282096,0.06606476375392942,0.037271935464330934,0.1242826097852527,0.08754052866939752,0.07508049859195386,0.07540423649835536,0.04524788056786851,0.059531807880611076,0.05463015165410408,0.10166868768814297,0.05695822079510947,0.03873721698192114,0.03883148976121232,0.05189325254452963,0.05628149247459322,0.0444343243279156,0.0481533793322225,0.060947907819897874,0.06859215679797279,0.09557930877448832,0.08015664499413377,0.12450099438428874
0.3562935374051138,0.32538089035657614,0.31093383390902524,0.3373368095048349,0.31317192267711813,0.2645102046460252,0.2434042532520225,0.2277346351949922,0.21924793632956333,0.12412527798174242,0.1449050741757108,0.1610793570529873,0.16750128896181832,0.18528976121823562,0.20961273081773973,0.353952428926149,0.3688232795460621,0.3845715063025475,0.37598262588586795,0.1879574217466989,0.08845504508892284,0.05866977893504525,0.06721444497811775,0.10010332620937745,0.14939449654901826,0.37167724241675887,0.35869620926202567,0.37032097328682884,0.34751691032222765,0.2288660435253945,0.29841387657634283,0.26517164274871957,0.23307387241175373,0.15128337791409116,0.15766277789878902,0.10237631414155227,0.0691311893752975,0.0878750494815414,0.08959530796456627,0.05879133131290176,0.05859505274621486,0.06547743535809229,0.07467591687222612,0.07810516129565101,0.0399233700618992,0.052121752696725386,0.05614958896920128,0.048490609107882235,0.034194746282096,0.06606476375392942,0.037271935464330934,0.08659220392976975,0.08754052866939752,0.07508049859195386,0.07540423649835536,0.04524788056786851,0.05322305683884754,0.04813446636015582,0.10166868768814297,0.05695822079510947,0.03873721698192114,0.03883148976121232,0.051893252544529644,0.05628149247459322,0.0444343243279156,0.0481533793322225,0.060947907819897874,0.06859215679797279,0.09557930877448832,0.08015664499413377,0.12450099438428874
0.17775785160378424,0.32538089035657614,0.2942952302355385,0.3373368095048349,0.31317192267711813,0.2645102046460252,0.2434042532520225,0.2277346351949922,0.21924793632956333,0.12412527798174242,0.10495377096255616,0.1610793570529873,0.16750128896181832,0.18528976121823562,0.19201895621084725,0.353952428926149,0.3688232795460621,0.3845715063025475,0.37598262588586795,0.1879574217466989,0.08845504508892284,0.05866977893504525,0.06721444497811775,0.10010332620937745,0.14939449654901824,0.2951337134919173,0.354863429362407,0.37032097328682884,0.32235622408217657,0.2288660435253945,0.29841387657634283,0.26517164274871957,0.20448606529947097,0.15128337791409116,0.15385074044801267,0.046247774617556345,0.0691311893752975,0.0878750494815414,0.08959530796456627,0.05879133131290176,0.05859505274621486,0.06547743535809229,0.03624801634697962,0.037931916109023064,0.0399233700618992,0.052121752696725386,0.05614958896920128,0.048490609107882235,0.034194746282096,0.06606476375392942,0.037271935464330934,0.08659220392976975,0.08754052866939752,0.07508049859195386,0.07540423649835536,0.04524788056786851,0.05322305683884754,0.04813446636015582,0.10166868768814297,0.05695822079510947,0.03873721698192114,0.03883148976121232,0.051893252544529644,0.05628149247459322,0.0444343243279156,0.0481533793322225,0.060947907819897874,0.06859215679797279,0.0414854180914319,0.08015664499413377,0.12450099438428874
0.1243057547197756,0.2930587478115707,0.2610346287557648,0.3070065231571441,0.28606403076534254,0.2645102046460252,0.2434042532520225,0.2277346351949922,0.19235813504979532,0.12412527798174242,0.10495377096255616,0.1398140864543423,0.1335092955005837,0.18528976121823562,0.17317059800997642,0.353952428926149,0.3688232795460621,0.3845715063025475,0.37598262588586795,0.13131003556435175,0.08845504508892284,0.05866977893504525,0.06721444497811775,0.10010332620937745,0.14939449654901824,0.2951337134919173,0.3008039537958333,0.2873752008412929,0.32235622408217657,0.2288660435253945,0.29841387657634283,0.26517164274871957,0.20448606529947097,0.15128337791409116,0.15385074044801267,0.046247774617556345,0.0691311893752975,0.0878750494815414,0.08959530796456627,0.05879133131290176,0.05859505274621486,0.06547743535809229,0.03624801634697962,0.037931916109023064,0.0399233700618992,0.0167512263055751,0.05614958896920128,0.048490609107882235,0.034194746282096,0.06606476375392942,0.037271935464330934,0.08659220392976975,0.08754052866939752,0.07508049859195386,0.07540423649835536,0.04524788056786851,0.05322305683884754,0.04813446636015582,0.0379025625486778,0.05695822079510947,0.03873721698192114,0.03883148976121232,0.051893252544529644,0.05628149247459322,0.0444343243279156,0.0481533793322225,0.060947907819897874,0.06859215679797279,0.0414854180914319,0.08015664499413377,0.12450099438428874
0.12430575471977559,0.24108523065933266,0.2471424599376763,0.28634963770316996,0.276158786862572,0.2645102046460252,0.2434042532520225,0.2277346351949922,0.19235813504979532,0.12412527798174242,0.10495377096255616,0.1398140864543423,0.1335092955005837,0.18528976121823565,0.17317059800997642,0.353952428926149,0.3688232795460621,0.3560185501147164,0.37598262588586795,0.0664616254143938,0.08845504508892284,0.05866977893504525,0.06721444497811775,0.10010332620937745,0.14939449654901824,0.2309275950800839,0.3008039537958333,0.22815308096250217,0.2910597542466476,0.16539782315594795,0.29841387657634283,0.26517164274871957,0.20448606529947097,0.15128337791409116,0.12172681087872717,0.046247774617556345,0.0691311893752975,0.0878750494815414,0.08959530796456627,0.05879133131290176,0.05859505274621486,0.030528617016259457,0.03624801634697962,0.037931916109023064,0.0399233700618992,0.0167512263055751,0.05614958896920128,0.048490609107882235,0.034194746282096,0.06606476375392942,0.037271935464330934,0.08659220392976975,0.08754052866939752,0.07508049859195386,0.07540423649835536,0.04524788056786851,0.01590343836974508,0.04813446636015582,0.0379025625486778,0.05695822079510947,0.03873721698192114,0.03883148976121232,0.051893252544529644,0.05628149247459322,0.044434324327915595,0.0481533793322225,0.060947907819897874,0.06859215679797279,0.0414854180914319,0.08015664499413377,0.12450099438428874
0.0663017827474086,0.22152406107934014,0.24714245993767636,0.25156777297874733,0.22003624228360247,0.2645102046460252,0.1965284227412237,0.2277346351949922,0.19235813504979535,0.12412527798174242,0.10495377096255616,0.1063200592265876,0.13350929550058374,0.18528976121823565,0.17317059800997642,0.29313385575305595,0.3090439736648317,0.3560185501147164,0.3759826258858679,0.0664616254143938,0.08845504508892284,0.05866977893504525,0.06721444497811775,0.10010332620937745,0.14939449654901824,0.1731010560143924,0.24555782978857427,0.15564040329266876,0.1882669232679831,0.16539782315594795,0.29841387657634283,0.26517164274871957,0.20448606529947097,0.12841504324284972,0.12172681087872717,0.046247774617556345,0.0691311893752975,0.0878750494815414,0.08959530796456627,0.05879133131290176,0.02667620493275098,0.030528617016259457,0.03624801634697962,0.037931916109023064,0.0399233700618992,0.0167512263055751,0.05614958896920128,0.048490609107882235,0.034194746282096,0.06606476375392942,0.037271935464330934,0.08659220392976975,0.08754052866939752,0.07508049859195386,0.07540423649835536,0.04524788056786852,0.01590343836974508,0.04813446636015582,0.0379025625486778,0.05695822079510947,0.03873721698192114,0.03883148976121232,0.051893252544529644,0.024301904331553624,0.044434324327915595,0.0481533793322225,0.060947907819897874,0.06859215679797279,0.0414854180914319,0.04671631432989522,0.12450099438428874
0.0663017827474086,0.15011347147447252,0.20537187711899904,0.20148047445336248,0.19303449022029684,0.22052303237563614,0.1965284227412237,0.19514886515347035,0.17487816413143248,0.09286256583944244,0.10495377096255616,0.1063200592265876,0.13350929550058374,0.18528976121823565,0.16347798179975698,0.2218827261256319,0.2640761806416407,0.3560185501147164,0.2551431498241521,0.06646162541439378,0.08845504508892284,0.05866977893504525,0.06721444497811775,0.10010332620937745,0.14939449654901824,0.12181986124536322,0.16677157664855796,0.15564040329266876,0.1882669232679831,0.11014516542558457,0.29841387657634283,0.22007372060842653,0.20448606529947097,0.12841504324284972,0.12172681087872717,0.046247774617556345,0.0691311893752975,0.0878750494815414,0.08959530796456627,0.05879133131290176,0.02667620493275098,0.030528617016259457,0.03624801634697962,0.037931916109023064,0.0399233700618992,0.0167512263055751,0.05614958896920128,0.048490609107882235,0.034194746282096,0.06606476375392942,0.037271935464330934,0.08659220392976974,0.06018553505769843,0.07508049859195386,0.07540423649835536,0.00822313918028908,0.01590343836974508,0.0161659968802282,0.0379025625486778,0.05695822079510947,0.03873721698192114,0.03883148976121232,0.051893252544529644,0.02430190433155362,0.044434324327915595,0.0481533793322225,0.060947907819897874,0.0372949514825721,0.0414854180914319,0.04671631432989522,0.12450099438428874
0.0663017827474086,0.15011347147447254,0.15764371841753566,0.1401484324331172,0.19303449022029687,0.22052303237563614,0.1965284227412237,0.19514886515347035,0.17487816413143248,0.09286256583944244,0.10495377096255616,0.1063200592265876,0.13350929550058374,0.15877403700581677,0.16347798179975698,0.18198637202110618,0.2640761806416407,0.3560185501147164,0.2551431498241521,0.06646162541439378,0.08845504508892284,0.05866977893504525,0.06721444497811775,0.10010332620937745,0.14939449654901824,0.10734017115199541,0.10950170216952282,0.043069545666151746,0.14525384554021586,0.11014516542558457,0.29841387657634283,0.22007372060842653,0.20448606529947097,0.12841504324284972,0.12172681087872717,0.046247774617556345,0.0691311893752975,0.0878750494815414,0.08959530796456627,0.05879133131290175,0.02667620493275098,0.030528617016259457,0.03624801634697962,0.037931916109023064,0.0062189600125573,0.0167512263055751,0.05614958896920128,0.048490609107882235,0.034194746282096,0.06606476375392942,0.037271935464330934,0.08659220392976974,0.06018553505769843,0.07508049859195386,0.07540423649835536,0.00822313918028908,0.01590343836974508,0.0161659968802282,0.0379025625486778,0.05695822079510948,0.03873721698192114,0.03883148976121232,0.051893252544529644,0.02430190433155362,0.044434324327915595,0.0481533793322225,0.03400318315306256,0.0372949514825721,0.005965801927839,0.04671631432989522,0.12450099438428874
0.0663017827474086,0.09031030132243353,0.14038635273760855,0.050019593507057224,0.09494842135881991,0.22052303237563614,0.1965284227412237,0.19514886515347035,0.17487816413143248,0.09286256583944244,0.10495377096255616,0.1063200592265876,0.13350929550058374,0.15877403700581677,0.16347798179975698,0.18198637202110615,0.2640761806416406,0.3020433958548609,0.25514314982415204,0.01667295596048476,0.08845504508892284,0.05866977893504525,0.06721444497811775,0.10010332620937745,0.14939449654901824,0.06116272006317438,0.0410661604863201,0.043069545666151746,0.09162353970784405,0.11014516542558457,0.2656632028164353,0.22007372060842653,0.20448606529947097,0.12841504324284972,0.12172681087872717,0.046247774617556345,0.0691311893752975,0.0495720460015293,0.08959530796456627,0.05879133131290175,0.02667620493275098,0.030528617016259457,0.03624801634697962,0.00498570496242548,0.0062189600125573,0.0167512263055751,0.05614958896920128,0.048490609107882235,0.034194746282096,0.06606476375392942,0.037271935464330934,0.08659220392976974,0.06018553505769843,0.07508049859195386,0.07540423649835536,0.00822313918028908,0.01590343836974508,0.0161659968802282,0.0379025625486778,0.05695822079510948,0.03873721698192114,0.03883148976121232,0.051893252544529644,0.02430190433155362,0.044434324327915595,0.0481533793322225,0.034003183153062555,0.0372949514825721,0.005965801927839,0.04671631432989522,0.08598505705595012
0.039232321340991735,0.09031030132243352,0.10953448215390546,0.0368790897241339,0.05851498298141552,0.22052303237563614,0.16132882351735883,0.185188882276117,0.17487816413143248,0.09286256583944244,0.10495377096255616,0.1063200592265876,0.13350929550058374,0.15877403700581677,0.16347798179975698,0.18198637202110615,0.20018925263920875,0.25091859853386256,0.2202840851738325,0.01667295596048476,0.08845504508892284,0.05866977893504525,0.06721444497811775,0.10010332620937745,0.14939449654901824,0.054203718055662466,0.0410661604863201,0.043069545666151746,0.09162353970784406,0.11014516542558457,0.2656632028164353,0.126717149372668,0.1889348065842918,0.12841504324284972,0.12172681087872717,0.046247774617556345,0.0691311893752975,0.0495720460015293,0.08959530796456627,0.05879133131290175,0.02667620493275098,0.030528617016259457,0.00445032309859794,0.00498570496242548,0.0062189600125573,0.0167512263055751,0.016248199065835897,0.048490609107882235,0.034194746282096,0.06606476375392942,0.037271935464330934,0.08659220392976974,0.060185535057698414,0.07508049859195386,0.07540423649835537,0.00822313918028908,0.01590343836974508,0.0161659968802282,0.0379025625486778,0.05695822079510948,0.03873721698192114,0.03883148976121232,0.027572782111851102,0.02430190433155362,0.044434324327915595,0.02094653117876338,0.034003183153062555,0.0372949514825721,0.005965801927839,0.00608767888728024,0.06917245015501972
0.039232321340991735,0.06736196867858002,0.08658234299867267,0.0368790897241339,0.04036486457245998,0.22052303237563614,0.16132882351735883,0.16094102882614147,0.17487816413143248,0.09286256583944244,0.10495377096255616,0.1063200592265876,0.11613936000518325,0.15877403700581677,0.16347798179975698,0.13993701972813358,0.20018925263920878,0.22317144721165877,0.14667656420312425,0.01667295596048476,0.08845504508892284,0.05866977893504525,0.06721444497811775,0.10010332620937745,0.14939449654901824,0.033104400340222294,0.0410661604863201,0.043069545666151746,0.043303417957232276,0.11014516542558457,0.2205842860887019,0.12671714937266804,0.1681268499904247,0.12841504324284972,0.12172681087872719,0.046247774617556345,0.0691311893752975,0.0495720460015293,0.08959530796456627,0.05879133131290175,0.02667620493275098,0.030528617016259463,0.00445032309859794,0.00498570496242548,0.0062189600125573,0.0167512263055751,0.016248199065835897,0.048490609107882235,0.034194746282096,0.06606476375392942,0.037271935464330934,0.08659220392976974,0.060185535057698414,0.07508049859195386,0.05358301844094813,0.00822313918028908,0.01590343836974508,0.0161659968802282,0.0379025625486778,0.05695822079510948,0.03873721698192114,0.03883148976121232,0.027572782111851102,0.02430190433155362,0.044434324327915595,0.02094653117876338,0.00402350657662158,0.0372949514825721,0.005965801927839,0.00608767888728024,0.06917245015501972
0.039232321340991735,0.06736196867858002,0.0485899112527579,0.0368790897241339,0.04036486457245998,0.17699117765843014,0.16132882351735883,0.15752011318170595,0.14985483365166427,0.09286256583944244,0.10495377096255616,0.1063200592265876,0.11613936000518325,0.15877403700581677,0.16347798179975698,0.13993701972813358,0.20018925263920878,0.22317144721165877,0.14667656420312425,0.01667295596048476,0.08845504508892284,0.05866977893504525,0.06721444497811775,0.10010332620937745,0.14939449654901824,0.02608858168187838,0.0410661604863201,0.043069545666151746,0.043303417957232276,0.08511081513078203,0.2205842860887019,0.12671714937266804,0.1300521688247027,0.12841504324284972,0.12172681087872719,0.04624777461755634,0.03537817863226804,0.0495720460015293,0.08959530796456627,0.05879133131290175,0.02667620493275098,0.030528617016259463,0.00445032309859794,0.00498570496242548,0.0062189600125573,0.0167512263055751,0.016248199065835897,0.048490609107882235,0.034194746282096,0.06606476375392942,0.037271935464330934,0.053233640873591684,0.060185535057698414,0.07508049859195386,0.05358301844094813,0.00822313918028908,0.01590343836974508,0.0161659968802282,0.0379025625486778,0.05695822079510948,0.013874585202845019,0.01433611184858768,0.027572782111851102,0.02430190433155362,0.044434324327915595,0.02094653117876338,0.00402350657662158,0.0372949514825721,0.005965801927839,0.00608767888728024,0.06088203173130746
0.039232321340991735,0.03483094098962356,0.0485899112527579,0.0368790897241339,0.04036486457245998,0.15856672295587013,0.13891842891807382,0.11459307250580028,0.14985483365166427,0.09286256583944244,0.10495377096255616,0.1063200592265876,0.11613936000518325,0.15877403700581677,0.16347798179975698,0.13993701972813358,0.16524339741388255,0.22317144721165877,0.10517627672925071,0.01667295596048476,0.08845504508892284,0.058669778935045235,0.06721444497811775,0.10010332620937745,0.14939449654901824,0.02608858168187838,0.03182037999437484,0.043069545666151746,0.043303417957232276,0.08511081513078203,0.2205842860887019,0.12671714937266804,0.09453870997301113,0.12841504324284972,0.12172681087872719,0.04624777461755634,0.03537817863226804,0.0495720460015293,0.08959530796456627,0.05879133131290175,0.02667620493275098,0.00311326470828914,0.00445032309859794,0.00498570496242548,0.0062189600125573,0.0167512263055751,0.016248199065835897,0.048490609107882235,0.034194746282096,0.06606476375392942,0.037271935464330934,0.053233640873591684,0.06018553505769843,0.0550388023401069,0.05358301844094813,0.00822313918028908,0.01590343836974508,0.0161659968802282,0.0379025625486778,0.05695822079510948,0.013874585202845019,0.01433611184858768,0.027572782111851102,0.02430190433155362,0.020286228586098402,0.02094653117876338,0.00402350657662158,0.0372949514825721,0.005965801927839,0.00608767888728024,0.06088203173130746
0.039232321340991735,0.03483094098962356,0.041254982400461535,0.0368790897241339,0.04036486457245998,0.14669183951122383,0.12001585515134192,0.11459307250580028,0.13962772678733676,0.09286256583944244,0.10495377096255616,0.1063200592265876,0.11613936000518325,0.15877403700581677,0.16347798179975698,0.13993701972813358,0.0994201463669208,0.22317144721165877,0.10517627672925071,0.01667295596048476,0.08845504508892284,0.058669778935045235,0.06721444497811775,0.10010332620937745,0.14939449654901824,0.02608858168187838,0.03182037999437484,0.03407184507014948,0.04330341795723228,0.08511081513078203,0.16970901801376365,0.12671714937266804,0.09453870997301113,0.10852904038449611,0.12172681087872719,0.04624777461755634,0.03537817863226804,0.0495720460015293,0.062312406136812014,0.05879133131290175,0.02667620493275098,0.00311326470828914,0.00445032309859794,0.00498570496242548,0.0062189600125573,0.0167512263055751,0.016248199065835897,0.048490609107882235,0.034194746282096,0.06606476375392942,0.037271935464330934,0.053233640873591684,0.06018553505769843,0.0550388023401069,0.05358301844094813,0.00822313918028908,0.01590343836974508,0.0161659968802282,0.0379025625486778,0.05695822079510948,0.013874585202845019,0.01433611184858768,0.027572782111851102,0.02430190433155362,0.020286228586098402,0.02094653117876338,0.00402350657662158,0.00504738237427372,0.005965801927839,0.00608767888728024,0.05984553927555676
0.039232321340991735,0.03483094098962356,0.041254982400461535,0.0368790897241339,0.04036486457245998,0.14025244582328153,0.12001585515134192,0.11459307250580028,0.1396277267873368,0.09286256583944244,0.10495377096255616,0.1063200592265876,0.11613936000518325,0.15877403700581677,0.16347798179975698,0.10893843331421678,0.0994201463669208,0.22317144721165877,0.10517627672925071,0.01667295596048476,0.08845504508892284,0.058669778935045235,0.06721444497811775,0.10010332620937745,0.14939449654901824,0.02608858168187838,0.03182037999437484,0.03407184507014947,0.04330341795723228,0.059484377915763886,0.16970901801376365,0.12671714937266804,0.08000191118373923,0.10852904038449611,0.12172681087872719,0.04624777461755634,0.03537817863226804,0.0495720460015293,0.062312406136812014,0.0329402646811648,0.02667620493275098,0.00311326470828914,0.00445032309859794,0.00498570496242548,0.0062189600125573,0.0167512263055751,0.016248199065835897,0.01871927626315122,0.034194746282096,0.06606476375392942,0.037271935464330934,0.053233640873591684,0.06018553505769843,0.0550388023401069,0.05358301844094813,0.00822313918028908,0.01590343836974508,0.0161659968802282,0.01609817845847076,0.05695822079510948,0.013874585202845019,0.01433611184858768,0.00243469410650428,0.02430190433155362,0.020286228586098402,0.02094653117876338,0.00402350657662158,0.00504738237427372,0.005965801927839,0.00608767888728024,0.05984553927555676
0.039232321340991735,0.03483094098962356,0.041254982400461535,0.0368790897241339,0.04036486457245998,0.14025244582328153,0.12001585515134192,0.11459307250580028,0.12685944607335953,0.09286256583944244,0.10495377096255616,0.1063200592265876,0.11613936000518325,0.15877403700581677,0.16347798179975698,0.10893843331421675,0.0994201463669208,0.22317144721165877,0.10517627672925071,0.01667295596048476,0.08845504508892284,0.058669778935045235,0.06721444497811775,0.10010332620937745,0.14939449654901824,0.02608858168187838,0.03182037999437484,0.03407184507014947,0.03736256481604966,0.059484377915763886,0.16970901801376365,0.12671714937266804,0.08000191118373923,0.10852904038449611,0.12172681087872719,0.04624777461755634,0.03537817863226804,0.0495720460015293,0.062312406136812014,0.0329402646811648,0.00222416707592442,0.00311326470828914,0.00445032309859794,0.00498570496242548,0.0062189600125573,0.0167512263055751,0.016248199065835897,0.01871927626315122,0.034194746282096,0.06606476375392942,0.037271935464330934,0.053233640873591684,0.060185535057698414,0.0550388023401069,0.05358301844094813,0.00822313918028908,0.01590343836974508,0.0161659968802282,0.01609817845847076,0.05695822079510948,0.013874585202845019,0.01433611184858768,0.00243469410650428,0.02430190433155362,0.020286228586098402,0.02094653117876338,0.00402350657662158,0.00504738237427372,0.005965801927839,0.00608767888728024,0.05936944335699078
0.039232321340991735,0.03483094098962356,0.041254982400461535,0.0368790897241339,0.03347618029871282,0.14025244582328153,0.12001585515134192,0.11459307250580028,0.12685944607335953,0.09286256583944244,0.10495377096255616,0.1063200592265876,0.11613936000518325,0.15877403700581674,0.14430486576071694,0.0808229981938396,0.0994201463669208,0.10134500900384905,0.10517627672925071,0.016672955960484757,0.08845504508892284,0.058669778935045235,0.06721444497811775,0.10010332620937745,0.14939449654901824,0.02608858168187838,0.03182037999437484,0.03407184507014947,0.03736256481604966,0.0594843779157639,0.1299795802209281,0.11798569957202845,0.08000191118373923,0.10852904038449611,0.12172681087872719,0.04624777461755634,0.03537817863226804,0.0495720460015293,0.062312406136812014,0.0329402646811648,0.00222416707592442,0.00311326470828914,0.00445032309859794,0.00498570496242548,0.0062189600125573,0.0167512263055751,0.016248199065835897,0.01871927626315122,0.034194746282096,0.06606476375392942,0.037271935464330934,0.053233640873591684,0.060185535057698414,0.0550388023401069,0.05358301844094813,0.00822313918028908,0.01590343836974508,0.0161659968802282,0.01609817845847076,0.05695822079510948,0.013874585202845019,0.01433611184858768,0.00243469410650428,0.02430190433155362,0.020286228586098402,0.02094653117876338,0.00402350657662158,0.00504738237427372,0.005965801927839,0.00608767888728024,0.05936944335699078
0.039232321340991735,0.03483094098962356,0.026593994815044895,0.0368790897241339,0.03347618029871282,0.1246137705752027,0.12001585515134192,0.11459307250580028,0.12685944607335953,0.09286256583944244,0.10495377096255616,0.1063200592265876,0.11613936000518325,0.14560587130570513,0.14430486576071694,0.0808229981938396,0.0994201463669208,0.10134500900384905,0.07580514081430818,0.016672955960484757,0.08845504508892284,0.058669778935045235,0.06721444497811775,0.10010332620937745,0.11846431372394135,0.02608858168187838,0.03182037999437484,0.029147144039916716,0.03736256481604966,0.02500593131630376,0.1299795802209281,0.11798569957202845,0.08000191118373923,0.10852904038449611,0.10492914280117312,0.017097392118969677,0.03537817863226804,0.0495720460015293,0.062312406136812014,0.0329402646811648,0.00222416707592442,0.00311326470828914,0.00445032309859794,0.00498570496242548,0.0062189600125573,0.0167512263055751,0.016248199065835897,0.01871927626315122,0.034194746282096,0.03912567221504162,0.008509278490364636,0.026087630440069082,0.060185535057698414,0.055038802340106906,0.05358301844094813,0.00822313918028908,0.01590343836974508,0.0161659968802282,0.01609817845847076,0.05695822079510948,0.013874585202845019,0.01433611184858768,0.00243469410650428,0.00201976996498474,0.020286228586098402,0.02094653117876338,0.00402350657662158,0.00504738237427372,0.005965801927839,0.00608767888728024,0.05936944335699078
0.039232321340991735,0.03483094098962356,0.026593994815044895,0.0368790897241339,0.03347618029871282,0.1246137705752027,0.1200158551513419,0.11459307250580028,0.12685944607335953,0.09286256583944244,0.10495377096255616,0.1063200592265876,0.11613936000518325,0.14560587130570513,0.13120647206402575,0.0808229981938396,0.0994201463669208,0.10134500900384905,0.07580514081430818,0.016672955960484757,0.08845504508892284,0.058669778935045235,0.06721444497811775,0.10010332620937745,0.11846431372394135,0.02608858168187838,0.021760853630100562,0.029147144039916716,0.03736256481604966,0.02500593131630376,0.1299795802209281,0.11798569957202845,0.08000191118373923,0.10852904038449614,0.10492914280117312,0.017097392118969677,0.03537817863226804,0.0495720460015293,0.03747531518689604,0.0329402646811648,0.00222416707592442,0.00311326470828914,0.00445032309859794,0.00498570496242548,0.0062189600125573,0.0167512263055751,0.016248199065835897,0.01871927626315122,0.034194746282096,0.03912567221504161,0.008509278490364636,0.026087630440069082,0.060185535057698414,0.055038802340106906,0.05358301844094813,0.00822313918028908,0.01590343836974508,0.0161659968802282,0.01609817845847076,0.05695822079510948,0.013874585202845019,0.01433611184858768,0.00243469410650428,0.00201976996498474,0.020286228586098402,0.02094653117876338,0.00402350657662158,0.00504738237427372,0.005965801927839,0.00608767888728024,0.05936944335699078
0.039232321340991735,0.03483094098962356,0.026593994815044895,0.023670385398107,0.022945861187905623,0.1246137705752027,0.1200158551513419,0.10584980473034304,0.12685944607335953,0.09286256583944244,0.10495377096255616,0.1063200592265876,0.11613936000518325,0.14560587130570513,0.13120647206402575,0.0808229981938396,0.0994201463669208,0.04105067499520286,0.07580514081430818,0.016672955960484757,0.08845504508892284,0.058669778935045235,0.06721444497811775,0.10010332620937745,0.11846431372394135,0.02608858168187838,0.021760853630100562,0.029147144039916716,0.0328578114896807,0.02500593131630376,0.1299795802209281,0.11798569957202845,0.04654484538353866,0.10852904038449614,0.08102680808420915,0.0145185738467807,0.03537817863226804,0.0495720460015293,0.03747531518689604,0.0329402646811648,0.00222416707592442,0.00311326470828914,0.00445032309859794,0.00498570496242548,0.0062189600125573,0.0167512263055751,0.016248199065835897,0.01871927626315122,0.034194746282096,0.03912567221504161,0.008509278490364636,0.026087630440069082,0.060185535057698414,0.055038802340106906,0.05358301844094813,0.00822313918028908,0.01590343836974508,0.0161659968802282,0.01609817845847076,0.05695822079510948,0.013874585202845019,0.01433611184858768,0.00243469410650428,0.00201976996498474,0.020286228586098402,0.02094653117876338,0.00402350657662158,0.00504738237427372,0.005965801927839,0.00608767888728024,0.05936944335699078
0.039232321340991735,0.03483094098962356,0.026593994815044895,0.023670385398107,0.022945861187905623,0.1246137705752027,0.1200158551513419,0.10584980473034304,0.1268594460733595,0.09286256583944244,0.10495377096255616,0.1063200592265876,0.11613936000518325,0.14560587130570513,0.11025089751831867,0.0808229981938396,0.0994201463669208,0.04105067499520286,0.07580514081430818,0.016672955960484757,0.08845504508892284,0.058669778935045235,0.06721444497811775,0.10010332620937745,0.11846431372394135,0.02608858168187838,0.021760853630100562,0.0240050085849208,0.0328578114896807,0.016615146556669298,0.07649568318968128,0.0787668210166941,0.04654484538353866,0.08214987196431035,0.08102680808420915,0.0145185738467807,0.03537817863226804,0.0495720460015293,0.03747531518689604,0.0329402646811648,0.00222416707592442,0.00311326470828914,0.00445032309859794,0.00498570496242548,0.0062189600125573,0.0167512263055751,0.016248199065835897,0.01871927626315122,0.034194746282096,0.03912567221504161,0.008509278490364636,0.026087630440069082,0.060185535057698414,0.055038802340106906,0.05358301844094813,0.00822313918028908,0.01590343836974508,0.0161659968802282,0.01609817845847076,0.03274908148679822,0.013874585202845019,0.01433611184858768,0.00243469410650428,0.00201976996498474,0.00215235865518604,0.02094653117876338,0.00402350657662158,0.00504738237427372,0.005965801927839,0.00608767888728024,0.05936944335699078
0.039232321340991735,0.026817316158830363,0.026593994815044895,0.023670385398107,0.02294586118790562,0.1246137705752027,0.1200158551513419,0.10584980473034304,0.1268594460733595,0.09286256583944244,0.10495377096255616,0.1063200592265876,0.11613936000518325,0.14560587130570513,0.11025089751831867,0.0808229981938396,0.0994201463669208,0.04105067499520286,0.07580514081430818,0.016672955960484757,0.08845504508892284,0.058669778935045235,0.06721444497811775,0.10010332620937745,0.08321250973035148,0.02608858168187838,0.021760853630100562,0.0240050085849208,0.027986783874303485,0.016615146556669298,0.07649568318968128,0.0787668210166941,0.04654484538353866,0.08214987196431035,0.06386894293752723,0.0145185738467807,0.03537817863226804,0.0495720460015293,0.03747531518689604,0.0329402646811648,0.00222416707592442,0.00311326470828914,0.00445032309859794,0.00498570496242548,0.0062189600125573,0.0167512263055751,0.016248199065835897,0.01871927626315122,0.034194746282096,0.03912567221504161,0.008509278490364636,0.026087630440069082,0.060185535057698414,0.055038802340106906,0.05358301844094813,0.00822313918028908,0.01590343836974508,0.0161659968802282,0.01609817845847076,0.03274908148679822,0.013874585202845019,0.01433611184858768,0.00243469410650428,0.00201976996498474,0.00215235865518604,0.00351952413413052,0.00402350657662158,0.00504738237427372,0.005965801927839,0.00608767888728024,0.05936944335699078
0.039232321340991735,0.026817316158830363,0.026593994815044895,0.023670385398107,0.02294586118790562,0.1246137705752027,0.1200158551513419,0.10584980473034304,0.1268594460733595,0.09286256583944244,0.10495377096255616,0.1063200592265876,0.11613936000518325,0.14560587130570513,0.1102508975183187,0.05233192699433966,0.0994201463669208,0.04105067499520286,0.07580514081430818,0.016672955960484757,0.08845504508892284,0.058669778935045235,0.06721444497811775,0.10010332620937745,0.08321250973035148,0.02608858168187838,0.02176085363010056,0.0240050085849208,0.027986783874303485,0.016615146556669298,0.07649568318968127,0.0787668210166941,0.0127160960560326,0.06198604636391528,0.06386894293752723,0.0145185738467807,0.03537817863226804,0.0495720460015293,0.03747531518689604,0.0329402646811648,0.00222416707592442,0.00311326470828914,0.00445032309859794,0.00498570496242548,0.0062189600125573,0.0167512263055751,0.016248199065835897,0.01871927626315122,0.034194746282096,0.03912567221504161,0.008509278490364636,0.026087630440069082,0.060185535057698414,0.0550388023401069,0.05358301844094813,0.00822313918028908,0.01590343836974508,0.0161659968802282,0.01609817845847076,0.03274908148679822,0.013874585202845019,0.01433611184858768,0.00243469410650428,0.00201976996498474,0.00215235865518604,0.00351952413413052,0.00402350657662158,0.00504738237427372,0.005965801927839,0.00608767888728024,0.05936944335699078
0.039232321340991735,0.026817316158830363,0.026593994815044895,0.023670385398107,0.02294586118790562,0.1246137705752027,0.08887868900229334,0.09242224911126837,0.11429487228227186,0.09286256583944244,0.10495377096255616,0.1063200592265876,0.11176570583249064,0.14560587130570513,0.1102508975183187,0.05233192699433966,0.0994201463669208,0.04105067499520286,0.07580514081430818,0.016672955960484757,0.08845504508892284,0.058669778935045235,0.06721444497811775,0.10010332620937745,0.08321250973035148,0.02608858168187838,0.01880080347142972,0.0240050085849208,0.027986783874303485,0.016615146556669298,0.07649568318968127,0.0580024743398872,0.0127160960560326,0.06198604636391528,0.04073241046165832,0.0145185738467807,0.03537817863226804,0.0495720460015293,0.03747531518689604,0.0329402646811648,0.00222416707592442,0.00311326470828914,0.00445032309859794,0.00498570496242548,0.0062189600125573,0.0167512263055751,0.016248199065835897,0.01871927626315122,0.034194746282096,0.03912567221504161,0.008509278490364636,0.026087630440069082,0.03806774291379347,0.0550388023401069,0.05358301844094813,0.00822313918028908,0.01590343836974508,0.0161659968802282,0.01609817845847076,0.03274908148679822,0.013874585202845019,0.01433611184858768,0.00243469410650428,0.00201976996498474,0.00215235865518604,0.00351952413413052,0.00402350657662158,0.00504738237427372,0.005965801927839,0.00608767888728024,0.05936944335699078
0.039232321340991735,0.026817316158830363,0.026593994815044895,0.023670385398107,0.02294586118790562,0.10662553201447138,0.08887868900229334,0.09242224911126837,0.11429487228227189,0.09286256583944244,0.10495377096255616,0.1063200592265876,0.11176570583249064,0.14560587130570513,0.1102508975183187,0.05233192699433966,0.0637607633296435,0.04105067499520286,0.04899187224060182,0.016672955960484757,0.08845504508892284,0.058669778935045235,0.06721444497811775,0.10010332620937745,0.04794516268947666,0.02608858168187838,0.01880080347142972,0.0240050085849208,0.027986783874303485,0.016615146556669298,0.07649568318968127,0.0580024743398872,0.0127160960560326,0.03821765478273998,0.04073241046165832,0.0145185738467807,0.03537817863226804,0.0495720460015293,0.03747531518689604,0.0329402646811648,0.00222416707592442,0.00311326470828914,0.00445032309859794,0.00498570496242548,0.0062189600125573,0.0167512263055751,0.016248199065835897,0.01871927626315122,0.034194746282096,0.03912567221504161,0.008509278490364636,0.026087630440069082,0.03806774291379347,0.0336978543124785,0.05358301844094813,0.00822313918028908,0.01590343836974508,0.0161659968802282,0.01609817845847076,0.03274908148679822,0.013874585202845019,0.01433611184858768,0.00243469410650428,0.00201976996498474,0.00215235865518604,0.00351952413413052,0.00402350657662158,0.00504738237427372,0.005965801927839,0.00608767888728024,0.0396019869484007
0.039232321340991735,0.026817316158830363,0.026593994815044895,0.023670385398107,0.02294586118790562,0.10662553201447138,0.08887868900229334,0.09242224911126837,0.1092874351028688,0.09286256583944244,0.10495377096255616,0.1063200592265876,0.11176570583249064,0.12233829343554008,0.1102508975183187,0.05233192699433966,0.0637607633296435,0.04105067499520286,0.04899187224060182,0.016672955960484757,0.08845504508892284,0.058669778935045235,0.06721444497811775,0.10010332620937745,0.04794516268947666,0.02608858168187838,0.01880080347142972,0.0240050085849208,0.027986783874303485,0.016615146556669298,0.07649568318968127,0.0580024743398872,0.0127160960560326,0.03821765478273998,0.04073241046165832,0.0145185738467807,0.03537817863226804,0.02873565034069872,0.03747531518689604,0.0329402646811648,0.00222416707592442,0.00311326470828914,0.00445032309859794,0.00498570496242548,0.0062189600125573,0.0167512263055751,0.016248199065835897,0.01871927626315122,0.034194746282096,0.03912567221504161,0.008509278490364636,0.026087630440069082,0.03806774291379347,0.0336978543124785,0.05358301844094813,0.00822313918028908,0.01590343836974508,0.0161659968802282,0.01609817845847076,0.03274908148679821,0.013874585202845019,0.01433611184858768,0.00243469410650428,0.00201976996498474,0.00215235865518604,0.00351952413413052,0.00402350657662158,0.00504738237427372,0.005965801927839,0.00608767888728024,0.0396019869484007
0.039232321340991735,0.026817316158830363,0.026593994815044895,0.023670385398107,0.02294586118790562,0.10662553201447138,0.08887868900229334,0.09242224911126837,0.1092874351028688,0.09286256583944244,0.10495377096255616,0.1063200592265876,0.11176570583249064,0.12233829343554008,0.1102508975183187,0.05233192699433966,0.0637607633296435,0.04105067499520286,0.01423679026227682,0.016672955960484757,0.08845504508892284,0.058669778935045235,0.06721444497811775,0.10010332620937745,0.04794516268947666,0.02608858168187838,0.01880080347142972,0.0240050085849208,0.027986783874303485,0.016615146556669298,0.07649568318968127,0.0580024743398872,0.0127160960560326,0.03821765478273998,0.04073241046165832,0.0145185738467807,0.03537817863226804,0.02873565034069872,0.03747531518689604,0.0329402646811648,0.00222416707592442,0.00311326470828914,0.00445032309859794,0.00498570496242548,0.0062189600125573,0.0167512263055751,0.016248199065835897,0.01871927626315122,0.034194746282096,0.03912567221504161,0.008509278490364636,0.026087630440069082,0.03806774291379347,0.0336978543124785,0.05358301844094813,0.00822313918028908,0.01590343836974508,0.009670311586279939,0.0097461825143139,0.03274908148679821,0.013874585202845019,0.01433611184858768,0.00243469410650428,0.00201976996498474,0.00215235865518604,0.00351952413413052,0.00402350657662158,0.00504738237427372,0.005965801927839,0.00608767888728024,0.0396019869484007
0.039232321340991735,0.026817316158830363,0.026593994815044895,0.023670385398107,0.02294586118790562,0.10662553201447138,0.08887868900229334,0.09242224911126837,0.1092874351028688,0.09286256583944244,0.10495377096255616,0.1063200592265876,0.11176570583249064,0.10483335731973767,0.08517569100710151,0.05233192699433966,0.0637607633296435,0.04105067499520286,0.01423679026227682,0.016672955960484757,0.08845504508892284,0.058669778935045235,0.06721444497811775,0.10010332620937745,0.04794516268947666,0.02608858168187838,0.01880080347142972,0.0240050085849208,0.027986783874303485,0.016615146556669298,0.07649568318968127,0.0580024743398872,0.0127160960560326,0.03821765478273998,0.04073241046165832,0.0145185738467807,0.03537817863226804,0.02873565034069872,0.03747531518689604,0.0329402646811648,0.00222416707592442,0.00311326470828914,0.00445032309859794,0.00498570496242548,0.0062189600125573,0.0167512263055751,0.0162481990658359,0.01871927626315122,0.034194746282096,0.03912567221504161,0.008509278490364636,0.026087630440069082,0.03806774291379347,0.0336978543124785,0.05358301844094813,0.00822313918028908,0.00959468732798154,0.009670311586279939,0.0097461825143139,0.03274908148679821,0.013874585202845019,0.01433611184858768,0.00243469410650428,0.00201976996498474,0.00215235865518604,0.00351952413413052,0.00402350657662158,0.00504738237427372,0.005965801927839,0.00608767888728024,0.0396019869484007
0.039232321340991735,0.026817316158830363,0.026593994815044895,0.023670385398107,0.02294586118790562,0.0866274557081273,0.08887868900229334,0.09242224911126837,0.09339168011585824,0.09286256583944244,0.10495377096255616,0.1063200592265876,0.11176570583249064,0.10483335731973767,0.05148735805945929,0.05233192699433966,0.0637607633296435,0.04105067499520286,0.01423679026227682,0.016672955960484757,0.08845504508892284,0.058669778935045235,0.06721444497811775,0.10010332620937745,0.04794516268947666,0.02608858168187838,0.01880080347142972,0.0240050085849208,0.027986783874303485,0.016615146556669298,0.07649568318968127,0.0580024743398872,0.0127160960560326,0.03821765478273998,0.04073241046165832,0.0145185738467807,0.01218348274692996,0.02873565034069872,0.03747531518689604,0.0329402646811648,0.00222416707592442,0.00311326470828914,0.00445032309859794,0.00498570496242548,0.0062189600125573,0.0167512263055751,0.0162481990658359,0.01871927626315122,0.034194746282096,0.03912567221504161,0.008509278490364636,0.026087630440069082,0.03806774291379347,0.0336978543124785,0.05358301844094813,0.00822313918028908,0.00959468732798154,0.009670311586279939,0.0097461825143139,0.03274908148679821,0.013874585202845019,0.01433611184858768,0.00243469410650428,0.00201976996498474,0.00215235865518604,0.00351952413413052,0.00402350657662158,0.00504738237427372,0.005965801927839,0.00608767888728024,0.0396019869484007
0.039232321340991735,0.026817316158830363,0.026593994815044895,0.023670385398106997,0.02294586118790562,0.0866274557081273,0.08887868900229334,0.09242224911126837,0.09339168011585824,0.09286256583944244,0.10495377096255616,0.1063200592265876,0.11176570583249064,0.08093736571458351,0.05148735805945929,0.05233192699433966,0.0637607633296435,0.04105067499520286,0.01423679026227682,0.016672955960484757,0.08845504508892284,0.058669778935045235,0.06721444497811775,0.10010332620937745,0.04794516268947666,0.02608858168187838,0.01880080347142972,0.0240050085849208,0.027986783874303485,0.016615146556669298,0.07649568318968127,0.0580024743398872,0.0127160960560326,0.03821765478273998,0.03409168622559136,0.0145185738467807,0.01218348274692996,0.02873565034069872,0.03747531518689604,0.0329402646811648,0.00222416707592442,0.00311326470828914,0.00445032309859794,0.00498570496242548,0.0062189600125573,0.0167512263055751,0.0162481990658359,0.01871927626315122,0.034194746282096,0.03912567221504161,0.008509278490364636,0.026087630440069082,0.03806774291379347,0.0336978543124785,0.043908247091944325,0.00822313918028908,0.00959468732798154,0.009670311586279939,0.0097461825143139,0.03274908148679821,0.013874585202845019,0.01433611184858768,0.00243469410650428,0.00201976996498474,0.00215235865518604,0.00351952413413052,0.00402350657662158,0.00504738237427372,0.005965801927839,0.00608767888728024,0.0396019869484007
0.039232321340991735,0.026817316158830363,0.026593994815044895,0.023670385398106997,0.02294586118790562,0.0866274557081273,0.08887868900229334,0.09242224911126837,0.09339168011585824,0.09286256583944244,0.10495377096255616,0.1063200592265876,0.11176570583249064,0.08093736571458351,0.05148735805945929,0.028201406798971117,0.04097394622327828,0.04105067499520286,0.01423679026227682,0.016672955960484757,0.08845504508892284,0.058669778935045235,0.06721444497811775,0.10010332620937745,0.04794516268947666,0.02608858168187838,0.01880080347142972,0.0240050085849208,0.027986783874303485,0.016615146556669298,0.07649568318968127,0.0580024743398872,0.0127160960560326,0.03821765478273998,0.03409168622559136,0.0145185738467807,0.01218348274692996,0.02873565034069872,0.03747531518689604,0.0329402646811648,0.00222416707592442,0.00311326470828914,0.00445032309859794,0.00498570496242548,0.0062189600125573,0.0167512263055751,0.0162481990658359,0.01871927626315122,0.034194746282096,0.03912567221504161,0.008509278490364636,0.026087630440069082,0.01931004873156613,0.0336978543124785,0.043908247091944325,0.00822313918028908,0.00959468732798154,0.009670311586279939,0.0097461825143139,0.03274908148679821,0.013874585202845019,0.01433611184858768,0.00243469410650428,0.00201976996498474,0.00215235865518604,0.00351952413413052,0.00402350657662158,0.00504738237427372,0.005965801927839,0.00608767888728024,0.0396019869484007
0.039232321340991735,0.026817316158830363,0.026593994815044895,0.023670385398106997,0.02294586118790562,0.0866274557081273,0.08887868900229334,0.0776923883393044,0.09339168011585824,0.09286256583944244,0.10495377096255616,0.1063200592265876,0.11176570583249064,0.07157669644089469,0.05148735805945929,0.028201406798971117,0.04097394622327828,0.04105067499520286,0.01423679026227682,0.016672955960484757,0.08845504508892284,0.058669778935045235,0.06721444497811775,0.10010332620937745,0.04794516268947666,0.02608858168187838,0.01880080347142972,0.0240050085849208,0.027986783874303478,0.016615146556669298,0.07649568318968127,0.0493168017265392,0.0127160960560326,0.03821765478273999,0.03409168622559136,0.0145185738467807,0.01218348274692996,0.02873565034069872,0.0130205748337617,0.0329402646811648,0.00222416707592442,0.00311326470828914,0.00445032309859794,0.00498570496242548,0.0062189600125573,0.0167512263055751,0.01437243393458438,0.01871927626315122,0.034194746282096,0.03912567221504161,0.008509278490364636,0.026087630440069082,0.01931004873156613,0.0336978543124785,0.043908247091944325,0.00822313918028908,0.00959468732798154,0.009670311586279939,0.0097461825143139,0.03274908148679822,0.013874585202845019,0.01433611184858768,0.00243469410650428,0.00201976996498474,0.00215235865518604,0.00351952413413052,0.00402350657662158,0.00504738237427372,0.005965801927839,0.00608767888728024,0.01867759337183086
0.039232321340991735,0.026817316158830363,0.026593994815044895,0.023670385398106997,0.02294586118790562,0.0866274557081273,0.08887868900229334,0.0776923883393044,0.09339168011585824,0.07040979218700913,0.10495377096255616,0.1063200592265876,0.11176570583249064,0.0715766964408947,0.05148735805945929,0.02207878213295026,0.04097394622327828,0.04105067499520286,0.01423679026227682,0.016672955960484757,0.08845504508892284,0.058669778935045235,0.06721444497811775,0.10010332620937745,0.04794516268947666,0.02608858168187838,0.01880080347142972,0.0240050085849208,0.027986783874303478,0.016615146556669298,0.06533229674037963,0.0493168017265392,0.0127160960560326,0.03821765478273999,0.03409168622559136,0.0145185738467807,0.01218348274692996,0.02873565034069872,0.0130205748337617,0.0329402646811648,0.00222416707592442,0.00311326470828914,0.00445032309859794,0.00498570496242548,0.0062189600125573,0.0167512263055751,0.01437243393458438,0.01871927626315122,0.034194746282096,0.03912567221504161,0.008509278490364636,0.026087630440069082,0.01931004873156613,0.0336978543124785,0.043908247091944325,0.00822313918028908,0.00959468732798154,0.009670311586279939,0.0097461825143139,0.03274908148679822,0.013874585202845019,0.01433611184858768,0.00243469410650428,0.00201976996498474,0.00215235865518604,0.00351952413413052,0.00402350657662158,0.00504738237427372,0.005965801927839,0.00608767888728024,0.01867759337183086
0.039232321340991735,0.026817316158830363,0.026593994815044895,0.023670385398106997,0.02294586118790562,0.0866274557081273,0.06785207687673413,0.0776923883393044,0.09339168011585824,0.07040979218700913,0.10495377096255616,0.1063200592265876,0.11176570583249064,0.05232214749722632,0.05148735805945929,0.02207878213295026,0.04097394622327828,0.04105067499520286,0.01423679026227682,0.016672955960484757,0.08845504508892284,0.058669778935045235,0.06721444497811775,0.07810141034905949,0.04794516268947666,0.02608858168187838,0.01880080347142972,0.0240050085849208,0.027986783874303478,0.016615146556669298,0.06533229674037963,0.0493168017265392,0.0127160960560326,0.03821765478273999,0.03409168622559136,0.0145185738467807,0.01218348274692996,0.02873565034069872,0.0130205748337617,0.0329402646811648,0.00222416707592442,0.00311326470828914,0.00445032309859794,0.00498570496242548,0.0062189600125573,0.0167512263055751,0.01437243393458438,0.01871927626315122,0.034194746282096,0.03912567221504161,0.008509278490364636,0.026087630440069082,0.01931004873156613,0.0336978543124785,0.043908247091944325,0.00822313918028908,0.00959468732798154,0.009670311586279939,0.0097461825143139,0.03274908148679822,0.013874585202845019,0.01433611184858768,0.00243469410650428,0.00201976996498474,0.00215235865518604,0.00351952413413052,0.00402350657662158,0.00504738237427372,0.005965801927839,0.00608767888728024,0.01867759337183086
0.039232321340991735,0.026817316158830363,0.026593994815044895,0.023670385398106997,0.014853022659251442,0.0866274557081273,0.06785207687673413,0.0776923883393044,0.09233854226189254,0.07040979218700913,0.10495377096255616,0.1063200592265876,0.11176570583249064,0.05232214749722632,0.05148735805945929,0.02207878213295026,0.04097394622327828,0.04105067499520286,0.01423679026227682,0.016672955960484757,0.08845504508892284,0.058669778935045235,0.06721444497811775,0.07810141034905949,0.04794516268947666,0.02608858168187838,0.01880080347142972,0.0240050085849208,0.027986783874303478,0.016615146556669298,0.06533229674037963,0.0493168017265392,0.0127160960560326,0.03821765478273999,0.030593644057328746,0.0145185738467807,0.01218348274692996,0.02873565034069872,0.0130205748337617,0.0329402646811648,0.00222416707592442,0.00311326470828914,0.00445032309859794,0.00498570496242548,0.0062189600125573,0.0167512263055751,0.01437243393458438,0.01871927626315122,0.034194746282096,0.02518344832496821,0.008509278490364636,0.026087630440069082,0.01931004873156613,0.0336978543124785,0.043908247091944325,0.00822313918028908,0.00959468732798154,0.009670311586279939,0.0097461825143139,0.03274908148679822,0.013874585202845019,0.01433611184858768,0.00243469410650428,0.00201976996498474,0.00215235865518604,0.00351952413413052,0.00402350657662158,0.00504738237427372,0.005965801927839,0.00608767888728024,0.01867759337183086
0.039232321340991735,0.026817316158830363,0.026593994815044895,0.023670385398106997,0.014853022659251442,0.0866274557081273,0.06785207687673413,0.0776923883393044,0.09233854226189254,0.07040979218700913,0.10495377096255616,0.1063200592265876,0.11176570583249064,0.03402349143696784,0.03649942593227205,0.02207878213295026,0.04097394622327828,0.04105067499520286,0.01423679026227682,0.016672955960484757,0.08845504508892284,0.058669778935045235,0.06721444497811775,0.07810141034905949,0.04794516268947666,0.02608858168187838,0.01880080347142972,0.0240050085849208,0.027986783874303478,0.016615146556669298,0.06533229674037963,0.0493168017265392,0.0127160960560326,0.02358091042661618,0.030593644057328746,0.0145185738467807,0.01218348274692996,0.02873565034069872,0.0130205748337617,0.0329402646811648,0.00222416707592442,0.00311326470828914,0.00445032309859794,0.00498570496242548,0.0062189600125573,0.0030548143698438195,0.01437243393458438,0.01871927626315122,0.034194746282096,0.02518344832496821,0.008509278490364636,0.008506100406663141,0.01931004873156613,0.0336978543124785,0.043908247091944325,0.00822313918028908,0.00959468732798154,0.009670311586279939,0.0097461825143139,0.03274908148679822,0.013874585202845019,0.01433611184858768,0.00243469410650428,0.00201976996498474,0.00215235865518604,0.00351952413413052,0.00402350657662158,0.00504738237427372,0.005965801927839,0.00608767888728024,0.01867759337183086
0.039232321340991735,0.026817316158830363,0.026593994815044895,0.023670385398106997,0.014853022659251442,0.0866274557081273,0.06785207687673411,0.0776923883393044,0.09233854226189254,0.04512648211293818,0.10495377096255616,0.1063200592265876,0.11176570583249064,0.03402349143696784,0.03649942593227205,0.02207878213295026,0.04097394622327828,0.04105067499520286,0.01423679026227682,0.016672955960484757,0.06789750945747142,0.058669778935045235,0.06721444497811775,0.07810141034905949,0.04794516268947666,0.02608858168187838,0.01880080347142972,0.0240050085849208,0.01906049459519734,0.016615146556669298,0.06533229674037963,0.0493168017265392,0.0127160960560326,0.02358091042661618,0.030593644057328746,0.0145185738467807,0.01218348274692996,0.02873565034069872,0.0130205748337617,0.0329402646811648,0.00222416707592442,0.00311326470828914,0.00445032309859794,0.00498570496242548,0.0062189600125573,0.0030548143698438195,0.01437243393458438,0.01871927626315122,0.034194746282096,0.02518344832496821,0.008509278490364636,0.008506100406663141,0.01931004873156613,0.0336978543124785,0.043908247091944325,0.00822313918028908,0.00959468732798154,0.009670311586279939,0.0097461825143139,0.03274908148679822,0.013874585202845019,0.01433611184858768,0.00243469410650428,0.00201976996498474,0.00215235865518604,0.00351952413413052,0.00402350657662158,0.00504738237427372,0.005965801927839,0.00608767888728024,0.01867759337183086
0.039232321340991735,0.026817316158830363,0.026593994815044895,0.023670385398106997,0.014853022659251442,0.0866274557081273,0.06785207687673411,0.061224407839850684,0.09233854226189254,0.04512648211293818,0.10495377096255616,0.1063200592265876,0.11176570583249064,0.03402349143696784,0.03649942593227205,0.02207878213295026,0.04097394622327828,0.03225722229164438,0.01423679026227682,0.016672955960484757,0.06789750945747142,0.058669778935045235,0.06721444497811775,0.07810141034905949,0.04794516268947666,0.02608858168187838,0.01880080347142972,0.0240050085849208,0.01906049459519734,0.016615146556669298,0.06533229674037963,0.0493168017265392,0.0127160960560326,0.02358091042661618,0.030593644057328746,0.0145185738467807,0.01218348274692996,0.02873565034069872,0.0130205748337617,0.0329402646811648,0.00222416707592442,0.00311326470828914,0.00445032309859794,0.00498570496242548,0.0062189600125573,0.0030548143698438195,0.01437243393458438,0.01871927626315122,0.034194746282096,0.02518344832496821,0.008509278490364636,0.008506100406663141,0.01931004873156613,0.0336978543124785,0.043908247091944325,0.00822313918028908,0.00959468732798154,0.009670311586279939,0.0097461825143139,0.03274908148679822,0.013874585202845019,0.0025998544230870398,0.00243469410650428,0.00201976996498474,0.00215235865518604,0.00351952413413052,0.00402350657662158,0.00504738237427372,0.005965801927839,0.00608767888728024,0.01867759337183086
0.039232321340991735,0.026817316158830363,0.026593994815044895,0.023670385398107,0.014853022659251442,0.0866274557081273,0.06785207687673411,0.061224407839850684,0.09233854226189254,0.04512648211293818,0.10495377096255616,0.1063200592265876,0.11176570583249064,0.03402349143696784,0.03649942593227205,0.02207878213295026,0.04097394622327828,0.03225722229164438,0.01423679026227682,0.016672955960484757,0.06789750945747142,0.058669778935045235,0.06721444497811775,0.07810141034905949,0.04794516268947666,0.02608858168187838,0.01880080347142972,0.0240050085849208,0.01906049459519734,0.016615146556669298,0.06533229674037963,0.0493168017265392,0.0127160960560326,0.02358091042661618,0.030593644057328746,0.0145185738467807,0.01218348274692996,0.02873565034069872,0.0130205748337617,0.0329402646811648,0.00222416707592442,0.00311326470828914,0.00445032309859794,0.00498570496242548,0.0062189600125573,0.0030548143698438195,0.01437243393458438,0.01871927626315122,0.034194746282096,0.02518344832496821,0.008509278490364636,0.008506100406663141,0.01931004873156613,0.0336978543124785,0.03633878884034618,0.00822313918028908,0.00959468732798154,0.009670311586279939,0.0097461825143139,0.03274908148679822,0.013874585202845019,0.0025998544230870398,0.00243469410650428,0.00201976996498474,0.00215235865518604,0.00351952413413052,0.00402350657662158,0.00504738237427372,0.005965801927839,0.00608767888728024,0.00219937057700006
0.039232321340991735,0.026817316158830363,0.026593994815044895,0.023670385398107,0.014853022659251442,0.0866274557081273,0.06785207687673411,0.061224407839850684,0.07630975087428764,0.04512648211293818,0.10495377096255616,0.1063200592265876,0.11176570583249064,0.025137886533940258,0.03649942593227206,0.02207878213295026,0.04097394622327828,0.03225722229164438,0.01423679026227682,0.016672955960484757,0.06789750945747142,0.058669778935045235,0.06721444497811775,0.07810141034905949,0.04794516268947666,0.02608858168187838,0.01880080347142972,0.0240050085849208,0.01906049459519734,0.016615146556669298,0.06533229674037963,0.0493168017265392,0.0127160960560326,0.01795879920418462,0.03059364405732874,0.0145185738467807,0.01218348274692996,0.02873565034069872,0.0130205748337617,0.0329402646811648,0.00222416707592442,0.00311326470828914,0.00445032309859794,0.00498570496242548,0.0062189600125573,0.0030548143698438195,0.01437243393458438,0.01871927626315122,0.034194746282096,0.02518344832496821,0.008509278490364636,0.008506100406663141,0.01931004873156613,0.0336978543124785,0.03633878884034618,0.00822313918028908,0.00959468732798154,0.009670311586279939,0.0097461825143139,0.03274908148679822,0.0027827687130070797,0.0025998544230870398,0.00243469410650428,0.00201976996498474,0.00215235865518604,0.00351952413413052,0.00402350657662158,0.00504738237427372,0.005965801927839,0.00608767888728024,0.00219937057700006
0.039232321340991735,0.026817316158830363,0.026593994815044895,0.023670385398107,0.014853022659251442,0.0866274557081273,0.06785207687673411,0.061224407839850684,0.07206799549914467,0.04512648211293818,0.10495377096255616,0.1063200592265876,0.11176570583249064,0.025137886533940258,0.03649942593227205,0.02207878213295026,0.04097394622327828,0.03225722229164438,0.01423679026227682,0.008000353935731879,0.06789750945747142,0.058669778935045235,0.06721444497811775,0.07810141034905949,0.04794516268947666,0.02608858168187838,0.01880080347142972,0.0240050085849208,0.01906049459519734,0.016615146556669298,0.06533229674037963,0.0493168017265392,0.0127160960560326,0.01795879920418462,0.0173009948456609,0.0145185738467807,0.01218348274692996,0.011122238079385682,0.0130205748337617,0.0329402646811648,0.00222416707592442,0.00311326470828914,0.00445032309859794,0.00498570496242548,0.0062189600125573,0.0030548143698438195,0.01437243393458438,0.01871927626315122,0.034194746282096,0.02518344832496821,0.008509278490364636,0.008506100406663141,0.01931004873156613,0.018727350253437337,0.03633878884034618,0.00822313918028908,0.00959468732798154,0.009670311586279939,0.0097461825143139,0.03274908148679822,0.0027827687130070797,0.0025998544230870398,0.00243469410650428,0.00201976996498474,0.00215235865518604,0.00351952413413052,0.00402350657662158,0.00504738237427372,0.005965801927839,0.00608767888728024,0.00219937057700006
0.039232321340991735,0.026817316158830363,0.026593994815044895,0.023670385398107,0.014853022659251442,0.0866274557081273,0.06785207687673411,0.061224407839850684,0.07206799549914467,0.04512648211293818,0.10495377096255616,0.1063200592265876,0.11176570583249064,0.025137886533940258,0.03649942593227205,0.02207878213295026,0.04097394622327828,0.03225722229164438,0.01423679026227682,0.008000353935731879,0.06789750945747142,0.058669778935045235,0.06721444497811775,0.057721173622300205,0.04794516268947666,0.02608858168187838,0.01880080347142972,0.0240050085849208,0.01906049459519734,0.016615146556669298,0.06533229674037963,0.0493168017265392,0.0127160960560326,0.01795879920418462,0.0173009948456609,0.0145185738467807,0.01218348274692996,0.011122238079385682,0.0130205748337617,0.0329402646811648,0.00222416707592442,0.00311326470828914,0.00445032309859794,0.00498570496242548,0.0062189600125573,0.0030548143698438195,0.01437243393458438,0.01871927626315122,0.019528396124349277,0.02518344832496821,0.008509278490364636,0.008506100406663141,0.01931004873156613,0.018727350253437337,0.03633878884034618,0.00822313918028908,0.00959468732798154,0.009670311586279939,0.0097461825143139,0.03274908148679822,0.0027827687130070797,0.0025998544230870398,0.00243469410650428,0.00201976996498474,0.00215235865518604,0.00351952413413052,0.00402350657662158,0.00504738237427372,0.005965801927839,0.00608767888728024,0.00219937057700006
0.039232321340991735,0.026817316158830363,0.01717724076446886,0.023670385398107,0.014853022659251442,0.0866274557081273,0.06785207687673411,0.061224407839850684,0.07206799549914465,0.04512648211293818,0.10495377096255616,0.1063200592265876,0.095405667237701,0.025137886533940258,0.03649942593227205,0.02207878213295026,0.04097394622327828,0.03225722229164438,0.01423679026227682,0.008000353935731879,0.06789750945747142,0.058669778935045235,0.06721444497811775,0.05432884633957654,0.04794516268947666,0.02608858168187838,0.01880080347142972,0.0240050085849208,0.01906049459519734,0.016615146556669298,0.06533229674037963,0.0493168017265392,0.0127160960560326,0.01795879920418462,0.0173009948456609,0.0145185738467807,0.01218348274692996,0.011122238079385682,0.0130205748337617,0.0329402646811648,0.00222416707592442,0.00311326470828914,0.00445032309859794,0.00498570496242548,0.0062189600125573,0.0030548143698438195,0.01437243393458438,0.01871927626315122,0.019528396124349277,0.02518344832496821,0.008509278490364636,0.008506100406663141,0.01931004873156613,0.018727350253437337,0.029436585836465124,0.00822313918028908,0.00959468732798154,0.009670311586279939,0.0097461825143139,0.03274908148679822,0.0027827687130070797,0.0025998544230870398,0.00243469410650428,0.00201976996498474,0.00215235865518604,0.00351952413413052,0.00402350657662158,0.00504738237427372,0.005965801927839,0.00608767888728024,0.00219937057700006
0.039232321340991735,0.026817316158830363,0.01717724076446886,0.023670385398107,0.014853022659251442,0.0866274557081273,0.06785207687673411,0.061224407839850684,0.06768367644925603,0.04512648211293818,0.10495377096255616,0.1063200592265876,0.095405667237701,0.025137886533940258,0.03649942593227205,0.02207878213295026,0.04097394622327828,0.03225722229164438,0.01423679026227682,0.008000353935731879,0.06789750945747142,0.058669778935045235,0.06721444497811775,0.05432884633957654,0.04794516268947666,0.02608858168187838,0.01880080347142972,0.0240050085849208,0.01906049459519734,0.016615146556669298,0.06533229674037963,0.0493168017265392,0.0127160960560326,0.01795879920418462,0.0173009948456609,0.0145185738467807,0.01218348274692996,0.011122238079385682,0.0130205748337617,0.0329402646811648,0.00222416707592442,0.00311326470828914,0.00445032309859794,0.00498570496242548,0.0062189600125573,0.0030548143698438195,0.01437243393458438,0.01871927626315122,0.019528396124349277,0.02518344832496821,0.008509278490364636,0.008506100406663141,0.01931004873156613,0.018727350253437337,0.029436585836465124,0.00822313918028908,0.00959468732798154,0.009670311586279939,0.0097461825143139,0.03274908148679822,0.0027827687130070797,0.0025998544230870398,0.00243469410650428,0.00201976996498474,0.00215235865518604,0.00351952413413052,0.00402350657662158,0.00504738237427372,0.005965801927839,0.00608767888728024,0.00219937057700006
0.039232321340991735,0.026817316158830363,0.01717724076446886,0.023670385398107,0.014853022659251442,0.0866274557081273,0.06785207687673411,0.061224407839850684,0.06768367644925603,0.04512648211293818,0.10495377096255616,0.1063200592265876,0.07657581818924038,0.025137886533940258,0.016437505651652758,0.02207878213295026,0.04097394622327828,0.03225722229164438,0.01423679026227682,0.008000353935731879,0.06789750945747142,0.058669778935045235,0.06721444497811775,0.054328846339576534,0.04794516268947666,0.02608858168187838,0.01880080347142972,0.0240050085849208,0.01906049459519734,0.016615146556669298,0.06533229674037963,0.0493168017265392,0.00803202181778114,0.00945814022330246,0.0173009948456609,0.0145185738467807,0.01218348274692996,0.011122238079385682,0.0130205748337617,0.0329402646811648,0.00222416707592442,0.00311326470828914,0.00445032309859794,0.00498570496242548,0.0062189600125573,0.0030548143698438195,0.01437243393458438,0.01871927626315122,0.019528396124349277,0.02518344832496821,0.008509278490364636,0.008506100406663141,0.01931004873156613,0.018727350253437337,0.029436585836465124,0.00822313918028908,0.00959468732798154,0.009670311586279939,0.0097461825143139,0.03274908148679822,0.0027827687130070797,0.0025998544230870398,0.00243469410650428,0.00201976996498474,0.00215235865518604,0.00351952413413052,0.00402350657662158,0.00504738237427372,0.005965801927839,0.00608767888728024,0.00219937057700006
0.039232321340991735,0.026817316158830363,0.01717724076446886,0.023670385398107,0.014853022659251442,0.0866274557081273,0.06785207687673411,0.061224407839850684,0.06768367644925603,0.04512648211293818,0.10495377096255616,0.1063200592265876,0.07657581818924038,0.025137886533940258,0.016437505651652758,0.02207878213295026,0.04097394622327828,0.03225722229164438,0.01423679026227682,0.008000353935731879,0.06789750945747142,0.058669778935045235,0.06721444497811775,0.054328846339576534,0.04794516268947666,0.02608858168187838,0.01880080347142972,0.0240050085849208,0.01906049459519734,0.016615146556669298,0.06533229674037963,0.04357469653648742,0.00803202181778114,0.00945814022330246,0.0173009948456609,0.0145185738467807,0.01218348274692996,0.011122238079385682,0.0130205748337617,0.0329402646811648,0.00222416707592442,0.00311326470828914,0.00445032309859794,0.00498570496242548,0.0062189600125573,0.0030548143698438195,0.0044147807346041805,0.01871927626315122,0.019528396124349277,0.02518344832496821,0.008509278490364636,0.008506100406663141,0.01931004873156613,0.018727350253437337,0.029436585836465124,0.00822313918028908,0.00959468732798154,0.009670311586279939,0.0097461825143139,0.03274908148679822,0.0027827687130070797,0.0025998544230870398,0.00243469410650428,0.00201976996498474,0.00215235865518604,0.00351952413413052,0.00402350657662158,0.00504738237427372,0.005965801927839,0.00608767888728024,0.00219937057700006
0.039232321340991735,0.026817316158830363,0.01717724076446886,0.023670385398107,0.014853022659251442,0.0866274557081273,0.06785207687673413,0.061224407839850684,0.050607271961645606,0.04512648211293818,0.10495377096255616,0.1063200592265876,0.07657581818924038,0.025137886533940258,0.016437505651652758,0.02207878213295026,0.04097394622327828,0.032257222291644384,0.01423679026227682,0.008000353935731879,0.06789750945747142,0.058669778935045235,0.06721444497811775,0.054328846339576534,0.04794516268947666,0.02608858168187838,0.01880080347142972,0.0240050085849208,0.01906049459519734,0.016615146556669298,0.06533229674037963,0.04357469653648742,0.00803202181778114,0.00945814022330246,0.0173009948456609,0.0145185738467807,0.01218348274692996,0.011122238079385682,0.0130205748337617,0.0329402646811648,0.00222416707592442,0.00311326470828914,0.00445032309859794,0.00498570496242548,0.0062189600125573,0.0030548143698438195,0.0044147807346041805,0.01871927626315122,0.019528396124349277,0.02518344832496821,0.008509278490364636,0.008506100406663141,0.01931004873156613,0.018727350253437337,0.029436585836465124,0.00822313918028908,0.00959468732798154,0.009670311586279939,0.0097461825143139,0.03274908148679822,0.0027827687130070797,0.0025998544230870398,0.00243469410650428,0.00201976996498474,0.00215235865518604,0.00351952413413052,0.00402350657662158,0.00504738237427372,0.005965801927839,0.00608767888728024,0.00219937057700006
0.039232321340991735,0.026817316158830363,0.01717724076446886,0.023670385398107,0.014853022659251442,0.0866274557081273,0.06785207687673413,0.04892903253951918,0.050607271961645606,0.04512648211293818,0.10495377096255616,0.1063200592265876,0.07657581818924038,0.025137886533940258,0.016437505651652758,0.02207878213295026,0.04097394622327828,0.032257222291644384,0.01423679026227682,0.008000353935731879,0.06789750945747142,0.058669778935045235,0.06721444497811775,0.054328846339576534,0.04794516268947666,0.02608858168187838,0.01880080347142972,0.0240050085849208,0.01906049459519734,0.016615146556669298,0.06533229674037963,0.04357469653648742,0.00803202181778114,0.00945814022330246,0.0173009948456609,0.0145185738467807,0.01218348274692996,0.011122238079385682,0.0130205748337617,0.0329402646811648,0.00222416707592442,0.00311326470828914,0.00445032309859794,0.00498570496242548,0.0062189600125573,0.0030548143698438195,0.0044147807346041805,0.01871927626315122,0.019528396124349277,0.02518344832496821,0.007170115043759656,0.008506100406663141,0.01931004873156613,0.018727350253437337,0.029436585836465124,0.00822313918028908,0.00959468732798154,0.009670311586279939,0.0097461825143139,0.03274908148679822,0.0027827687130070797,0.0025998544230870398,0.00243469410650428,0.00201976996498474,0.00215235865518604,0.00351952413413052,0.00402350657662158,0.00504738237427372,0.005965801927839,0.00608767888728024,0.00219937057700006
0.039232321340991735,0.026817316158830363,0.01717724076446886,0.023670385398107,0.014853022659251442,0.0866274557081273,0.06785207687673413,0.04892903253951918,0.050607271961645606,0.04512648211293818,0.10495377096255616,0.1063200592265876,0.07657581818924038,0.0244210002076469,0.016437505651652758,0.02207878213295026,0.04097394622327828,0.032257222291644384,0.01423679026227682,0.008000353935731879,0.06789750945747142,0.058669778935045235,0.06721444497811775,0.035885550219169074,0.04794516268947666,0.02608858168187838,0.01880080347142972,0.0240050085849208,0.01906049459519734,0.016615146556669298,0.06533229674037963,0.04357469653648742,0.00803202181778114,0.00945814022330246,0.0173009948456609,0.0145185738467807,0.01218348274692996,0.011122238079385682,0.0130205748337617,0.0329402646811648,0.00222416707592442,0.00311326470828914,0.00445032309859794,0.00498570496242548,0.0062189600125573,0.0030548143698438195,0.0044147807346041805,0.01871927626315122,0.019528396124349277,0.02518344832496821,0.007170115043759656,0.008506100406663141,0.01931004873156613,0.018727350253437337,0.029436585836465124,0.00822313918028908,0.00959468732798154,0.009670311586279939,0.0097461825143139,0.03274908148679822,0.0027827687130070797,0.0025998544230870398,0.00243469410650428,0.00201976996498474,0.00215235865518604,0.00351952413413052,0.00402350657662158,0.00504738237427372,0.005965801927839,0.00608767888728024,0.00219937057700006
0.039232321340991735,0.026817316158830363,0.01717724076446886,0.023670385398107,0.014853022659251442,0.0866274557081273,0.06785207687673413,0.04892903253951918,0.04595464761324458,0.04512648211293818,0.10495377096255616,0.10276203341081289,0.07657581818924038,0.0244210002076469,0.016437505651652758,0.02207878213295026,0.04097394622327828,0.032257222291644384,0.00966243952047852,0.008000353935731879,0.06789750945747142,0.058669778935045235,0.06721444497811775,0.035885550219169074,0.024850898032071016,0.02608858168187838,0.01880080347142972,0.0240050085849208,0.01906049459519734,0.00941138187275462,0.06533229674037963,0.04357469653648742,0.00803202181778114,0.00945814022330246,0.0173009948456609,0.0145185738467807,0.01218348274692996,0.011122238079385682,0.0130205748337617,0.0329402646811648,0.00222416707592442,0.00311326470828914,0.00445032309859794,0.00498570496242548,0.0062189600125573,0.0030548143698438195,0.0044147807346041805,0.01871927626315122,0.019528396124349277,0.02518344832496821,0.007170115043759656,0.007190876305845302,0.01931004873156613,0.018727350253437337,0.029436585836465124,0.00822313918028908,0.00959468732798154,0.009670311586279939,0.0097461825143139,0.03274908148679822,0.0027827687130070797,0.0025998544230870398,0.00243469410650428,0.00201976996498474,0.00215235865518604,0.00351952413413052,0.00402350657662158,0.00504738237427372,0.005965801927839,0.00608767888728024,0.00219937057700006
0.039232321340991735,0.026817316158830363,0.01717724076446886,0.023670385398107,0.014853022659251442,0.0866274557081273,0.06785207687673413,0.04892903253951918,0.040702011653479524,0.02964075539531672,0.10495377096255616,0.10276203341081289,0.07657581818924039,0.01529340352862318,0.016437505651652758,0.02207878213295026,0.04097394622327828,0.01606723720966406,0.00966243952047852,0.008000353935731879,0.06789750945747142,0.058669778935045235,0.06721444497811775,0.035885550219169074,0.024850898032071016,0.02608858168187838,0.01880080347142972,0.0240050085849208,0.01906049459519734,0.00941138187275462,0.06533229674037963,0.04357469653648742,0.00803202181778114,0.00945814022330246,0.0173009948456609,0.0145185738467807,0.01218348274692996,0.011122238079385682,0.0130205748337617,0.0329402646811648,0.00222416707592442,0.00311326470828914,0.00445032309859794,0.00498570496242548,0.0062189600125573,0.0030548143698438195,0.0044147807346041805,0.01871927626315122,0.019528396124349277,0.02518344832496821,0.007170115043759656,0.007190876305845302,0.01931004873156613,0.018727350253437337,0.029436585836465124,0.00822313918028908,0.00959468732798154,0.009670311586279939,0.0097461825143139,0.03274908148679822,0.0027827687130070797,0.0025998544230870398,0.00243469410650428,0.00201976996498474,0.00215235865518604,0.00351952413413052,0.00402350657662158,0.00504738237427372,0.005965801927839,0.00608767888728024,0.00219937057700006
0.039232321340991735,0.026817316158830363,0.01717724076446886,0.023670385398107,0.014853022659251442,0.0866274557081273,0.06785207687673413,0.04892903253951918,0.040702011653479524,0.02964075539531672,0.10495377096255616,0.10276203341081289,0.07657581818924039,0.01529340352862318,0.016437505651652758,0.02207878213295026,0.04097394622327828,0.01606723720966406,0.00966243952047852,0.008000353935731879,0.06789750945747142,0.058669778935045235,0.06721444497811775,0.035885550219169074,0.024850898032071016,0.02608858168187838,0.01880080347142972,0.0240050085849208,0.01906049459519734,0.00941138187275462,0.06533229674037963,0.04357469653648742,0.00803202181778114,0.00945814022330246,0.00510878021761218,0.0145185738467807,0.01218348274692996,0.011122238079385682,0.0130205748337617,0.0329402646811648,0.00222416707592442,0.00311326470828914,0.00445032309859794,0.00498570496242548,0.0062189600125573,0.0030548143698438195,0.0044147807346041805,0.01871927626315122,0.019528396124349277,0.02518344832496821,0.007170115043759656,0.007190876305845302,0.01931004873156613,0.018727350253437337,0.029436585836465124,0.00822313918028908,0.00959468732798154,0.009670311586279939,0.0097461825143139,0.03274908148679822,0.0027827687130070797,0.0025998544230870398,0.00243469410650428,0.00201976996498474,0.00215235865518604,0.00351952413413052,0.00402350657662158,0.00504738237427372,0.005965801927839,0.00608767888728024,0.00219937057700006
0.039232321340991735,0.026817316158830363,0.01717724076446886,0.023670385398107,0.014853022659251442,0.06386399813869978,0.06785207687673413,0.04892903253951918,0.040702011653479524,0.02964075539531672,0.10495377096255616,0.10276203341081289,0.07657581818924039,0.01529340352862318,0.016437505651652758,0.02207878213295026,0.04097394622327828,0.01606723720966406,0.00966243952047852,0.008000353935731879,0.06789750945747142,0.058669778935045235,0.06721444497811775,0.035885550219169074,0.024850898032071016,0.02608858168187838,0.01880080347142972,0.0240050085849208,0.01906049459519734,0.00941138187275462,0.06533229674037963,0.04357469653648742,0.00803202181778114,0.00945814022330246,0.00510878021761218,0.0145185738467807,0.01218348274692996,0.011122238079385682,0.0130205748337617,0.0329402646811648,0.00222416707592442,0.00311326470828914,0.00445032309859794,0.00498570496242548,0.0062189600125573,0.0030548143698438195,0.0044147807346041805,0.01871927626315122,0.019528396124349277,0.02518344832496821,0.007170115043759656,0.007190876305845302,0.01931004873156613,0.018727350253437337,0.029436585836465124,0.00822313918028908,0.00959468732798154,0.009670311586279939,0.0097461825143139,0.03274908148679822,0.0027827687130070797,0.0025998544230870398,0.00243469410650428,0.00201976996498474,0.00215235865518604,0.00351952413413052,0.00402350657662158,0.00504738237427372,0.005965801927839,0.00608767888728024,0.00219937057700006
0.039232321340991735,0.023035136582099523,0.01717724076446886,0.023670385398107,0.014853022659251442,0.056722269168994255,0.06785207687673413,0.04892903253951918,0.037102525159044206,0.02964075539531672,0.10495377096255616,0.10276203341081289,0.05627090176821996,0.01529340352862318,0.016437505651652758,0.02207878213295026,0.04097394622327828,0.01606723720966406,0.00966243952047852,0.008000353935731879,0.06789750945747142,0.058669778935045235,0.06721444497811775,0.035885550219169074,0.024850898032071016,0.02608858168187838,0.01880080347142972,0.0240050085849208,0.01906049459519734,0.00941138187275462,0.06533229674037963,0.03654170234711952,0.00803202181778114,0.00945814022330246,0.00510878021761218,0.0145185738467807,0.012183482746929961,0.011122238079385682,0.0130205748337617,0.0329402646811648,0.00222416707592442,0.00311326470828914,0.00445032309859794,0.00498570496242548,0.0062189600125573,0.0030548143698438195,0.0044147807346041805,0.01871927626315122,0.019528396124349277,0.02518344832496821,0.007170115043759656,0.007190876305845302,0.01931004873156613,0.018727350253437337,0.029436585836465124,0.00822313918028908,0.00959468732798154,0.009670311586279939,0.0097461825143139,0.03274908148679822,0.0027827687130070797,0.0025998544230870398,0.00243469410650428,0.00201976996498474,0.00215235865518604,0.00351952413413052,0.00402350657662158,0.00504738237427372,0.005965801927839,0.00608767888728024,0.00219937057700006
0.039232321340991735,0.023035136582099523,0.01717724076446886,0.023670385398107,0.014853022659251442,0.056722269168994255,0.06785207687673413,0.04892903253951918,0.03379760118906738,0.02964075539531672,0.10495377096255616,0.10276203341081289,0.05627090176821996,0.01529340352862318,0.01643750565165276,0.02207878213295026,0.04097394622327828,0.01606723720966406,0.00966243952047852,0.008000353935731879,0.06789750945747142,0.058669778935045235,0.06721444497811775,0.035885550219169074,0.024850898032071016,0.02608858168187838,0.01880080347142972,0.0240050085849208,0.01906049459519734,0.00941138187275462,0.06533229674037963,0.03654170234711952,0.00803202181778114,0.00945814022330246,0.00510878021761218,0.0145185738467807,0.012183482746929961,0.011122238079385682,0.0130205748337617,0.0329402646811648,0.00222416707592442,0.00311326470828914,0.00445032309859794,0.00498570496242548,0.0062189600125573,0.0030548143698438195,0.0044147807346041805,0.01871927626315122,0.019528396124349277,0.02518344832496821,0.007170115043759656,0.007190876305845302,0.01931004873156613,0.018727350253437337,0.029436585836465124,0.00822313918028908,0.00959468732798154,0.009670311586279939,0.0097461825143139,0.03274908148679822,0.0027827687130070797,0.0025998544230870398,0.00243469410650428,0.00201976996498474,0.00215235865518604,0.00351952413413052,0.00402350657662158,0.00504738237427372,0.005965801927839,0.00608767888728024,0.00219937057700006
0.039232321340991735,0.023035136582099523,0.01717724076446886,0.023670385398107,0.014853022659251442,0.056722269168994255,0.06785207687673413,0.04892903253951918,0.03379760118906738,0.02964075539531672,0.10495377096255616,0.10276203341081289,0.05627090176821996,0.01529340352862318,0.01643750565165276,0.02207878213295026,0.04097394622327828,0.01606723720966406,0.00966243952047852,0.008000353935731879,0.06789750945747142,0.058669778935045235,0.05227201539240219,0.035885550219169074,0.024850898032071016,0.02608858168187838,0.01880080347142972,0.0240050085849208,0.01741707820005714,0.00941138187275462,0.06533229674037963,0.03654170234711952,0.00803202181778114,0.00945814022330246,0.00510878021761218,0.00607210375382766,0.012183482746929961,0.011122238079385682,0.0130205748337617,0.0329402646811648,0.00222416707592442,0.00311326470828914,0.00445032309859794,0.00498570496242548,0.0062189600125573,0.0030548143698438195,0.0044147807346041805,0.01871927626315122,0.019528396124349277,0.02518344832496821,0.007170115043759656,0.007190876305845302,0.0057279423973186925,0.018727350253437337,0.029436585836465124,0.00822313918028908,0.00959468732798154,0.009670311586279939,0.0097461825143139,0.03274908148679822,0.0027827687130070797,0.0025998544230870398,0.00243469410650428,0.00201976996498474,0.00215235865518604,0.00351952413413052,0.00402350657662158,0.00504738237427372,0.005965801927839,0.00608767888728024,0.00219937057700006
0.039232321340991735,0.023035136582099523,0.01717724076446886,0.023670385398107,0.014853022659251442,0.056722269168994255,0.06785207687673413,0.04892903253951918,0.033797601189067376,0.02964075539531672,0.09061083029866161,0.10276203341081289,0.0345031172793848,0.01529340352862318,0.01643750565165276,0.02207878213295026,0.04097394622327828,0.01606723720966406,0.00966243952047852,0.008000353935731879,0.04944381706044298,0.058669778935045235,0.05227201539240219,0.035885550219169074,0.024850898032071016,0.02608858168187838,0.01880080347142972,0.0240050085849208,0.01741707820005714,0.00941138187275462,0.06533229674037963,0.03654170234711952,0.00803202181778114,0.00945814022330246,0.00510878021761218,0.00607210375382766,0.012183482746929961,0.011122238079385682,0.0130205748337617,0.0329402646811648,0.00222416707592442,0.00311326470828914,0.00445032309859794,0.00498570496242548,0.0062189600125573,0.0030548143698438195,0.0044147807346041805,0.01871927626315122,0.019528396124349277,0.00981794871770889,0.007170115043759656,0.007190876305845302,0.0057279423973186925,0.018727350253437337,0.029436585836465124,0.00822313918028908,0.00959468732798154,0.009670311586279939,0.0097461825143139,0.019311609709845582,0.0027827687130070797,0.0025998544230870398,0.00243469410650428,0.00201976996498474,0.00215235865518604,0.00351952413413052,0.00402350657662158,0.00504738237427372,0.005965801927839,0.00608767888728024,0.00219937057700006
0.039232321340991735,0.023035136582099523,0.01717724076446886,0.023670385398107,0.014853022659251442,0.056722269168994255,0.06785207687673413,0.048929032539519184,0.033797601189067376,0.018175481544767898,0.09061083029866161,0.10276203341081289,0.0345031172793848,0.01529340352862318,0.01643750565165276,0.02207878213295026,0.04097394622327828,0.01606723720966406,0.00966243952047852,0.008000353935731879,0.04944381706044298,0.058669778935045235,0.05227201539240219,0.035885550219169074,0.024850898032071016,0.02608858168187838,0.01880080347142972,0.0240050085849208,0.01741707820005714,0.00941138187275462,0.06533229674037963,0.03654170234711952,0.00803202181778114,0.00945814022330246,0.00510878021761218,0.00607210375382766,0.012183482746929961,0.011122238079385682,0.0130205748337617,0.0329402646811648,0.00222416707592442,0.00311326470828914,0.00445032309859794,0.00498570496242548,0.0062189600125573,0.0030548143698438195,0.0044147807346041805,0.01871927626315122,0.019528396124349277,0.00981794871770889,0.007170115043759656,0.007190876305845302,0.0057279423973186925,0.018727350253437337,0.029436585836465124,0.00822313918028908,0.00959468732798154,0.009670311586279939,0.0097461825143139,0.019311609709845582,0.0027827687130070797,0.0025998544230870398,0.00243469410650428,0.00201976996498474,0.00215235865518604,0.00351952413413052,0.00402350657662158,0.00504738237427372,0.005965801927839,0.00608767888728024,0.00219937057700006
0.039232321340991735,0.023035136582099523,0.01717724076446886,0.023670385398107,0.014853022659251442,0.0411118897369161,0.06785207687673413,0.048929032539519184,0.033797601189067376,0.018175481544767898,0.09061083029866161,0.10276203341081289,0.0345031172793848,0.01529340352862318,0.01643750565165276,0.02207878213295026,0.024972550349995397,0.01606723720966406,0.00966243952047852,0.008000353935731879,0.04944381706044298,0.058669778935045235,0.05227201539240219,0.035885550219169074,0.024850898032071016,0.02608858168187838,0.01880080347142972,0.0240050085849208,0.01741707820005714,0.00941138187275462,0.06533229674037963,0.03654170234711952,0.00803202181778114,0.00945814022330246,0.00510878021761218,0.00607210375382766,0.012183482746929961,0.011122238079385682,0.0130205748337617,0.01841963760469932,0.00222416707592442,0.00311326470828914,0.00445032309859794,0.00498570496242548,0.0062189600125573,0.0030548143698438195,0.0044147807346041805,0.01871927626315122,0.019528396124349277,0.00981794871770889,0.007170115043759656,0.007190876305845302,0.0057279423973186925,0.018727350253437337,0.01442887441905992,0.00822313918028908,0.00959468732798154,0.009670311586279939,0.0097461825143139,0.019311609709845582,0.0027827687130070797,0.0025998544230870398,0.00243469410650428,0.00201976996498474,0.00215235865518604,0.00351952413413052,0.00402350657662158,0.00504738237427372,0.005965801927839,0.00608767888728024,0.00219937057700006
