MID_AT_WND 1,MID_AT_WND 2,MID_AT_WND 3,MID_AT_WND 4,MID_AT_WND 5,MID_AT_WND 6,MID_AT_WND 7,MID_AT_WND 8,MID_AT_WND 9,MID_AT_WND 10,MID_AT_WND 11,MID_AT_WND 12,MID_AT_WND 13,MID_AT_WND 14,MID_AT_WND 15,MID_AT_WND 16,MID_AT_WND 17,MID_AT_WND 18,MID_AT_WND 19,MID_AT_WND 20,MID_AT_WND 21,MID_AT_WND 22,MID_AT_WND 23,MID_AT_WND 24,MID_AT_WND 25,MID_AT_WND 26,MID_AT_WND 27,MID_AT_WND 28,MID_AT_WND 29,MID_AT_WND 30,MID_AT_WND 31,MID_AT_WND 32,MID_AT_WND 33,MID_AT_WND 34,MID_AT_WND 35,MID_AT_PV 1,MID_AT_PV 2,MID_AT_PV 3,MID_AT_PV 4,MID_AT_PV 5,MID_AT_PV 6,MID_AT_PV 7,MID_AT_PV 8,MID_AT_PV 9,MID_AT_PV 10,MID_AT_PV 11,MID_AT_PV 12,MID_AT_PV 13,MID_AT_PV 14,MID_AT_PV 15,MID_AT_PV 16,MID_AT_PV 17,MID_AT_PV 18,MID_AT_PV 19,MID_AT_PV 20,MID_AT_PV 21,MID_AT_PV 22,MID_AT_PV 23,MID_AT_PV 24,MID_AT_PV 25,MID_AT_PV 26,MID_AT_PV 27,MID_AT_PV 28,MID_AT_PV 29,MID_AT_PV 30,MID_AT_PV 31,MID_AT_PV 32,MID_AT_PV 33,MID_AT_PV 34,MID_AT_PV 35
0.12597748118335952,0.08235663780489891,0.09933114936974077,0.1092111335778259,0.11065659636747305,0.23628370172367377,0.16509383768320954,0.16575283474006436,0.18889305364088668,0.165615456093985,0.3640876169270328,0.3083383070995219,0.3269739598393616,0.32991677137325665,0.3014487185617819,0.38404331113047974,0.32361393453879617,0.3008327056984069,0.296985191280188,0.2795216589003465,0.30020060191942666,0.22383484582176574,0.22752719978063776,0.21930536146901208,0.21799276894875858,0.2162768445684966,0.16999892077581363,0.11215846690103828,0.08260819894461222,0.07262633540834391,0.17781380407408034,0.0893536630974826,0.0855160904690436,0.10960118599026072,0.1265737248570959,0.6530375486859601,0.6375499530013603,0.6589497397182958,0.691735824601487,0.7212095414861817,0.7473997040730801,0.7263308094625458,0.6856567730388454,0.6383852500576517,0.584785912779079,0.7307733528090405,0.716869045602931,0.6928431623295275,0.6951147702859832,0.7110347715318979,0.7043862128046949,0.6968388979037716,0.6694066999409297,0.623342331778443,0.5733967889992136,0.6201631144308473,0.6321412264471997,0.6595925273639429,0.6949786748193014,0.7091335097480862,0.6706395602621593,0.650081005576666,0.644731085728054,0.6417387905865195,0.653116149199663,0.7469071409700418,0.7399852621250852,0.7385633076830317,0.7452856430081622,0.7424767858558396
0.12597748118335952,0.08235663780489891,0.09933114936974077,0.1092111335778259,0.11065659636747305,0.22401797541280014,0.15339410916858184,0.15382572955730386,0.1725445874667954,0.15342454841143344,0.3458137184698227,0.275274392975981,0.294494518094517,0.29796254180345694,0.27180771364121686,0.3709904667091134,0.31367648066315573,0.2909967241149959,0.2869726893799448,0.277248879605094,0.30020060191942666,0.20904402809773934,0.21098971806725048,0.20205437190640496,0.2030692990152641,0.2162768445684966,0.16999892077581363,0.11215846690103828,0.08260819894461222,0.07262633540834391,0.1603866695509902,0.0893536630974826,0.0855160904690436,0.10960118599026072,0.11664682126132338,0.6530375486859601,0.6216905115290499,0.6473000971664307,0.691735824601487,0.7185238414468503,0.7473997040730801,0.7263308094625458,0.6856567730388454,0.6162692075896004,0.584785912779079,0.7287657128380569,0.716869045602931,0.6928431623295275,0.6951147702859832,0.7110347715318979,0.704386212804695,0.6939440427242792,0.6694066999409297,0.6233423317784429,0.5535868270289244,0.6201631144308473,0.6321412264471997,0.6595925273639429,0.6949786748193014,0.6962296098377792,0.6706395602621592,0.650081005576666,0.644731085728054,0.6417387905865196,0.653116149199663,0.7469071409700418,0.7372474845355137,0.7385633076830317,0.7452856430081621,0.7424767858558394
0.12597748118335952,0.08235663780489891,0.08230150223041548,0.0931692391399482,0.10324359511624179,0.22401797541280016,0.15339410916858184,0.15382572955730386,0.17254458746679543,0.15342454841143344,0.3380712261073869,0.275274392975981,0.294494518094517,0.29796254180345694,0.27180771364121686,0.3709904667091134,0.3136764806631557,0.2909967241149959,0.2869726893799448,0.2695882625237562,0.30020060191942666,0.20904402809773934,0.20047911008973732,0.20205437190640496,0.2030692990152641,0.20516853957273679,0.1699989207758136,0.11215846690103828,0.08260819894461222,0.07262633540834391,0.1603866695509902,0.0893536630974826,0.07882724091807655,0.10125670837477337,0.11664682126132338,0.5956614431025832,0.588197458862192,0.6156343043896564,0.658819548508414,0.6489137428651234,0.7026217986738666,0.6911626517951315,0.6313974751469639,0.580722445117894,0.5151516781727745,0.6940577143241989,0.681270526746279,0.6550753222985924,0.6566513124804856,0.6544170627957813,0.671352560091919,0.6618442512654055,0.6391522212265642,0.5855892581188943,0.537628682137687,0.5714019660537435,0.5908642111675997,0.6185504556149992,0.6541500893776447,0.6562901530816364,0.6387778766896868,0.6164212457910443,0.6113003949429962,0.6019907660937307,0.6216160372480731,0.7109522558959712,0.7023743943612162,0.7038400370475306,0.701871089013991,0.6994070794560573
0.11956339751024489,0.0705288874103516,0.0823015022304155,0.08619326602275663,0.10324359511624179,0.22401797541280022,0.15339410916858184,0.1538257295573039,0.17254458746679543,0.15342454841143344,0.3380712261073869,0.27527439297598105,0.294494518094517,0.29796254180345694,0.26455971017110647,0.3709904667091134,0.3136764806631557,0.29099672411499594,0.2869726893799448,0.2695882625237562,0.28416072083344335,0.19339084297934087,0.19468491219372835,0.19373497356362507,0.2030692990152641,0.20516853957273679,0.1699989207758136,0.11215846690103828,0.08260819894461222,0.07262633540834391,0.1603866695509902,0.0833881728076902,0.07882724091807657,0.10125670837477337,0.11664682126132338,0.5730553667954749,0.5597359907383674,0.60678895456247,0.6286983820616371,0.6115586098002986,0.6786315459635148,0.6470896982985126,0.5968201624342018,0.5445049518274164,0.49436521414940415,0.6515225701696926,0.6503522283507234,0.6213877877335479,0.6351090992562122,0.6544170627957813,0.6427937132452721,0.6618442512654055,0.6391522212265642,0.5855892581188943,0.49988372832531597,0.5714019660537435,0.5844298184853062,0.6185504556149992,0.6468623478491783,0.6562901530816365,0.6311364093757739,0.6028253632686948,0.5946223455713383,0.5920777636082512,0.6053144361892089,0.6777746056563999,0.6639127779740969,0.6712987601210678,0.6791096628034671,0.6695950941522758
0.1090334561057121,0.0705288874103516,0.0771512248175263,0.08619326602275663,0.09124351994615532,0.22401797541280016,0.15339410916858184,0.15382572955730386,0.15405823220664688,0.15342454841143344,0.3380712261073869,0.275274392975981,0.2675427189397133,0.29796254180345694,0.2536311146914922,0.3709904667091134,0.3136764806631557,0.29099672411499594,0.2869726893799448,0.2640444431366354,0.2787955284464298,0.19339084297934087,0.19468491219372838,0.18388008528103938,0.20306929901526413,0.19106940448462234,0.15866508751501107,0.11215846690103828,0.08260819894461222,0.07262633540834391,0.14261883190588998,0.07890875894528318,0.07882724091807657,0.10125670837477334,0.11664682126132338,0.5450732758047232,0.5597359907383674,0.5873319758237441,0.567804077886459,0.5503996848712873,0.6697734981117287,0.6470896982985126,0.5968201624342018,0.5218181916579689,0.489229570208294,0.6515225701696926,0.6372561626328948,0.6213877877335479,0.6351090992562122,0.6266738867042925,0.6427937132452721,0.6266230221250045,0.6140439256759962,0.575580256617084,0.49988372832531613,0.562294927480897,0.5844298184853062,0.6061325848210227,0.6423665272155235,0.6562901530816365,0.5881447998903551,0.5822840308391091,0.5946223455713383,0.5674925887241751,0.5737837673137521,0.6680847931869514,0.6544290857465114,0.6517711929727145,0.6493698674981431,0.6454877972041138
0.1090334561057121,0.0705288874103516,0.0771512248175263,0.08619326602275663,0.09124351994615533,0.22401797541280016,0.1533941091685819,0.15382572955730386,0.15405823220664688,0.13746807921073662,0.31268598216195426,0.2662208071283327,0.2511340274923387,0.25618470495426776,0.25363111469149224,0.3709904667091134,0.3136764806631557,0.29099672411499594,0.2869726893799448,0.2640444431366354,0.2787955284464298,0.19339084297934087,0.18474656097123282,0.17707522132961134,0.2030692990152641,0.19106940448462234,0.15866508751501104,0.10342221743762722,0.08260819894461222,0.07262633540834391,0.14261883190588998,0.07835268941201493,0.07882724091807657,0.10125670837477334,0.10928063740001251,0.5450732758047232,0.5128477437098827,0.5387038653169245,0.5380602514631984,0.5503996848712872,0.6583785459139209,0.639152377010898,0.5780126803285665,0.5218181916579688,0.489229570208294,0.6397579954001168,0.6293212667905106,0.5828242030289993,0.5990920607360583,0.6266738867042926,0.6427937132452721,0.6191426079503021,0.5977335228684291,0.5548658105696631,0.4764409347904583,0.562294927480897,0.5844298184853062,0.6061325848210226,0.6219147812740374,0.6370356382972235,0.5587936922123558,0.562777925370919,0.5665106502516168,0.5468941622582966,0.5488873236065553,0.6607831365749162,0.6474594667601619,0.6421104877300128,0.649369867498143,0.6454877972041136
0.1090334561057121,0.0666026496886175,0.07715122481752627,0.08619326602275663,0.09124351994615532,0.22401797541280022,0.1533941091685819,0.13928006461793685,0.13645198260245403,0.13746807921073656,0.31268598216195426,0.2357259725924831,0.2511340274923387,0.25618470495426776,0.23819116310808575,0.3709904667091134,0.3136764806631557,0.29099672411499594,0.28318754551177855,0.26404444313663533,0.2787955284464298,0.19339084297934087,0.18474656097123282,0.17707522132961134,0.18593510909429883,0.19106940448462234,0.15866508751501104,0.10342221743762722,0.08260819894461222,0.07262633540834391,0.12390337025333989,0.07835268941201493,0.07882724091807657,0.10125670837477334,0.10928063740001251,0.5149605008830667,0.5128477437098826,0.5387038653169245,0.5380602514631984,0.5118001350162269,0.6273980231879213,0.6055643585632361,0.5555219035910051,0.4828755168906952,0.4498323110536915,0.609492507997706,0.5832881814785041,0.5566196522421454,0.5990920607360583,0.579152257153276,0.5959409401692077,0.5873293366522604,0.5890924352376307,0.5548658105696632,0.4764409347904583,0.562294927480897,0.5670475802938062,0.5898725653720989,0.5901762100830334,0.6169020296050451,0.5587936922123558,0.5084096407712925,0.5141048603012107,0.5273395661529248,0.5347581470998344,0.6254856873996593,0.6098011174364605,0.6049994234396856,0.6102421508638523,0.6062888060296354
0.1090334561057121,0.0666026496886175,0.07715122481752627,0.07595441993052282,0.08342931272869056,0.22401797541280022,0.1533941091685819,0.12197211907036083,0.13645198260245406,0.121473860056642,0.3021281001850692,0.2357259725924831,0.2511340274923387,0.25618470495426776,0.2381911631080858,0.3543756581694081,0.3136764806631557,0.29099672411499594,0.28318754551177855,0.26404444313663533,0.2787955284464298,0.19339084297934087,0.18474656097123282,0.17707522132961134,0.1674082423020452,0.19106940448462234,0.15866508751501107,0.10342221743762722,0.07645462648343368,0.06548015434416611,0.12390337025333989,0.07835268941201493,0.07313332628179445,0.09510573345461408,0.10928063740001251,0.4719624118878725,0.47143057957184886,0.5387038653169245,0.5063545728189499,0.5118001350162269,0.6078863618182311,0.6055643585632361,0.5202269780037858,0.4506905028485491,0.44983231105369137,0.609492507997706,0.5585321522468629,0.5566196522421454,0.5627824832731592,0.5425919499393881,0.5883943127825813,0.5873293366522604,0.5599546745983944,0.5216701308362243,0.4764409347904584,0.5276393112116248,0.5231002902278328,0.5598794752079026,0.5901762100830334,0.5981510627693505,0.5246468942409358,0.5084096407712925,0.5141048603012107,0.49257708061922656,0.4980010237487239,0.6095214225484837,0.6098011174364604,0.6049994234396856,0.6102421508638523,0.6062888060296354
0.1090334561057121,0.06660264968861748,0.06996606259400481,0.07595441993052282,0.08342931272869056,0.21223750134881159,0.1533941091685819,0.12197211907036083,0.13645198260245403,0.12147386005664203,0.3021281001850692,0.2259397152798249,0.2511340274923387,0.25618470495426776,0.2381911631080858,0.3396800326137997,0.29616711257862083,0.27687362409303135,0.25769724204122957,0.23735985883596947,0.26877915635065364,0.19339084297934087,0.18474656097123282,0.16278619694065047,0.1674082423020452,0.18175856716616762,0.15866508751501107,0.10342221743762722,0.07645462648343368,0.06548015434416611,0.12390337025333989,0.07593782922260853,0.07313332628179443,0.09510573345461408,0.09744965950611396,0.4719624118878725,0.4714305795718491,0.49870619080486345,0.50635457281895,0.5118001350162269,0.6078863618182311,0.5751957019153147,0.508601490964074,0.450690502848549,0.41825861104930473,0.5861909243801264,0.5441025779097942,0.525030083434085,0.5627824832731592,0.5425919499393881,0.5805901971453418,0.5873293366522604,0.5599546745983945,0.5216701308362242,0.4764409347904584,0.48378011135179194,0.5104102000875743,0.5363576917605355,0.5901762100830334,0.5760512771702678,0.49444352338701786,0.4867826711493528,0.49838861017118774,0.4851437229899668,0.47655458398641154,0.6095214225484837,0.5874788953714785,0.5833733032653189,0.5998944370472447,0.584448866601761
0.1090334561057121,0.06660264968861748,0.05954881626465606,0.07595441993052282,0.08342931272869056,0.21223750134881159,0.12955877500896198,0.12197211907036083,0.12137044926567746,0.121473860056642,0.3021281001850692,0.22593971527982495,0.2384902755036054,0.2561847049542678,0.22582411017780832,0.3271154669661877,0.29616711257862083,0.25207436802535466,0.24513153521676584,0.23381894289237132,0.2596369453943027,0.1870271126945851,0.1734669378938011,0.1627861969406505,0.1674082423020452,0.18175856716616762,0.15866508751501104,0.10342221743762722,0.07645462648343368,0.06548015434416611,0.12390337025333989,0.07186043248183475,0.07313332628179443,0.09510573345461408,0.09744965950611396,0.4396455007659517,0.4714305795718491,0.49870619080486345,0.498337986242413,0.5118001350162269,0.5135543263268988,0.5313101762847166,0.4919971709094946,0.4506905028485491,0.40970259233438827,0.5534296272875328,0.5441025779097942,0.525030083434085,0.5627824832731593,0.5037111056450643,0.5418801290039581,0.5741064375981644,0.5490605946267166,0.5013913489123272,0.4410598933605675,0.48378011135179194,0.5104102000875743,0.5363576917605355,0.5685634745904222,0.5760512771702678,0.49444352338701786,0.4867826711493528,0.4767248592425033,0.47178041417835787,0.47655458398641154,0.5321594806964756,0.5458624068339635,0.5416496367300914,0.5146588101687348,0.5419300551124303
0.1090334561057121,0.06660264968861748,0.05954881626465606,0.06810126704800669,0.08342931272869056,0.20215866942274316,0.129558775008962,0.10836458079440212,0.12137044926567746,0.12147386005664203,0.3021281001850692,0.2259397152798249,0.2384902755036054,0.25618470495426776,0.22582411017780832,0.3210340937919604,0.2862412167131681,0.25207436802535466,0.24513153521676584,0.2276747691609561,0.2596369453943027,0.1870271126945851,0.1734669378938011,0.1627861969406505,0.14574939057114739,0.16672498577893058,0.15866508751501104,0.10342221743762722,0.07645462648343368,0.06548015434416611,0.12390337025333986,0.07186043248183475,0.0674551666455264,0.09510573345461408,0.09744965950611396,0.4396455007659516,0.4468885767912372,0.4836989737896239,0.469963362496623,0.47627920143748614,0.4811735856306359,0.48261868076806236,0.46157556862713234,0.41265173901206265,0.3922006678202682,0.4923178658788279,0.4836158117634993,0.45959273362051645,0.5218112296277291,0.5037111056450643,0.5223369945380678,0.5346037905996306,0.5405465919917314,0.5013913489123272,0.41637695052955304,0.48378011135179194,0.48624760946788753,0.5273273407005844,0.5685634745904222,0.5371036446060427,0.464406147884873,0.4867826711493528,0.4767248592425033,0.4717804141783578,0.47655458398641154,0.5063881057546372,0.5289795257863025,0.5194330388608834,0.4990685080597115,0.49835303873717285
0.10376698195253505,0.06163834499955885,0.05954881626465606,0.06810126704800669,0.08342931272869056,0.20215866942274316,0.12955877500896198,0.1083645807944021,0.12137044926567746,0.121473860056642,0.3021281001850692,0.22593971527982495,0.2384902755036054,0.25618470495426776,0.22582411017780832,0.3210340937919604,0.27123784994054445,0.25207436802535466,0.24513153521676584,0.22767476916095614,0.25104654629440404,0.17625292474916104,0.1734669378938011,0.15232371881358173,0.14574939057114739,0.16672498577893058,0.15866508751501104,0.10342221743762722,0.07645462648343368,0.06548015434416612,0.12390337025333989,0.07186043248183475,0.0674551666455264,0.08467515300774223,0.09744965950611396,0.41102144243398575,0.4192769664772548,0.43412500100179663,0.43895439712023726,0.4400467667581115,0.4811735856306358,0.4598701622735941,0.4190183025212444,0.3852259684090604,0.3287957092858379,0.4923178658788279,0.46348811456281985,0.45959273362051645,0.4659798501537476,0.5037111056450643,0.4611651004644538,0.5047748729173718,0.4871923363875904,0.46580707812849786,0.4163769505295529,0.48378011135179183,0.45999791861699413,0.49970041943885357,0.5323693864392627,0.5371036446060427,0.43057613571948294,0.4591241436250454,0.4607085765291993,0.4543635171270095,0.4540784962203923,0.48183213799636243,0.5060680713181176,0.500956637765921,0.4779456894800795,0.49835303873717274
0.10376698195253505,0.06163834499955885,0.05954881626465606,0.06810126704800669,0.07545050378148507,0.20215866942274316,0.12955877500896198,0.1083645807944021,0.12137044926567746,0.10902706128783553,0.3021281001850692,0.2259397152798249,0.23849027550360544,0.2561847049542679,0.22582411017780832,0.3210340937919604,0.27123784994054445,0.25207436802535466,0.24513153521676584,0.22767476916095614,0.25104654629440404,0.17625292474916104,0.1734669378938011,0.15232371881358173,0.14574939057114739,0.1589492844581674,0.1464302859552267,0.10342221743762722,0.07645462648343368,0.06548015434416612,0.12390337025333989,0.07186043248183475,0.0674551666455264,0.08467515300774223,0.09744965950611396,0.3776455808255378,0.4068910104575966,0.43412500100179674,0.43895439712023726,0.4400467667581115,0.4811735856306359,0.42797267900743324,0.4190183025212444,0.3476136321872768,0.298840186613052,0.4923178658788279,0.4634881145628199,0.45959273362051656,0.46597985015374765,0.4631143968086291,0.4611651004644538,0.5047748729173718,0.48719233638759035,0.46580707812849786,0.4163769505295529,0.4547269468129082,0.4599979186169942,0.49970041943885357,0.5066709060704172,0.5124721316547178,0.43057613571948294,0.42839655083756323,0.42497764015521583,0.4193393281725383,0.4218101505466498,0.4818321379963625,0.5060680713181176,0.4867245778818573,0.4779456894800796,0.4632601206498078
0.10376698195253505,0.06163834499955885,0.059548816264656065,0.06810126704800669,0.07545050378148507,0.19291013252514416,0.12955877500896198,0.0985615336660233,0.12137044926567746,0.10902706128783553,0.3021281001850692,0.2259397152798249,0.22429250694165961,0.22860964038894943,0.19343829587896302,0.3121814988637947,0.27123784994054445,0.25207436802535466,0.24513153521676584,0.22029850009797144,0.25104654629440404,0.17625292474916102,0.1734669378938011,0.15232371881358173,0.1415536112426358,0.1589492844581674,0.14459830280145147,0.10342221743762722,0.07645462648343368,0.06548015434416612,0.12390337025333989,0.06579255171417274,0.06297937602236459,0.08467515300774223,0.09306092181850334,0.37764558082553773,0.3823100861103171,0.43412500100179674,0.43895439712023726,0.4400467667581115,0.43643193212984377,0.42797267900743324,0.39999161748135315,0.34761363218727687,0.29884018661305206,0.46145012018144155,0.43297106429408716,0.4392387101212648,0.43822575603958275,0.428841270987064,0.4611651004644538,0.48244307189040175,0.48392759821708264,0.46580707812849786,0.39658485057954085,0.42956377572975696,0.4368583244760103,0.46493020831972176,0.5066709060704172,0.5124721316547177,0.3768065108081867,0.3719309864401092,0.3890829379858055,0.3757461771084721,0.406434417753049,0.4818321379963625,0.4724007073453757,0.4666349161280275,0.4779456894800796,0.4632601206498078
0.10376698195253505,0.06163834499955885,0.059548816264656065,0.06810126704800669,0.07545050378148507,0.18262596228998887,0.12157192293990646,0.0985615336660233,0.12137044926567749,0.10902706128783553,0.3021281001850692,0.2259397152798249,0.20534670291219417,0.19737978566887643,0.1811449770632373,0.3060428272621614,0.27028520176925985,0.25207436802535466,0.24513153521676584,0.22029850009797144,0.251046546294404,0.17625292474916102,0.1734669378938011,0.15232371881358173,0.1415536112426358,0.1518929935862565,0.14335732631457676,0.10342221743762722,0.07645462648343368,0.06238636441461336,0.12390337025333989,0.06579255171417274,0.06297937602236459,0.08467515300774223,0.09306092181850334,0.3776455808255378,0.38231008611031714,0.43412500100179674,0.43895439712023726,0.4400467667581115,0.43643193212984377,0.42797267900743324,0.3833778160250842,0.34761363218727687,0.2619140281229898,0.41989110286678566,0.41708242232802417,0.4105801291792005,0.43822575603958275,0.3937860078755286,0.434999243243085,0.4643466970730998,0.4668054977081553,0.46580707812849786,0.36209213802526413,0.4100183295504852,0.4368583244760103,0.46493020831972176,0.5066709060704172,0.5124721316547177,0.3768065108081867,0.3719309864401092,0.36277304627710344,0.375746177108472,0.3738939215518387,0.43924461935657294,0.41458946779532113,0.42472911201261276,0.4049675938379596,0.4218056308488537
0.09580353341171492,0.06163834499955885,0.059548816264656065,0.06810126704800669,0.07545050378148507,0.18262596228998887,0.12157192293990646,0.0985615336660233,0.12137044926567746,0.10902706128783553,0.3021281001850692,0.22593971527982487,0.2053467029121942,0.1867474214779629,0.18114497706323723,0.3060428272621615,0.2702852017692598,0.24076604286590592,0.24513153521676584,0.22029850009797142,0.25104654629440404,0.17625292474916102,0.1603466122088312,0.14813705022118726,0.14155361124263582,0.15189299358625646,0.13841103836920376,0.10342221743762722,0.07645462648343367,0.06238636441461336,0.12390337025333986,0.06579255171417274,0.06297937602236459,0.08467515300774223,0.09306092181850334,0.3492013345192496,0.3556365129603419,0.4188698004026109,0.4045721076215513,0.3843084816839437,0.3549388284388951,0.3588700025757221,0.3658754598662331,0.34761363218727687,0.2619140281229898,0.4198911028667857,0.376724473871228,0.3812757621404958,0.3977378292189428,0.3443967941386531,0.434999243243085,0.4244527215587633,0.439185984544578,0.43628576018838555,0.36209213802526413,0.3831007756648962,0.4250420860264429,0.4529026518869709,0.4769576923874938,0.48418390569751607,0.35905140306844474,0.34310155087184135,0.3508809109120311,0.375746177108472,0.3521645414043335,0.397894418556448,0.37347516334638764,0.36989765537784675,0.37729281683840377,0.36581855256259854
0.08833731423763017,0.05672724056995497,0.059548816264656065,0.06810126704800666,0.07545050378148507,0.18262596228998887,0.12157192293990646,0.0985615336660233,0.12137044926567749,0.10902706128783553,0.28416122795223747,0.2259397152798249,0.19955609179489914,0.16452153600645048,0.1535400728620814,0.27979476357169764,0.25859836761295446,0.24076604286590592,0.24513153521676584,0.22029850009797144,0.20553836496547212,0.17625292474916102,0.1603466122088312,0.13857708768313065,0.1367318193412884,0.15189299358625646,0.13841103836920376,0.10342221743762722,0.07645462648343367,0.06238636441461336,0.11528639962000047,0.06579255171417274,0.060256019248610126,0.08467515300774223,0.08519213891037056,0.34920133451924956,0.35563651296034193,0.4188698004026109,0.3777313620798338,0.3843084816839437,0.3150372753317362,0.3273896545131255,0.3281105905872501,0.3323559483633128,0.22764014861233278,0.37913161104126686,0.3219347628708662,0.34066274575809474,0.3977378292189428,0.31900700358830225,0.397250703065679,0.4244527215587633,0.4031872511661678,0.43628576018838555,0.34609308980082715,0.3671756334028297,0.39806059715387515,0.42652657422660994,0.4769576923874938,0.45600773474075307,0.35905140306844474,0.34310155087184135,0.3508809109120311,0.3476441222991009,0.3521645414043335,0.3568180883709911,0.3734751633463876,0.3505000092600878,0.3360800367102854,0.3374866108389003
0.08833731423763017,0.05672724056995497,0.059548816264656065,0.06810126704800668,0.07545050378148507,0.18262596228998887,0.12157192293990646,0.0985615336660233,0.10915486737899169,0.10902706128783553,0.28416122795223747,0.21065746964022442,0.17915319060425108,0.1645215360064505,0.1379029629591339,0.2636811975182861,0.25859836761295446,0.24076604286590597,0.23493196653976917,0.22029850009797142,0.20553836496547212,0.17625292474916104,0.1603466122088312,0.12754734788944871,0.1367318193412884,0.15189299358625646,0.1384110383692038,0.10342221743762722,0.0696826553102817,0.056983195527173146,0.11528639962000047,0.06579255171417274,0.060256019248610126,0.07759230689607186,0.08519213891037057,0.3128151157281577,0.32894544132525055,0.3706480536231595,0.3777313620798338,0.30715024566636134,0.25150400009054985,0.2895875731649321,0.32811059058725006,0.30125464860125645,0.2042622040930664,0.2993427914785979,0.2806180839529591,0.34066274575809474,0.2802258112541634,0.289161737858836,0.357953703962887,0.3874399513094558,0.4031872511661678,0.3753937662521589,0.33136002407454723,0.3302110548298566,0.35983270584185467,0.38782982627132856,0.4120536733511437,0.3777582650646536,0.30109065677610636,0.34310155087184135,0.34745334273884343,0.3476441222991009,0.3521645414043335,0.3176354317061515,0.29299002755697034,0.27089334486727357,0.29437889559896685,0.29568609417183267
0.08833731423763017,0.05672724056995497,0.059548816264656065,0.06810126704800668,0.06815268969477793,0.18262596228998887,0.11385221570496558,0.0985615336660233,0.10915486737899172,0.10902706128783553,0.2841612279522375,0.21065746964022436,0.15228800803092102,0.13897767195242197,0.1379029629591339,0.24252903689634006,0.23614188679894413,0.24076604286590597,0.21485672615761767,0.22029850009797144,0.18446684877579206,0.16398213872175482,0.14681714363866719,0.12107694536636046,0.12672907443042683,0.1518929935862565,0.13294598960786075,0.10342221743762722,0.0696826553102817,0.05698319552717314,0.11528639962000047,0.06579255171417274,0.060256019248610126,0.07759230689607186,0.08519213891037057,0.284285846300521,0.2953220051634957,0.3318915220775727,0.33983729735986257,0.28187842642056693,0.2197707226796041,0.2507551655865624,0.32811059058725,0.30125464860125645,0.20426220409306634,0.2993427914785978,0.2806180839529591,0.2647406569756412,0.28022581125416335,0.2528748457215463,0.3215373333228441,0.31167839110571977,0.36506297351997347,0.36338544021375696,0.33136002407454723,0.3302110548298566,0.3253132229274869,0.35388794712631605,0.37565511960239123,0.3449568142857336,0.30109065677610636,0.34310155087184135,0.32536774247770345,0.32271835608026556,0.34608382382024594,0.24662048389865104,0.2929900275569704,0.2708933448672735,0.2665052765786523,0.2956860941718327
0.08833731423763017,0.05672724056995497,0.05954881626465606,0.0553735424478277,0.06815268969477793,0.18262596228998887,0.11385221570496558,0.08003299643320105,0.10915486737899167,0.10902706128783553,0.2841612279522375,0.1906559898862762,0.15228800803092102,0.13897767195242194,0.11365488228501981,0.24252903689634006,0.23614188679894407,0.21886621744833695,0.21485672615761767,0.20076437680023673,0.1703772681719132,0.16398213872175482,0.14174620571534577,0.12107694536636046,0.12672907443042683,0.1518929935862565,0.13294598960786075,0.09657757002705315,0.0696826553102817,0.056983195527173146,0.11528639962000047,0.06579255171417274,0.060256019248610126,0.07759230689607186,0.08519213891037057,0.22493789652675042,0.26722098663684657,0.28943399349715415,0.26961892656946573,0.2705341020170245,0.2197707226796041,0.22018867461623537,0.2946206125037887,0.26686511327764945,0.16702326706249956,0.2815117869284688,0.2407070498394006,0.20243689117818034,0.24327860142817745,0.2528748457215463,0.3215373333228442,0.2900351851998542,0.30373174948942744,0.3075748174883241,0.3075825743353835,0.3058193366470673,0.2952080090399384,0.29998131657973615,0.3547757077717562,0.3410913962815732,0.30109065677610636,0.3079190337903074,0.3253677424777035,0.3049647136723953,0.32780403886396303,0.24662048389865104,0.26763311149876695,0.242825478562014,0.2665052765786523,0.2663754354484497
0.08833731423763017,0.0534733964153574,0.05954881626465606,0.0553735424478277,0.05632142783737724,0.1826259622899889,0.11385221570496558,0.08003299643320105,0.10915486737899172,0.09580841869689834,0.2841612279522375,0.19065598988627622,0.15228800803092102,0.11877943459750813,0.09384363274389783,0.22108204330591227,0.2021756258643023,0.21886621744833695,0.2148567261576176,0.20076437680023673,0.15740010106780097,0.16398213872175482,0.14174620571534577,0.12107694536636046,0.12672907443042686,0.1518929935862565,0.13294598960786072,0.09657757002705317,0.0696826553102817,0.05698319552717316,0.11528639962000047,0.06579255171417274,0.060256019248610126,0.07759230689607186,0.08519213891037057,0.19576292334943815,0.25667089890743655,0.2518706289993863,0.2696189265694657,0.24307516098528725,0.16000116119093283,0.16925860476610788,0.2342767001332177,0.23712251951114421,0.16702326706249956,0.2815117869284688,0.2407070498394006,0.20243689117818034,0.22701098155907867,0.2528748457215463,0.3215373333228442,0.2900351851998542,0.30373174948942744,0.3075748174883241,0.2906277789620561,0.26942539685926253,0.2952080090399384,0.28547084357800323,0.32179183576739456,0.3135453750524043,0.30109065677610636,0.29067025929352797,0.30886817822780993,0.3049647136723953,0.29686769460334245,0.24662048389865107,0.23246174172927386,0.207408063838034,0.24416412749053862,0.22776494372692452
0.08833731423763017,0.05053050980688525,0.05954881626465606,0.048978711685086024,0.05632142783737724,0.1826259622899889,0.11385221570496558,0.08003299643320105,0.10915486737899172,0.09580841869689835,0.2571211731080625,0.1858715603427916,0.13383818838748016,0.11877943459750814,0.09384363274389783,0.19627584768902265,0.2021756258643023,0.20174399929454703,0.2083937081109939,0.20076437680023673,0.15740010106780097,0.16398213872175485,0.14174620571534577,0.12107694536636046,0.1267290744304268,0.15189299358625646,0.13294598960786072,0.09167925879850615,0.0696826553102817,0.056983195527173146,0.11528639962000047,0.06579255171417274,0.060256019248610126,0.07759230689607186,0.08519213891037057,0.1836208793373534,0.23060473095019893,0.2518706289993863,0.24616906512398953,0.22296965749209252,0.16000116119093283,0.1692586047661079,0.17375079956355932,0.17517843384110926,0.16702326706249956,0.24176295126639785,0.2407070498394006,0.20243689117818028,0.19718897719850298,0.20701452510594026,0.28946767676904644,0.2900351851998543,0.28363564746359166,0.2844214523293,0.2737415023278606,0.26942539685926253,0.2952080090399384,0.2854708435780032,0.30647826479896195,0.3135453750524043,0.26656625923544164,0.290670259293528,0.277587494407008,0.3049647136723953,0.24837642989795455,0.20594845810061613,0.197588857473974,0.207408063838034,0.2121792514187474,0.22776494372692452
0.07747177856288567,0.05053050980688525,0.059548816264656065,0.048978711685086024,0.05632142783737724,0.1826259622899889,0.11385221570496558,0.08003299643320105,0.10915486737899167,0.09580841869689835,0.2571211731080625,0.1858715603427916,0.11645002850738204,0.09448279714784127,0.08300140035588216,0.19627584768902265,0.17854745027768512,0.20174399929454703,0.19240408871007095,0.20076437680023673,0.15740010106780097,0.16398213872175485,0.13689349586141167,0.11732297411112129,0.12134878017053545,0.14329376837078184,0.13107546685832033,0.09167925879850615,0.06517263111940606,0.056983195527173146,0.11528639962000047,0.06237417333756103,0.0535828124359066,0.07561897228457175,0.08519213891037059,0.14218286486701562,0.19397886357117694,0.2518706289993863,0.2322390586986681,0.1901108575717581,0.16000116119093286,0.13422089296809106,0.1456754272216923,0.17517843384110926,0.1494738897128758,0.21335967341962317,0.21265029260683047,0.1699651621023443,0.18690351797717228,0.18337013852442338,0.219936151002166,0.2618114212620863,0.2721601075655881,0.27184528193865976,0.2737415023278606,0.2519786050149989,0.27458417763475096,0.2854708435780032,0.2709374770849158,0.24703171576124422,0.26656625923544164,0.29067025929352797,0.27758749440700803,0.27444461415201526,0.24837642989795455,0.18034082139480775,0.18685663376283462,0.20740806383803406,0.2121792514187474,0.20148634359137735
0.07747177856288567,0.047815448077482454,0.0577778365685899,0.048978711685086024,0.05632142783737724,0.1672603590139594,0.10793056376325594,0.08003299643320105,0.10915486737899167,0.09580841869689835,0.2571211731080625,0.1858715603427916,0.11645002850738204,0.09448279714784126,0.08300140035588216,0.19627584768902265,0.15950557514975852,0.16122156252693826,0.17127987741340162,0.20076437680023673,0.15740010106780097,0.16398213872175485,0.13689349586141167,0.11732297411112129,0.12134878017053544,0.13641131689603647,0.13107546685832033,0.0904422441970989,0.0588482166378521,0.056983195527173146,0.11528639962000047,0.06237417333756103,0.0535828124359066,0.07561897228457175,0.08519213891037059,0.14218286486701562,0.19397886357117694,0.2518706289993863,0.19422097866659205,0.1515527937059524,0.16000116119093286,0.13422089296809106,0.1456754272216923,0.17517843384110926,0.1494738897128758,0.1685929200779784,0.18282628317626068,0.1699651621023443,0.1869035179771723,0.17441228131630243,0.18153871378960862,0.22823716827932103,0.24513276669205886,0.27184528193865976,0.27374150232786054,0.24921600193399382,0.27458417763475096,0.2854708435780032,0.1971285475125067,0.20869732690596968,0.25244681924750834,0.25923332976229096,0.26222208818105214,0.27444461415201526,0.2215770379427901,0.15783566331817495,0.1303644184306067,0.1268922950618166,0.144804846415807,0.16354859622415333
0.07747177856288567,0.04618228924493543,0.048590127584836454,0.048978711685086024,0.05632142783737724,0.1672603590139594,0.09956203254061712,0.08003299643320105,0.10915486737899167,0.09580841869689835,0.2387189453423125,0.16247091598584712,0.11645002850738204,0.09448279714784125,0.08300140035588216,0.19627584768902268,0.1510232658814271,0.13752212841392816,0.13240626806269323,0.1597120980414955,0.15740010106780097,0.16216707123143184,0.13689349586141164,0.11732297411112132,0.12134878017053544,0.13241913457478455,0.13107546685832033,0.08627572607048327,0.0588482166378521,0.056983195527173146,0.11254910857491526,0.06237417333756103,0.0535828124359066,0.07561897228457175,0.08519213891037057,0.14218286486701562,0.18604353305663138,0.21751791927208539,0.1618417130153267,0.13651727197184277,0.1244497527637634,0.13422089296809106,0.1456754272216923,0.15195799974269833,0.13870432102663216,0.106183990422638,0.14596966824452046,0.14903653365274205,0.15286824439319055,0.16580390281898832,0.15946719985968502,0.17081293018735527,0.24513276669205886,0.27184528193865976,0.22746279043150527,0.24921600193399387,0.2589594746910032,0.252530752542405,0.1825693515033086,0.17475377038602855,0.2225720449220776,0.25923332976229096,0.26222208818105214,0.24769955715033193,0.22157703794279007,0.09661840828709192,0.10867102542918075,0.1268922950618166,0.12128488525843617,0.121375343935571
0.07747177856288569,0.04618228924493543,0.048590127584836454,0.048978711685086024,0.056321427837377244,0.1672603590139594,0.09956203254061712,0.08003299643320105,0.10915486737899167,0.09580841869689835,0.2387189453423125,0.16247091598584712,0.10146846540134458,0.09448279714784125,0.07405975910322472,0.19627584768902268,0.1510232658814271,0.1375221284139282,0.13240626806269323,0.11871296758472487,0.14986262506600787,0.16216707123143184,0.127117097349512,0.11210572239801767,0.12134878017053544,0.13241913457478455,0.13107546685832033,0.08627572607048327,0.0588482166378521,0.054688347903821655,0.11254910857491526,0.057854184406137585,0.0535828124359066,0.07561897228457175,0.08519213891037057,0.14218286486701562,0.18604353305663138,0.21751791927208536,0.16184171301532668,0.10389233545172265,0.1244497527637634,0.13422089296809106,0.14567542722169227,0.15195799974269836,0.13870432102663216,0.106183990422638,0.14596966824452046,0.14903653365274205,0.1528682443931906,0.16580390281898832,0.12369661877759126,0.11880271351902627,0.1504851717575817,0.24787417789187174,0.20030724093601115,0.2492160019339939,0.2589594746910032,0.19099805251312912,0.14620069545341946,0.1517078076960683,0.22257204492207752,0.259233329762291,0.22360885429711558,0.22082484388522813,0.22157703794279002,0.08992880904258954,0.09746231930665218,0.10400773002980093,0.09963338187439749,0.10988929794831828
0.07747177856288569,0.0357620413940656,0.048590127584836454,0.048978711685086024,0.056321427837377244,0.1672603590139594,0.09956203254061712,0.08003299643320104,0.10915486737899167,0.09580841869689835,0.22535675286333318,0.15258315202196057,0.10146846540134455,0.09448279714784125,0.07405975910322472,0.1862500975923328,0.15102326588142706,0.13752212841392816,0.13240626806269323,0.11871296758472487,0.14986262506600787,0.14877631882096315,0.127117097349512,0.11210572239801767,0.12134878017053545,0.13241913457478455,0.13107546685832033,0.08627572607048327,0.0588482166378521,0.054688347903821655,0.11254910857491526,0.057854184406137585,0.0535828124359066,0.07561897228457175,0.08519213891037057,0.1385843926963804,0.18604353305663138,0.1901608150107872,0.13043066947085755,0.10389233545172265,0.1244497527637634,0.13422089296809106,0.11963605380010485,0.12597325258933373,0.11746528840116613,0.10618399042263801,0.14596966824452046,0.14903653365274205,0.15286824439319058,0.16580390281898832,0.10048498808117816,0.11880271351902623,0.1504851717575817,0.21410986708930985,0.20030724093601115,0.23488664452415517,0.2022640549190487,0.16752969675637136,0.1292627520028709,0.1517078076960683,0.19252855199140734,0.25923332976229096,0.22360885429711552,0.2208248438852282,0.19804592693067488,0.08992880904258953,0.0974623193066522,0.09487241708035662,0.09963338187439749,0.08944802471770114
0.07747177856288569,0.0357620413940656,0.04694410811217656,0.048978711685086024,0.056321427837377244,0.1672603590139594,0.09956203254061712,0.08003299643320104,0.10915486737899167,0.09580841869689835,0.22535675286333312,0.15258315202196057,0.08196036405065094,0.09448279714784125,0.07405975910322472,0.1862500975923328,0.14682373278447555,0.1375221284139282,0.13240626806269323,0.1187129675847249,0.14986262506600784,0.14877631882096315,0.127117097349512,0.10181065124240876,0.1119332686887835,0.11770411119409437,0.12387162992135436,0.08627572607048327,0.0588482166378521,0.05468834790382167,0.11254910857491526,0.05785418440613758,0.0535828124359066,0.07561897228457175,0.08519213891037057,0.1385843926963804,0.18604353305663138,0.1901608150107872,0.10094778213421307,0.10389233545172265,0.11422201617445402,0.13422089296809106,0.11963605380010485,0.12597325258933373,0.11746528840116614,0.10618399042263801,0.13982169932980262,0.14903653365274205,0.1505316708677949,0.13799288820963607,0.10048498808117814,0.11880271351902624,0.1305247775251655,0.18725845915358671,0.20030724093601115,0.23488664452415517,0.1947429211789883,0.16752969675637136,0.12174986579088184,0.12063441324699735,0.1592743242841117,0.24828895999333772,0.20438203502576893,0.2208248438852282,0.19804592693067488,0.08992880904258953,0.08883268618606652,0.09487241708035662,0.09963338187439749,0.08944802471770112
0.06860360624793979,0.0357620413940656,0.04694410811217656,0.048978711685086024,0.056321427837377244,0.16726035901395936,0.09956203254061712,0.08003299643320104,0.10915486737899167,0.09580841869689835,0.22535675286333312,0.15258315202196057,0.08196036405065092,0.09448279714784127,0.07405975910322472,0.18181145642474694,0.14682373278447558,0.1375221284139282,0.12562071887252055,0.10670725718940965,0.14986262506600784,0.14877631882096315,0.127117097349512,0.10181065124240876,0.11193326868878355,0.11370837139906205,0.12387162992135436,0.08627572607048327,0.0588482166378521,0.05095483273397401,0.11254910857491526,0.0578541844061376,0.0535828124359066,0.07561897228457175,0.08519213891037057,0.13858439269638034,0.1747470158963989,0.17628853272963527,0.10094778213421307,0.10389233545172265,0.11422201617445402,0.11902784431211019,0.11963605380010485,0.12597325258933373,0.11641630204484854,0.10618399042263801,0.1398216993298026,0.1490365336527421,0.09591471582706704,0.11944372548051492,0.10048498808117814,0.11880271351902624,0.10887840862082857,0.18725845915358674,0.19083503878134545,0.184185669166153,0.1731114927174587,0.14824977993625263,0.11340850938776463,0.12063441324699735,0.1592743242841117,0.19424220561186817,0.20438203502576893,0.20233670006347607,0.1700423517233614,0.08992880904258954,0.08883268618606652,0.09487241708035661,0.08947164336033298,0.08944802471770112
0.06860360624793979,0.0357620413940656,0.04694410811217656,0.048978711685086024,0.055168202971051,0.16726035901395936,0.09460964933308513,0.08003299643320104,0.10915486737899167,0.09580841869689835,0.22535675286333318,0.1406227635377311,0.08196036405065092,0.09448279714784127,0.07405975910322474,0.18181145642474694,0.1359264126547781,0.1303205402211343,0.11410078153418221,0.10670725718940965,0.14986262506600784,0.14877631882096315,0.10563669109397762,0.10181065124240876,0.11193326868878355,0.08825399624634164,0.11845865484166256,0.08627572607048327,0.0588482166378521,0.05095483273397401,0.10275713553104777,0.0578541844061376,0.0535828124359066,0.07561897228457175,0.08519213891037057,0.11315944407027681,0.16007110573756142,0.13319699025314646,0.10094778213421307,0.09318865894929651,0.10033746922720428,0.09121990909935776,0.10326442143256079,0.12597325258933373,0.0910523537025832,0.0864406492848515,0.11758085807312509,0.14903653365274208,0.09591471582706704,0.11944372548051492,0.07048574926898671,0.0824301146655555,0.0900517445432578,0.16044471554752968,0.19083503878134545,0.18418566916615303,0.1731114927174587,0.14824977993625263,0.11340850938776463,0.12063441324699734,0.1592743242841117,0.17635979824305342,0.20438203502576896,0.17991124531001723,0.15183861015988695,0.08992880904258953,0.0888326861860665,0.06653695335969578,0.08947164336033298,0.08944802471770112
0.06860360624793979,0.0357620413940656,0.04694410811217656,0.048978711685086024,0.055168202971050996,0.16726035901395936,0.09460964933308515,0.08003299643320104,0.09820102698019931,0.09580841869689835,0.21093034258696503,0.13741264474184825,0.08196036405065092,0.09448279714784127,0.07405975910322474,0.18181145642474694,0.1359264126547781,0.1303205402211343,0.1141007815341822,0.10670725718940965,0.14986262506600784,0.14877631882096315,0.10563669109397762,0.10181065124240876,0.10665103106986722,0.08825399624634164,0.11720124455442038,0.08627572607048327,0.0588482166378521,0.05095483273397401,0.10275713553104777,0.0578541844061376,0.0535828124359066,0.07561897228457175,0.08519213891037057,0.10402104347494552,0.14719504365745023,0.11298987413083668,0.07529888609696603,0.07880229441896616,0.10033746922720428,0.09121990909935776,0.07445611381746041,0.12597325258933373,0.0910523537025832,0.057921296419145785,0.09014005176190237,0.10842450489914782,0.09591471582706704,0.11944372548051492,0.07048574926898671,0.08243011466555548,0.07930813332451538,0.13368759754599108,0.18707102147622084,0.16650719738490288,0.1731114927174587,0.14824977993625263,0.08409728537618837,0.09934560268024481,0.15927432428411167,0.1461693986817427,0.17463503991549353,0.15342282797284162,0.12205596145699352,0.061087627092752464,0.06006840465227431,0.06653695335969578,0.060553968833137,0.060291240681502156
0.06739321129043874,0.0357620413940656,0.04212389664475597,0.048978711685086024,0.05503332747485247,0.16726035901395936,0.09460964933308513,0.08003299643320105,0.09820102698019931,0.09580841869689835,0.2078567878782756,0.13433884713326433,0.08196036405065092,0.09448279714784127,0.07405975910322474,0.17754718214111775,0.1359264126547781,0.12693087106995,0.11410078153418221,0.10670725718940965,0.13609894430408467,0.14877631882096315,0.10563669109397762,0.10181065124240876,0.10665103106986722,0.06976266201777201,0.11720124455442038,0.08627572607048327,0.0588482166378521,0.05095483273397401,0.10275713553104779,0.0578541844061376,0.0535828124359066,0.07561897228457175,0.08519213891037057,0.10402104347494552,0.14719504365745023,0.09911759184968477,0.07529888609696603,0.07880229441896616,0.0732543302488521,0.09121990909935776,0.07445611381746041,0.11131625765726902,0.0910523537025832,0.05792129641914577,0.07821861066624543,0.10842450489914782,0.09591471582706704,0.1048956478423921,0.07048574926898671,0.06856916887247591,0.07300437883116924,0.11502387279318489,0.17069622242565147,0.16650719738490288,0.1731114927174587,0.1320015415527998,0.08409728537618837,0.09934560268024481,0.13238986172664563,0.1461693986817427,0.15751514773537514,0.15342282797284162,0.12205596145699349,0.05224120301788789,0.06006840465227431,0.06653695335969578,0.051704246140359886,0.05151326251429367
0.06739321129043874,0.0357620413940656,0.04212389664475597,0.048978711685086024,0.05503332747485247,0.16726035901395936,0.09460964933308513,0.08003299643320105,0.09820102698019931,0.09580841869689835,0.20785678787827563,0.11804362447715808,0.08196036405065092,0.09448279714784127,0.07405975910322474,0.17754718214111778,0.13592641265477806,0.12693087106994996,0.11410078153418221,0.09628134553221766,0.1360989443040847,0.14877631882096315,0.10563669109397762,0.09870778525403952,0.10665103106986717,0.05215986130986464,0.10475823162787798,0.08627572607048327,0.0588482166378521,0.05095483273397401,0.10275713553104779,0.05785418440613758,0.0535828124359066,0.07561897228457175,0.08519213891037057,0.10402104347494552,0.14719504365745023,0.09911759184968477,0.07529888609696603,0.07880229441896616,0.06451669506436336,0.09121990909935776,0.07445611381746041,0.11131625765726902,0.0910523537025832,0.05792129641914577,0.07821861066624543,0.09808776978141943,0.09591471582706704,0.09306480726235984,0.06595560765411866,0.06856916887247591,0.07300437883116924,0.1150238727931849,0.15240903933404096,0.15083415134145522,0.1731114927174587,0.11000721425997509,0.08409728537618837,0.08173178624235534,0.13238986172664563,0.14616939868174272,0.15751514773537517,0.12816158679462997,0.12205596145699349,0.05224120301788789,0.06006840465227431,0.06653695335969578,0.051704246140359886,0.05151326251429367
0.06739321129043874,0.0357620413940656,0.04212389664475597,0.048978711685086024,0.05503332747485247,0.16726035901395936,0.08745053440590847,0.08003299643320105,0.09820102698019931,0.08800053577985975,0.19643523137928554,0.11804362447715808,0.06664444430580772,0.09448279714784127,0.07405975910322474,0.17754718214111778,0.13382678636336648,0.12693087106994996,0.11410078153418221,0.09628134553221766,0.1360989443040847,0.14877631882096315,0.10563669109397762,0.09870778525403952,0.10665103106986717,0.05215986130986464,0.104758231627878,0.08627572607048327,0.0588482166378521,0.049247971446640004,0.10275713553104779,0.057854184406137585,0.0535828124359066,0.07561897228457175,0.08519213891037057,0.10402104347494552,0.13512258328809684,0.09911759184968477,0.07529888609696603,0.07880229441896616,0.06451669506436336,0.08069775839884355,0.07445611381746041,0.11131625765726902,0.0910523537025832,0.057921296419145785,0.07821861066624543,0.0736751736136987,0.07969800649595775,0.09306480726235984,0.06595560765411866,0.06856916887247592,0.07300437883116925,0.1150238727931849,0.15240903933404093,0.12756604041004813,0.13284506085940825,0.1100072142599751,0.06519507392825957,0.08173178624235536,0.13238986172664563,0.14616939868174272,0.13278808108507095,0.12816158679462997,0.12205596145699349,0.05224120301788789,0.060068404652274324,0.06653695335969578,0.051704246140359886,0.05151326251429367
0.06739321129043874,0.035762041394065594,0.04212389664475597,0.048978711685086024,0.05503332747485248,0.1672603590139594,0.08745053440590847,0.08003299643320105,0.09820102698019931,0.0859796734113135,0.19643523137928556,0.11804362447715808,0.06664444430580772,0.08024327202249161,0.07405975910322474,0.1683796690997555,0.13382678636336648,0.1158163597996587,0.11410078153418221,0.09628134553221765,0.12339347709895812,0.14877631882096315,0.10563669109397762,0.09870778525403952,0.10665103106986722,0.05215986130986463,0.09840379737165247,0.08627572607048326,0.0588482166378521,0.049247971446640004,0.10275713553104779,0.057854184406137585,0.0535828124359066,0.06922238645081072,0.08519213891037057,0.0950820785199225,0.12134440472717242,0.09911759184968479,0.07529888609696601,0.057510680216692825,0.06451669506436336,0.08069775839884355,0.07445611381746041,0.08847427219782264,0.0910523537025832,0.057921296419145785,0.07207064175152758,0.0736751736136987,0.07969800649595775,0.09306480726235984,0.06595560765411866,0.06856916887247592,0.06474750009860815,0.1150238727931849,0.15240903933404093,0.1275660404100481,0.13284506085940823,0.09892652681936512,0.06519507392825957,0.06326769477160217,0.13238986172664563,0.1204054962274218,0.11271160339924673,0.11172692061751935,0.12205596145699349,0.05224120301788789,0.05400553085796479,0.06653695335969578,0.051704246140359886,0.05151326251429367
0.06739321129043874,0.035762041394065594,0.04212389664475597,0.048978711685086024,0.05503332747485248,0.1672603590139594,0.08745053440590847,0.08003299643320105,0.09820102698019931,0.08597967341131349,0.19643523137928554,0.1043728673996398,0.06664444430580772,0.0802432720224916,0.07405975910322474,0.1683796690997555,0.13382678636336648,0.1158163597996587,0.10909701070325954,0.09628134553221765,0.12339347709895813,0.14877631882096315,0.10563669109397762,0.09870778525403952,0.10665103106986717,0.05215986130986463,0.09840379737165246,0.08627572607048326,0.0588482166378521,0.049247971446640004,0.10275713553104779,0.057854184406137585,0.0535828124359066,0.06922238645081072,0.08519213891037057,0.0950820785199225,0.11235040269030785,0.09911759184968479,0.07529888609696601,0.057510680216692825,0.06451669506436336,0.07269385586998539,0.07445611381746041,0.08847427219782264,0.07061241549870065,0.057921296419145785,0.07207064175152758,0.0736751736136987,0.07969800649595775,0.09306480726235984,0.06595560765411866,0.06856916887247592,0.06474750009860815,0.09525716536698625,0.13680753728464706,0.1275660404100481,0.12268445822590668,0.09317886260565933,0.06519507392825957,0.06326769477160218,0.11215059729140439,0.11277190668861699,0.11271160339924675,0.11172692061751932,0.12205596145699349,0.05224120301788789,0.05400553085796479,0.06653695335969578,0.051704246140359886,0.05151326251429367
0.06739321129043874,0.035762041394065594,0.04212389664475597,0.048978711685086024,0.05503332747485248,0.1672603590139594,0.08745053440590847,0.08003299643320105,0.09820102698019931,0.08597967341131349,0.19643523137928554,0.1043728673996398,0.06664444430580772,0.0802432720224916,0.07405975910322474,0.1632552931369997,0.13080180376728254,0.1158163597996587,0.10909701070325957,0.09628134553221765,0.12339347709895813,0.14132398631591575,0.10563669109397762,0.09870778525403952,0.1066510310698672,0.05215986130986463,0.08614593190258832,0.07403261451637229,0.0588482166378521,0.049247971446640004,0.10275713553104779,0.057854184406137585,0.0535828124359066,0.06922238645081072,0.08519213891037057,0.0950820785199225,0.11235040269030787,0.07696748240056075,0.07529888609696601,0.057510680216692825,0.06451669506436335,0.07269385586998539,0.06665016483804578,0.07341511508924346,0.07061241549870065,0.057921296419145785,0.07207064175152758,0.0736751736136987,0.07969800649595775,0.07838893920380846,0.06595560765411866,0.06856916887247592,0.06474750009860815,0.09525716536698625,0.13680753728464706,0.09975947623620854,0.10502930124231935,0.07547983352516832,0.0604108850231407,0.06326769477160218,0.11215059729140438,0.11277190668861699,0.11271160339924675,0.11172692061751932,0.111126894048545,0.052241203017887906,0.05400553085796478,0.06653695335969578,0.051704246140359886,0.05151326251429367
0.06739321129043874,0.035762041394065594,0.04212389664475597,0.04189110170661721,0.05503332747485248,0.1544532534108693,0.08745053440590847,0.08003299643320105,0.09820102698019931,0.08597967341131349,0.16770296592994913,0.1043728673996398,0.06664444430580774,0.0802432720224916,0.07405975910322474,0.1632552931369997,0.12158896669726908,0.11581635979965872,0.10909701070325954,0.09628134553221765,0.12339347709895812,0.14132398631591575,0.10563669109397764,0.09870778525403952,0.1066510310698672,0.05215986130986463,0.08323680849283174,0.07403261451637229,0.0588482166378521,0.04809405500763416,0.10275713553104779,0.057854184406137585,0.05358281243590659,0.06922238645081072,0.08519213891037057,0.0950820785199225,0.11235040269030787,0.07696748240056075,0.0656439335057115,0.057510680216692825,0.06451669506436337,0.07269385586998539,0.06665016483804578,0.07341511508924346,0.07061241549870065,0.057921296419145785,0.07207064175152758,0.05819645406538636,0.07517456771099444,0.07838893920380846,0.06595560765411865,0.06856916887247592,0.06474750009860815,0.09525716536698625,0.13680753728464706,0.09975947623620854,0.08950627277909738,0.07547983352516832,0.05011939351554902,0.06326769477160218,0.11215059729140438,0.11277190668861699,0.08868538767884046,0.11172692061751932,0.111126894048545,0.052241203017887906,0.05400553085796478,0.06653695335969577,0.051704246140359886,0.05151326251429367
0.06739321129043874,0.035762041394065594,0.04212389664475597,0.04140775215786666,0.05503332747485248,0.1544532534108693,0.08262250052277428,0.08003299643320105,0.09820102698019931,0.07625606076263039,0.16770296592994915,0.10437286739963983,0.06664444430580774,0.0666402748180899,0.07405975910322474,0.1632552931369997,0.12158896669726911,0.11581635979965872,0.10909701070325954,0.09628134553221765,0.1233934770989581,0.1342302684614504,0.10563669109397764,0.09870778525403952,0.1066510310698672,0.05215986130986463,0.08323680849283174,0.07403261451637229,0.0588482166378521,0.04809405500763416,0.10275713553104779,0.057854184406137585,0.05358281243590659,0.06922238645081072,0.07610217860117158,0.09298191950337735,0.1123504026903079,0.07696748240056075,0.0656439335057115,0.05509203637422109,0.05411084036594208,0.061998262880847775,0.06085153338125461,0.07341511508924345,0.07061241549870065,0.057921296419145785,0.07207064175152758,0.05819645406538636,0.07517456771099444,0.07838893920380846,0.06371574445032564,0.06856916887247592,0.06474750009860815,0.08246316735717166,0.11321685707796,0.09975947623620854,0.08950627277909738,0.07547983352516832,0.04396127214157856,0.052620814000219694,0.11215059729140438,0.11277190668861699,0.08868538767884046,0.11172692061751932,0.09687658575605702,0.052241203017887906,0.05400553085796478,0.052534434381179676,0.051704246140359886,0.05151326251429367
0.06739321129043874,0.035762041394065594,0.042123896644755965,0.04140775215786666,0.05503332747485248,0.15445325341086924,0.08262250052277428,0.08003299643320105,0.08523846323334479,0.07625606076263039,0.15637756001593384,0.10241684857862647,0.06664444430580774,0.0666402748180899,0.06896062964871495,0.1632552931369997,0.12158896669726911,0.11581635979965872,0.10909701070325957,0.09628134553221766,0.1233934770989581,0.1342302684614504,0.10563669109397764,0.09870778525403952,0.09978863963297882,0.05215986130986463,0.08323680849283174,0.0740326145163723,0.0588482166378521,0.04809405500763416,0.10275713553104782,0.057854184406137585,0.05358281243590659,0.06922238645081072,0.07610217860117158,0.08596455948922739,0.09080843808003264,0.07696748240056075,0.06328115997164091,0.05509203637422109,0.05411084036594208,0.061998262880847775,0.06085153338125461,0.06536414906367113,0.07061241549870065,0.05792129641914577,0.060958936137865904,0.05819645406538636,0.07517456771099444,0.07838893920380846,0.06371574445032564,0.06351649159314512,0.06474750009860814,0.0719697952855641,0.11321685707796,0.09975947623620854,0.08950627277909737,0.05846889980895161,0.04396127214157856,0.052620814000219694,0.11215059729140438,0.11277190668861699,0.08868538767884046,0.08627792448683608,0.09687658575605704,0.052241203017887906,0.05400553085796478,0.052534434381179676,0.051704246140359886,0.05151326251429367
0.06739321129043874,0.035762041394065594,0.042123896644755965,0.04140775215786666,0.047845128793515046,0.15445325341086924,0.08262250052277428,0.06942877742876036,0.08523846323334479,0.06488378250165969,0.14660501116425267,0.09532577645093533,0.0607064036477328,0.0666402748180899,0.06896062964871495,0.1632552931369997,0.12158896669726911,0.11581635979965872,0.10909701070325957,0.09628134553221766,0.12339347709895812,0.12831160686348778,0.10563669109397762,0.09870778525403953,0.08963982817758047,0.05215986130986463,0.08323680849283174,0.07403261451637229,0.0588482166378521,0.04809405500763416,0.10275713553104782,0.057854184406137585,0.0535828124359066,0.06922238645081072,0.07610217860117156,0.0859645594892274,0.09080843808003264,0.07696748240056075,0.06328115997164091,0.05509203637422109,0.05411084036594208,0.061998262880847775,0.06085153338125461,0.06536414906367113,0.07061241549870065,0.053458455916596384,0.060958936137865904,0.05819645406538636,0.07517456771099444,0.06737774132538037,0.06371574445032564,0.06351649159314512,0.06474750009860814,0.06021336164366883,0.11321685707796,0.09975947623620854,0.0895062727790974,0.05846889980895161,0.04396127214157856,0.052620814000219694,0.10686772548025134,0.11277190668861699,0.06913575310646383,0.08627792448683608,0.0890424480453423,0.052241203017887906,0.05400553085796478,0.052534434381179676,0.051704246140359886,0.05151326251429367
0.06739321129043874,0.035762041394065594,0.042123896644755965,0.04140775215786666,0.047845128793515046,0.15445325341086924,0.08262250052277428,0.06942877742876036,0.08523846323334479,0.06488378250165969,0.14660501116425267,0.09532577645093533,0.0607064036477328,0.0666402748180899,0.06896062964871495,0.15479411522939804,0.12158896669726912,0.1158163597996587,0.10909701070325957,0.09628134553221766,0.1233934770989581,0.12831160686348778,0.10563669109397762,0.09870778525403953,0.08628650252743235,0.05215986130986463,0.07976236577563885,0.07403261451637229,0.0588482166378521,0.04809405500763416,0.10275713553104782,0.057854184406137585,0.0535828124359066,0.06922238645081072,0.07610217860117156,0.08386440047268226,0.09080843808003262,0.06740584966032206,0.06328115997164091,0.05509203637422109,0.05411084036594207,0.06199826288084777,0.06085153338125461,0.06536414906367113,0.07061241549870065,0.053458455916596384,0.060958936137865904,0.05819645406538636,0.07517456771099444,0.052684355972555205,0.05941392986900799,0.05222403987363635,0.05331814133211345,0.06021336164366883,0.11321685707796,0.09975947623620854,0.07658029751798026,0.05846889980895161,0.04396127214157856,0.052620814000219694,0.10686772548025134,0.112771906688617,0.06913575310646383,0.08627792448683608,0.0890424480453423,0.05224120301788789,0.05400553085796478,0.052534434381179676,0.051704246140359886,0.05151326251429365
0.06739321129043874,0.035762041394065594,0.042123896644755965,0.04140775215786666,0.047845128793515046,0.15445325341086927,0.08262250052277428,0.06942877742876036,0.08523846323334479,0.06488378250165969,0.14660501116425265,0.09532577645093533,0.0607064036477328,0.0666402748180899,0.06896062964871495,0.15479411522939804,0.12158896669726911,0.11123674072542396,0.10909701070325957,0.09628134553221766,0.1233934770989581,0.12831160686348778,0.10563669109397762,0.08952986104698084,0.08628650252743235,0.05215986130986463,0.07976236577563885,0.07403261451637229,0.0588482166378521,0.041409679961359594,0.10275713553104779,0.057854184406137585,0.0535828124359066,0.06922238645081072,0.07610217860117156,0.08386440047268225,0.09080843808003262,0.0524824537646833,0.06328115997164091,0.05509203637422109,0.05411084036594207,0.06199826288084777,0.06085153338125461,0.0634678793218659,0.07061241549870065,0.053458455916596384,0.060958936137865904,0.05819645406538636,0.07517456771099444,0.052684355972555205,0.059413929869007995,0.05222403987363635,0.05331814133211345,0.06021336164366883,0.11321685707796,0.08944374389660914,0.07658029751798026,0.052921626655785536,0.04396127214157856,0.051179164615489645,0.10686772548025134,0.09156468237978141,0.06913575310646383,0.08627792448683608,0.0890424480453423,0.05224120301788789,0.05400553085796478,0.052534434381179676,0.051704246140359886,0.05151326251429365
0.06739321129043874,0.035762041394065594,0.042123896644755965,0.04140775215786666,0.047845128793515046,0.15445325341086927,0.08262250052277428,0.06942877742876036,0.08523846323334479,0.05304081404747257,0.14660501116425265,0.09268385423685435,0.0607064036477328,0.0666402748180899,0.06896062964871495,0.15479411522939804,0.12158896669726911,0.11123674072542396,0.10909701070325957,0.09628134553221766,0.1233934770989581,0.12831160686348778,0.10563669109397762,0.08952986104698084,0.0748376610148221,0.05215986130986463,0.06801798823249136,0.07109853691871247,0.0588482166378521,0.041409679961359594,0.10275713553104779,0.057854184406137585,0.0535828124359066,0.06922238645081072,0.07610217860117156,0.08386440047268225,0.09080843808003262,0.0524824537646833,0.06328115997164091,0.05509203637422109,0.05411084036594207,0.0438841032624834,0.06085153338125462,0.0634678793218659,0.07061241549870065,0.053458455916596384,0.06095893613786592,0.05819645406538636,0.07517456771099444,0.052684355972555205,0.05894207423435249,0.05222403987363635,0.05331814133211345,0.06021336164366882,0.11321685707796,0.08944374389660914,0.07658029751798026,0.04978006182254096,0.04396127214157856,0.051179164615489645,0.10686772548025132,0.09156468237978141,0.06913575310646383,0.07900362951751355,0.07454001147622737,0.052241203017887906,0.05400553085796478,0.052534434381179676,0.051704246140359886,0.05151326251429365
0.06739321129043874,0.029168422254685016,0.042123896644755965,0.04140775215786666,0.047845128793515046,0.15445325341086927,0.08262250052277428,0.06942877742876036,0.0722884953591374,0.05304081404747257,0.14660501116425265,0.09268385423685435,0.0607064036477328,0.0666402748180899,0.0657573556625975,0.1493121788837661,0.12158896669726912,0.11123674072542396,0.10909701070325957,0.09628134553221766,0.1233934770989581,0.12831160686348778,0.10563669109397762,0.08952986104698082,0.0748376610148221,0.05215986130986463,0.055170701876358016,0.07109853691871246,0.0588482166378521,0.041409679961359594,0.10275713553104782,0.057854184406137585,0.0535828124359066,0.06922238645081072,0.07610217860117156,0.08386440047268225,0.07798608199868937,0.0524824537646833,0.06328115997164091,0.05509203637422109,0.04421527427307069,0.0438841032624834,0.06085153338125462,0.05748771297777074,0.07061241549870065,0.053458455916596384,0.06095893613786592,0.05819645406538637,0.07517456771099444,0.052684355972555205,0.04837176336404724,0.05222403987363635,0.05331814133211345,0.06021336164366882,0.11321685707796,0.07963991203981771,0.057968439043880285,0.04978006182254096,0.04396127214157856,0.04651601078096408,0.1002246421295188,0.09156468237978141,0.06913575310646383,0.06821754560894149,0.07454001147622737,0.052241203017887906,0.05400553085796479,0.052534434381179676,0.051704246140359886,0.05151326251429365
0.06739321129043874,0.029168422254685016,0.042123896644755965,0.041407752157866656,0.047845128793515046,0.15445325341086927,0.08262250052277428,0.06942877742876036,0.07228849535913741,0.05304081404747257,0.14660501116425267,0.09268385423685435,0.0607064036477328,0.0666402748180899,0.0657573556625975,0.1493121788837661,0.12158896669726912,0.11123674072542396,0.10909701070325957,0.09628134553221766,0.1233934770989581,0.1256570266966366,0.10563669109397762,0.08952986104698082,0.0748376610148221,0.05215986130986463,0.05517070187635803,0.06319982522495583,0.0588482166378521,0.041409679961359594,0.09575838766902398,0.057854184406137585,0.04933435727833092,0.06922238645081072,0.07610217860117156,0.08386440047268225,0.07798608199868937,0.0524824537646833,0.06328115997164091,0.05509203637422109,0.04421527427307069,0.0438841032624834,0.06085153338125462,0.05559144323596551,0.07061241549870065,0.042533795991829555,0.06095893613786592,0.05819645406538637,0.0707417624103711,0.052684355972555205,0.04837176336404724,0.05222403987363635,0.05331814133211345,0.06021336164366882,0.11321685707796,0.06924466098666146,0.03558343887119821,0.04978006182254096,0.04396127214157856,0.04651601078096408,0.09878901309105834,0.09156468237978141,0.06913575310646383,0.06821754560894149,0.07454001147622737,0.052241203017887906,0.05400553085796479,0.05253443438117966,0.051704246140359886,0.051513262514293646
0.06739321129043874,0.029168422254685016,0.042123896644755965,0.041407752157866656,0.047845128793515046,0.15445325341086927,0.0798123155755921,0.060530115605496856,0.0722884953591374,0.05304081404747257,0.14660501116425267,0.09268385423685435,0.0607064036477328,0.055748321169021973,0.0657573556625975,0.1493121788837661,0.12158896669726912,0.11123674072542396,0.10909701070325958,0.09628134553221766,0.12339347709895807,0.1256570266966366,0.10563669109397762,0.08952986104698082,0.06788130627622875,0.05215986130986463,0.05517070187635803,0.06319982522495583,0.05884821663785211,0.041409679961359594,0.09575838766902393,0.057854184406137585,0.04933435727833092,0.06922238645081072,0.07610217860117156,0.08386440047268226,0.06536288012139181,0.05248245376468329,0.06328115997164091,0.04236434524741673,0.04421527427307069,0.0438841032624834,0.05218557258372023,0.05559144323596551,0.07061241549870065,0.042533795991829555,0.060958936137865904,0.05819645406538637,0.060086933508183615,0.052684355972555205,0.04837176336404724,0.05222403987363635,0.05331814133211345,0.06021336164366882,0.0976401923930909,0.06924466098666145,0.03558343887119821,0.04207028808052995,0.04396127214157856,0.04651601078096408,0.09878901309105834,0.09156468237978141,0.06913575310646383,0.06821754560894149,0.07454001147622737,0.05224120301788789,0.05400553085796479,0.05253443438117965,0.051704246140359886,0.05151326251429365
0.06522051067358926,0.027832321821225563,0.03733697719254754,0.041407752157866656,0.047845128793515046,0.15445325341086927,0.0798123155755921,0.060530115605496856,0.07228849535913741,0.05304081404747257,0.14660501116425267,0.09268385423685435,0.06070640364773281,0.055748321169021973,0.06275644605108052,0.14189496061243703,0.12158896669726912,0.11123674072542396,0.10909701070325958,0.09628134553221766,0.1233934770989581,0.1256570266966366,0.10563669109397762,0.08952986104698084,0.06788130627622875,0.05215986130986463,0.05087207079876462,0.05899166626363023,0.05884821663785211,0.041409679961359594,0.08869164987830067,0.057854184406137585,0.04933435727833092,0.06922238645081072,0.06740827073692028,0.07402318918633051,0.06536288012139181,0.05248245376468329,0.06328115997164091,0.04236434524741673,0.04421527427307069,0.0438841032624834,0.05218557258372023,0.0555914432359655,0.07061241549870065,0.042533795991829555,0.060958936137865904,0.05819645406538637,0.057492885059297436,0.052684355972555205,0.04837176336404724,0.05222403987363635,0.05331814133211345,0.04820741310922626,0.0976401923930909,0.06924466098666145,0.03558343887119821,0.03500641954011283,0.04396127214157856,0.04651601078096408,0.0868646609126065,0.09156468237978141,0.06913575310646383,0.06821754560894149,0.07454001147622737,0.04444793875244949,0.05400553085796479,0.05253443438117965,0.051704246140359886,0.05151326251429365
0.06522051067358926,0.027832321821225563,0.03733697719254754,0.041407752157866656,0.047845128793515046,0.15445325341086927,0.0798123155755921,0.060530115605496856,0.07228849535913741,0.05304081404747257,0.14660501116425267,0.08236202687146223,0.06070640364773281,0.055748321169021994,0.06275644605108052,0.14189496061243706,0.12158896669726912,0.11123674072542396,0.10909701070325958,0.09628134553221765,0.1233934770989581,0.1256570266966366,0.10563669109397762,0.08304805348512966,0.06788130627622875,0.05215986130986463,0.05087207079876462,0.05899166626363023,0.05884821663785211,0.041409679961359594,0.08869164987830067,0.05382827370395765,0.04933435727833092,0.06922238645081072,0.06740827073692028,0.07402318918633051,0.0498921360029637,0.05248245376468329,0.06328115997164091,0.04236434524741674,0.04421527427307069,0.0438841032624834,0.05218557258372023,0.0555914432359655,0.07061241549870065,0.042533795991829555,0.05323954475762956,0.05819645406538637,0.057492885059297436,0.052684355972555205,0.04837176336404724,0.05222403987363635,0.05331814133211343,0.04820741310922626,0.08449140272491051,0.052576787026170343,0.03558343887119821,0.035006419540112826,0.04396127214157856,0.04651601078096408,0.0868646609126065,0.09156468237978141,0.06913575310646383,0.0573384769321579,0.05373001339073337,0.04444793875244949,0.046365255558922826,0.05253443438117965,0.051704246140359886,0.05151326251429365
0.06522051067358925,0.027832321821225563,0.03733697719254754,0.04140775215786667,0.047845128793515046,0.1480214575843491,0.0798123155755921,0.060530115605496856,0.061397772945447474,0.05304081404747257,0.14282568226016668,0.08236202687146221,0.06070640364773281,0.055748321169021994,0.06275644605108052,0.14189496061243706,0.12158896669726912,0.11123674072542396,0.10909701070325957,0.09628134553221765,0.1233934770989581,0.12565702669663656,0.10563669109397762,0.08304805348512966,0.06001624798382963,0.05215986130986463,0.05087207079876462,0.05899166626363023,0.05884821663785211,0.041409679961359594,0.07940047678846626,0.05382827370395765,0.04933435727833092,0.06922238645081072,0.06740827073692028,0.06179432256971242,0.0498921360029637,0.05248245376468329,0.051329006835944324,0.028547367050300983,0.04421527427307069,0.043884103262483404,0.05218557258372023,0.0555914432359655,0.07061241549870065,0.042533795991829555,0.041935830068032885,0.05819645406538637,0.057492885059297436,0.052684355972555205,0.04837176336404724,0.05222403987363635,0.053318141332113454,0.04820741310922626,0.0756927306024771,0.052576787026170343,0.03558343887119821,0.035006419540112826,0.04396127214157856,0.04651601078096408,0.0868646609126065,0.09156468237978141,0.06913575310646383,0.0573384769321579,0.05373001339073337,0.04444793875244949,0.04636525555892281,0.05253443438117965,0.051704246140359886,0.05151326251429365
0.06522051067358925,0.027832321821225563,0.03733697719254754,0.04140775215786667,0.047845128793515046,0.1443418893228833,0.0798123155755921,0.060530115605496856,0.05195879278232217,0.05304081404747257,0.14282568226016668,0.078248896266718,0.06070640364773281,0.055748321169021994,0.06275644605108052,0.14189496061243706,0.12158896669726912,0.11123674072542396,0.10909701070325957,0.09628134553221765,0.1233934770989581,0.1256570266966366,0.10563669109397762,0.08304805348512966,0.06001624798382963,0.05215986130986463,0.05087207079876462,0.05899166626363023,0.05884821663785211,0.041409679961359594,0.07940047678846623,0.05382827370395765,0.04933435727833092,0.06922238645081072,0.06740827073692028,0.0617943225697124,0.049892136002963716,0.04018724639627744,0.051329006835944324,0.028547367050300983,0.04421527427307069,0.0438841032624834,0.05218557258372023,0.0555914432359655,0.06631250070192932,0.042533795991829555,0.041935830068032885,0.05819645406538637,0.057492885059297436,0.05268435597255522,0.04837176336404724,0.05222403987363635,0.053318141332113454,0.03407414504666441,0.07569273060247708,0.052576787026170343,0.03558343887119821,0.035006419540112826,0.04396127214157855,0.04651601078096408,0.0868646609126065,0.07510547456657857,0.06913575310646383,0.0573384769321579,0.05373001339073337,0.04444793875244949,0.04636525555892281,0.05253443438117966,0.051704246140359886,0.05151326251429365
0.06522051067358925,0.027832321821225563,0.03733697719254754,0.04140775215786667,0.047845128793515046,0.1443418893228833,0.0798123155755921,0.060530115605496856,0.04159172142597989,0.05304081404747257,0.139702276255475,0.078248896266718,0.0607064036477328,0.05132618955573927,0.06275644605108052,0.14189496061243706,0.11280577206368025,0.09968001193782504,0.10909701070325957,0.09628134553221765,0.1233934770989581,0.1256570266966366,0.10563669109397762,0.0741514124508593,0.06001624798382963,0.05215986130986463,0.05087207079876462,0.05018142263200452,0.05884821663785211,0.041409679961359594,0.07940047678846623,0.05382827370395765,0.04933435727833092,0.06922238645081072,0.0674082707369203,0.061794322569712415,0.049892136002963716,0.04018724639627744,0.051329006835944324,0.028547367050300983,0.04421527427307069,0.0438841032624834,0.05218557258372023,0.0555914432359655,0.06631250070192932,0.042533795991829555,0.041935830068032885,0.05819645406538637,0.057492885059297436,0.05268435597255522,0.04837176336404724,0.05222403987363635,0.053318141332113454,0.03407414504666441,0.07569273060247708,0.04940961742028922,0.03558343887119821,0.035006419540112826,0.04396127214157855,0.04651601078096408,0.0868646609126065,0.07510547456657857,0.05894007161784644,0.0573384769321579,0.05373001339073337,0.04444793875244949,0.03721403729088343,0.043329875582403594,0.051704246140359886,0.05151326251429365
0.06522051067358925,0.027832321821225563,0.03733697719254754,0.04140775215786667,0.046289116693595485,0.14434188932288333,0.0798123155755921,0.060530115605496856,0.04159172142597988,0.0419701200657641,0.139702276255475,0.07824889626671801,0.0607064036477328,0.05132618955573927,0.06275644605108052,0.14189496061243706,0.11280577206368025,0.09968001193782504,0.10909701070325957,0.09628134553221765,0.1233934770989581,0.1256570266966366,0.10563669109397762,0.0741514124508593,0.05503340390450875,0.05215986130986463,0.05087207079876462,0.05018142263200452,0.052161378019605145,0.041409679961359594,0.07940047678846623,0.05382827370395765,0.04933435727833092,0.06922238645081072,0.0674082707369203,0.0617943225697124,0.049892136002963716,0.04018724639627744,0.03830253274845481,0.028547367050300983,0.0442152742730707,0.0438841032624834,0.05218557258372023,0.05140175818013927,0.06631250070192932,0.042533795991829555,0.03730765981336455,0.05819645406538637,0.05343383838973923,0.05268435597255522,0.04837176336404724,0.04388579097144049,0.053318141332113454,0.03407414504666441,0.07569273060247708,0.033577366349327634,0.03558343887119821,0.035006419540112826,0.04396127214157855,0.04651601078096408,0.0868646609126065,0.07510547456657857,0.05894007161784644,0.0573384769321579,0.05373001339073337,0.03550204478621692,0.03721403729088343,0.043329875582403594,0.04274000352259108,0.04372467300697992
0.06522051067358925,0.027832321821225563,0.03540176044914375,0.04140775215786667,0.046289116693595485,0.14434188932288333,0.07026719772192075,0.060530115605496856,0.04159172142597988,0.03123074219796927,0.139702276255475,0.07824889626671801,0.054987094033926695,0.05132618955573927,0.059415969717792706,0.14189496061243706,0.11280577206368028,0.09968001193782504,0.10909701070325957,0.09628134553221765,0.12203235495670506,0.1256570266966366,0.10563669109397762,0.0741514124508593,0.05503340390450875,0.05215986130986463,0.05087207079876462,0.050181422632004515,0.052161378019605145,0.041409679961359594,0.07940047678846623,0.05382827370395765,0.04933435727833092,0.06922238645081072,0.0674082707369203,0.0617943225697124,0.04989213600296371,0.04018724639627744,0.03830253274845481,0.028547367050300983,0.0442152742730707,0.03346353875707005,0.05218557258372023,0.05140175818013927,0.06631250070192932,0.042533795991829555,0.03730765981336455,0.05427308772771353,0.05343383838973923,0.03825457006025142,0.042812938478747835,0.04388579097144049,0.04005917453443023,0.03407414504666441,0.07569273060247708,0.033577366349327634,0.03558343887119822,0.035006419540112826,0.03724879397261103,0.03068676275053701,0.07156911676236301,0.07510547456657857,0.05493131640551776,0.0573384769321579,0.05373001339073337,0.03550204478621692,0.03721403729088343,0.03558198020169086,0.04274000352259107,0.04372467300697992
0.06522051067358925,0.027832321821225563,0.03540176044914375,0.041407752157866656,0.046289116693595485,0.13980703842886238,0.07026719772192075,0.060530115605496856,0.041591721425979875,0.03123074219796927,0.139702276255475,0.07824889626671801,0.054987094033926695,0.05077727677806369,0.05941596971779271,0.14189496061243703,0.11280577206368025,0.09968001193782504,0.10909701070325957,0.09628134553221765,0.12203235495670506,0.1256570266966366,0.10563669109397764,0.0741514124508593,0.05503340390450875,0.05215986130986464,0.05087207079876462,0.050181422632004515,0.052161378019605145,0.041409679961359594,0.0727832499368736,0.05382827370395765,0.04933435727833092,0.06922238645081072,0.0674082707369203,0.04681825733403128,0.04989213600296371,0.04018724639627744,0.03830253274845481,0.028547367050300983,0.03282263789372315,0.03346353875707005,0.05218557258372023,0.05140175818013927,0.06449009206086365,0.042533795991829555,0.03730765981336455,0.05427308772771353,0.05343383838973923,0.03825457006025142,0.04281293847874784,0.03883311369210969,0.04005917453443023,0.03407414504666441,0.07569273060247708,0.033577366349327634,0.03558343887119822,0.035006419540112826,0.03724879397261103,0.03068676275053701,0.071569116762363,0.06207112401689748,0.05493131640551776,0.05733847693215789,0.05373001339073337,0.03550204478621692,0.02809225029445404,0.023904022370702972,0.04274000352259108,0.04372467300697992
0.06522051067358925,0.027832321821225563,0.03540176044914375,0.041407752157866656,0.046289116693595485,0.13980703842886238,0.07026719772192075,0.06053011560549687,0.041591721425979875,0.03123074219796927,0.139702276255475,0.07621208539772487,0.054987094033926695,0.04525746346232507,0.05941596971779271,0.13646483600581819,0.11280577206368025,0.09968001193782504,0.10909701070325957,0.09628134553221765,0.12203235495670506,0.1256570266966366,0.10563669109397764,0.06585864736726325,0.05503340390450874,0.05215986130986464,0.050872070798764636,0.050181422632004515,0.052161378019605145,0.03665548946809158,0.0727832499368736,0.05382827370395765,0.04933435727833092,0.06922238645081072,0.0674082707369203,0.04681825733403128,0.049892136002963716,0.04018724639627744,0.03830253274845481,0.028547367050300983,0.03282263789372315,0.024923313249193012,0.05218557258372023,0.05140175818013927,0.05941713402540738,0.042533795991829555,0.03730765981336455,0.05369425806873958,0.039569159822441705,0.03825457006025142,0.04281293847874784,0.03883311369210969,0.04005917453443023,0.03407414504666441,0.07569273060247708,0.033577366349327634,0.03558343887119822,0.035006419540112826,0.03724879397261103,0.024636985039617774,0.0562851007419717,0.06207112401689748,0.05493131640551777,0.05733847693215789,0.05373001339073337,0.023976878630005066,0.02809225029445404,0.023904022370702972,0.04274000352259108,0.042622812853553634
0.06522051067358925,0.027832321821225563,0.03540176044914375,0.041407752157866656,0.046289116693595485,0.13980703842886238,0.07026719772192075,0.06053011560549687,0.041591721425979875,0.03123074219796927,0.13208124414789124,0.07621208539772487,0.054987094033926695,0.045257463462325065,0.05415270244668232,0.1364648360058182,0.11280577206368025,0.09968001193782504,0.09855452013433129,0.09628134553221765,0.12203235495670506,0.1179963751093763,0.0966377379625007,0.06585864736726325,0.042877209688382836,0.05215986130986464,0.050872070798764636,0.050181422632004515,0.052161378019605145,0.03408283269675684,0.0727832499368736,0.05382827370395765,0.04933435727833092,0.06450056412621716,0.06740827073692028,0.04681825733403128,0.049892136002963716,0.04018724639627744,0.03830253274845481,0.028547367050300983,0.03282263789372315,0.024923313249193012,0.04322980425717979,0.05140175818013927,0.05941713402540738,0.042533795991829555,0.03730765981336455,0.05369425806873958,0.039569159822441705,0.03825457006025142,0.04281293847874784,0.03883311369210969,0.03069541206370415,0.03407414504666441,0.07569273060247708,0.033577366349327634,0.03558343887119822,0.035006419540112826,0.03724879397261103,0.024636985039617774,0.0562851007419717,0.06207112401689748,0.05493131640551777,0.05733847693215789,0.05373001339073337,0.023976878630005066,0.02809225029445404,0.023904022370702972,0.0313359360979915,0.023930573448991944
0.06522051067358925,0.027832321821225563,0.03540176044914375,0.041407752157866656,0.046289116693595485,0.13838093807474788,0.07026719772192075,0.05105025431069928,0.041591721425979875,0.03123074219796927,0.13208124414789124,0.07621208539772487,0.054987094033926695,0.04172849042179746,0.05415270244668231,0.1364648360058182,0.11280577206368023,0.09968001193782504,0.09855452013433129,0.09628134553221765,0.11982456697190555,0.1179963751093763,0.0966377379625007,0.06585864736726325,0.042877209688382836,0.05215986130986464,0.044492024095817664,0.042008306142682826,0.04553070768592593,0.03408283269675684,0.0727832499368736,0.05382827370395765,0.04933435727833092,0.06450056412621716,0.06740827073692028,0.039093176040289127,0.049892136002963716,0.04018724639627744,0.03830253274845481,0.028547367050300983,0.03282263789372315,0.024923313249193016,0.04322980425717979,0.05140175818013927,0.05941713402540738,0.030146594062118302,0.031867496481719555,0.05369425806873958,0.039569159822441705,0.03825457006025142,0.038039268262774685,0.03883311369210969,0.03069541206370415,0.03407414504666441,0.07569273060247708,0.03357736634932764,0.03558343887119822,0.035006419540112826,0.03724879397261103,0.024636985039617774,0.0562851007419717,0.06207112401689748,0.05493131640551777,0.05733847693215789,0.053730013390733376,0.023976878630005066,0.02557166965387344,0.023904022370702972,0.0313359360979915,0.023930573448991944
0.06522051067358925,0.027832321821225563,0.03540176044914375,0.041407752157866656,0.046289116693595485,0.13838093807474788,0.07026719772192075,0.05105025431069928,0.041591721425979875,0.03123074219796927,0.13208124414789124,0.07621208539772487,0.054987094033926695,0.04172849042179746,0.05129016631017397,0.1364648360058182,0.11280577206368025,0.09968001193782504,0.09855452013433129,0.0874742143268479,0.11982456697190555,0.1179963751093763,0.0878901432949876,0.06585864736726325,0.042877209688382836,0.05215986130986464,0.044492024095817664,0.042008306142682826,0.04553070768592593,0.03408283269675684,0.0727832499368736,0.05382827370395765,0.04933435727833092,0.06098610286589543,0.06740827073692028,0.039093176040289127,0.03472978131174365,0.040187246396277444,0.03830253274845481,0.028547367050300983,0.024411534463629522,0.024923313249193016,0.04322980425717979,0.05140175818013927,0.05941713402540738,0.030146594062118302,0.031867496481719555,0.05369425806873958,0.03549959778427802,0.03825457006025142,0.038039268262774685,0.03883311369210969,0.03069541206370415,0.03407414504666441,0.07569273060247708,0.03357736634932764,0.03558343887119822,0.035006419540112826,0.034520096665740865,0.024636985039617774,0.0562851007419717,0.062071124016897475,0.05493131640551776,0.053733629426671294,0.053730013390733376,0.023976878630005066,0.02557166965387344,0.023904022370702972,0.0313359360979915,0.023930573448991944
0.06242766841376163,0.02783232182122556,0.03540176044914375,0.041407752157866656,0.046289116693595485,0.13838093807474788,0.07026719772192075,0.05105025431069928,0.041591721425979875,0.03123074219796927,0.12342901947828602,0.07621208539772487,0.054987094033926695,0.04172849042179746,0.05129016631017398,0.12528420914749666,0.11280577206368025,0.09968001193782504,0.09855452013433129,0.0874742143268479,0.11982456697190555,0.1179963751093763,0.0878901432949876,0.06585864736726324,0.042877209688382836,0.04825484692423044,0.044492024095817664,0.042008306142682826,0.04553070768592593,0.03408283269675684,0.0727832499368736,0.05382827370395765,0.04933435727833092,0.06098610286589543,0.06740827073692028,0.039093176040289127,0.03472978131174365,0.040187246396277444,0.03830253274845481,0.028547367050300983,0.017478710906183803,0.024923313249193012,0.03337445225574036,0.05140175818013927,0.05941713402540738,0.030146594062118302,0.031867496481719555,0.05369425806873958,0.03549959778427802,0.03825457006025142,0.038039268262774685,0.029873399825746307,0.03069541206370415,0.03407414504666441,0.07569273060247708,0.03357736634932764,0.03558343887119822,0.035006419540112826,0.034520096665740865,0.024636985039617774,0.0562851007419717,0.062071124016897475,0.05493131640551776,0.053733629426671294,0.04475560102966509,0.023976878630005066,0.02557166965387344,0.023904022370702972,0.024829570942127923,0.023930573448991944
0.06242766841376163,0.02783232182122556,0.03366428006440072,0.041407752157866656,0.04188263837220697,0.13838093807474788,0.07026719772192075,0.05105025431069928,0.041591721425979875,0.03123074219796927,0.12342901947828604,0.07621208539772487,0.054987094033926695,0.04172849042179746,0.04775976322437323,0.12528420914749666,0.10452003170332166,0.09013661323063997,0.09855452013433129,0.0874742143268479,0.11301430642168062,0.1179963751093763,0.0878901432949876,0.05632578281822158,0.042877209688382836,0.04825484692423044,0.04449202409581766,0.042008306142682826,0.03883006257083985,0.03408283269675684,0.0727832499368736,0.05382827370395765,0.04933435727833092,0.06098610286589543,0.06740827073692028,0.039093176040289127,0.03472978131174365,0.040187246396277444,0.03830253274845481,0.028547367050300983,0.017478710906183803,0.024923313249193012,0.03337445225574036,0.05140175818013927,0.05941713402540738,0.030146594062118302,0.029276682687526784,0.040943986384374395,0.03549959778427802,0.03825457006025142,0.026136167515751353,0.029873399825746307,0.03069541206370415,0.03407414504666441,0.07569273060247708,0.03357736634932764,0.03558343887119822,0.035006419540112826,0.023169778209892154,0.022041812560545864,0.0562851007419717,0.04751694124954013,0.05493131640551776,0.053733629426671294,0.04475560102966509,0.023976878630005066,0.02557166965387344,0.023904022370702972,0.024829570942127923,0.023930573448991944
0.06242766841376163,0.02783232182122556,0.03366428006440072,0.041407752157866656,0.04022959527764071,0.13838093807474788,0.07026719772192075,0.05105025431069928,0.041591721425979875,0.03123074219796927,0.12342901947828604,0.06694612769655135,0.04766908357614337,0.03942758836324231,0.04775976322437323,0.12528420914749666,0.10452003170332166,0.09013661323063997,0.09855452013433127,0.0874742143268479,0.11301430642168062,0.1179963751093763,0.08789014329498757,0.05632578281822157,0.042877209688382836,0.04825484692423044,0.04449202409581766,0.042008306142682826,0.03883006257083986,0.03408283269675684,0.07278324993687361,0.053828273703957666,0.04933435727833092,0.06098610286589542,0.0674082707369203,0.039093176040289127,0.03472978131174365,0.040187246396277444,0.03830253274845481,0.028547367050300983,0.017478710906183803,0.024923313249193012,0.03337445225574036,0.05140175818013927,0.05941713402540738,0.030146594062118302,0.029276682687526784,0.040943986384374395,0.03549959778427802,0.03825457006025142,0.026136167515751353,0.029873399825746307,0.03069541206370415,0.025203166859106275,0.06345263007906668,0.03357736634932764,0.03558343887119822,0.035006419540112826,0.023169778209892154,0.022041812560545864,0.0562851007419717,0.04751694124954013,0.05493131640551776,0.053733629426671294,0.04475560102966509,0.023976878630005066,0.02557166965387344,0.023904022370702972,0.024829570942127923,0.023930573448991944
0.06242766841376163,0.02783232182122556,0.033664280064400726,0.041407752157866656,0.04022959527764071,0.13838093807474788,0.07026719772192075,0.05105025431069928,0.036012945313474695,0.031230742197969275,0.12342901947828604,0.06694612769655135,0.04766908357614337,0.03942758836324231,0.04775976322437323,0.12528420914749666,0.10452003170332169,0.09013661323063997,0.09855452013433127,0.0874742143268479,0.11301430642168062,0.1179963751093763,0.08789014329498757,0.05632578281822157,0.042877209688382836,0.04825484692423044,0.04449202409581766,0.03303108953122873,0.03883006257083986,0.03408283269675684,0.0727832499368736,0.053828273703957666,0.04933435727833092,0.06098610286589542,0.0674082707369203,0.039093176040289127,0.03472978131174365,0.040187246396277444,0.03830253274845481,0.028547367050300983,0.017478710906183803,0.024923313249193012,0.03337445225574036,0.05140175818013927,0.05941713402540737,0.030146594062118302,0.029276682687526784,0.029754465237169736,0.03549959778427802,0.03825457006025142,0.026136167515751353,0.020517206122677413,0.016895206269120108,0.025203166859106275,0.033566437718248,0.02485256963692819,0.03558343887119822,0.035006419540112826,0.023169778209892154,0.022041812560545864,0.056285100741971704,0.04751694124954013,0.05493131640551776,0.053733629426671294,0.04475560102966509,0.023976878630005066,0.016449882657444046,0.023904022370702972,0.024829570942127923,0.023930573448991944
0.06242766841376163,0.02783232182122556,0.033664280064400726,0.041407752157866656,0.04022959527764071,0.13838093807474788,0.07026719772192075,0.05105025431069928,0.036012945313474695,0.031230742197969275,0.12342901947828604,0.06694612769655135,0.04766908357614337,0.03942758836324231,0.04775976322437323,0.12148066482417061,0.09266020175243864,0.09013661323063997,0.08826579177910174,0.0874742143268479,0.11301430642168062,0.1179963751093763,0.08789014329498757,0.05632578281822157,0.042877209688382836,0.04825484692423044,0.04449202409581766,0.03303108953122873,0.03883006257083986,0.03408283269675684,0.0727832499368736,0.053828273703957666,0.04933435727833092,0.06098610286589542,0.06114234600897567,0.039093176040289127,0.03472978131174365,0.02683621825450903,0.03830253274845481,0.027411122247662196,0.017478710906183803,0.024923313249193012,0.03337445225574036,0.05140175818013927,0.05941713402540738,0.030146594062118302,0.02027354225097553,0.029754465237169736,0.03549959778427802,0.03825457006025142,0.026136167515751353,0.020517206122677413,0.016895206269120108,0.011281649371936545,0.033566437718248,0.02485256963692819,0.03558343887119822,0.035006419540112826,0.0206921294996208,0.022041812560545864,0.056285100741971704,0.04751694124954013,0.05493131640551776,0.0537336294266713,0.04475560102966508,0.023976878630005066,0.016449882657444046,0.023904022370702972,0.024829570942127923,0.023930573448991944
0.06242766841376163,0.02783232182122556,0.033664280064400726,0.04140775215786666,0.0402295952776407,0.13341729788986606,0.07026719772192075,0.05105025431069928,0.03208965441698774,0.031230742197969275,0.12102655542971494,0.06694612769655135,0.04766908357614337,0.03942758836324231,0.04775976322437322,0.12148066482417061,0.09266020175243864,0.09013661323063997,0.08826579177910174,0.0874742143268479,0.11301430642168062,0.11278645903529612,0.07760517200376892,0.05148903872983409,0.04287720968838283,0.04825484692423044,0.04449202409581766,0.03303108953122873,0.03883006257083986,0.03408283269675684,0.0727832499368736,0.053828273703957666,0.04933435727833092,0.06098610286589542,0.05984505202940808,0.039093176040289127,0.03472978131174365,0.02683621825450903,0.03830253274845481,0.027411122247662196,0.017478710906183803,0.024923313249193012,0.03337445225574036,0.05140175818013927,0.05941713402540738,0.030146594062118302,0.02027354225097553,0.029754465237169736,0.03549959778427802,0.03825457006025142,0.01795426562252502,0.0073855416998383815,0.016895206269120108,0.011281649371936545,0.033566437718248,0.02485256963692819,0.027456305926131,0.035006419540112826,0.0206921294996208,0.022041812560545864,0.056285100741971704,0.047516941249540125,0.05493131640551776,0.0537336294266713,0.04475560102966508,0.023976878630005066,0.016449882657444046,0.023904022370702972,0.024829570942127923,0.023930573448991944
0.06242766841376163,0.02783232182122556,0.033664280064400726,0.04140775215786666,0.0402295952776407,0.13341729788986606,0.07026719772192075,0.05105025431069928,0.03208965441698774,0.031230742197969275,0.1182270188823427,0.06694612769655135,0.04766908357614337,0.03942758836324231,0.04775976322437322,0.12148066482417061,0.09266020175243864,0.09013661323063997,0.08826579177910174,0.0874742143268479,0.11301430642168062,0.11278645903529612,0.07760517200376894,0.05148903872983409,0.04287720968838283,0.04825484692423044,0.03766705655119713,0.03303108953122873,0.03883006257083986,0.03408283269675684,0.0727832499368736,0.053828273703957666,0.04933435727833092,0.06098610286589542,0.05432428601167225,0.039093176040289127,0.03472978131174365,0.02683621825450903,0.03830253274845481,0.027411122247662196,0.017478710906183803,0.01740845947569284,0.03337445225574036,0.049505488438334036,0.05941713402540736,0.030146594062118302,0.020273542250975534,0.029754465237169736,0.03549959778427802,0.03825457006025142,0.01795426562252502,0.0073855416998383815,0.016895206269120108,0.011281649371936545,0.03356643771824801,0.02485256963692819,0.027456305926131,0.02696238325261509,0.0206921294996208,0.022041812560545864,0.056285100741971704,0.047516941249540125,0.05493131640551776,0.0537336294266713,0.04475560102966508,0.023976878630005066,0.016449882657444046,0.023904022370702972,0.024829570942127923,0.023930573448991944
0.06242766841376163,0.02783232182122556,0.033664280064400726,0.04140775215786666,0.0402295952776407,0.13341729788986606,0.07026719772192073,0.05105025431069928,0.03208965441698774,0.03123074219796927,0.1182270188823427,0.06694612769655134,0.04766908357614337,0.03942758836324231,0.04775976322437322,0.12148066482417061,0.09266020175243864,0.09013661323063997,0.08826579177910174,0.0874742143268479,0.11301430642168062,0.11278645903529609,0.06583292924608751,0.05148903872983409,0.042877209688382836,0.04825484692423044,0.03766705655119713,0.033031089531228734,0.03160128196974839,0.03408283269675684,0.0727832499368736,0.053828273703957666,0.04933435727833092,0.06098610286589542,0.05432428601167225,0.039093176040289127,0.03472978131174366,0.02683621825450903,0.03830253274845481,0.027411122247662196,0.017478710906183803,0.01740845947569284,0.03337445225574036,0.04097217936461171,0.05941713402540736,0.021496091820346255,0.020273542250975534,0.029754465237169736,0.029484035175560426,0.03825457006025142,0.01795426562252502,0.0073855416998383815,0.016895206269120108,0.011281649371936545,0.03356643771824801,0.02485256963692819,0.027456305926131,0.02696238325261509,0.0206921294996208,0.01650732324024925,0.04510293781145655,0.047516941249540125,0.04221260989450461,0.053733629426671314,0.04475560102966508,0.023976878630005066,0.016449882657444046,0.01597299551304336,0.024829570942127923,0.023930573448991944
0.06242766841376163,0.02783232182122556,0.033664280064400726,0.04140775215786666,0.0402295952776407,0.13341729788986606,0.07026719772192073,0.04519864200874595,0.03208965441698774,0.03123074219796927,0.11284486458962092,0.06408981577296338,0.04766908357614337,0.03942758836324231,0.04775976322437322,0.12148066482417061,0.09266020175243864,0.09013661323063997,0.08080087189254606,0.0874742143268479,0.11301430642168062,0.11278645903529612,0.06583292924608751,0.05148903872983409,0.042877209688382836,0.04825484692423044,0.03766705655119713,0.03303108953122873,0.03160128196974838,0.03408283269675684,0.0727832499368736,0.053828273703957666,0.04933435727833092,0.06098610286589543,0.05432428601167226,0.039093176040289127,0.03472978131174366,0.02683621825450903,0.03830253274845481,0.027411122247662196,0.017478710906183803,0.01740845947569284,0.03337445225574036,0.039128181157917684,0.05941713402540736,0.021496091820346255,0.020273542250975534,0.029754465237169736,0.029484035175560426,0.03241307609736187,0.01795426562252502,0.0073855416998383815,0.008471629177038387,0.011281649371936545,0.02421049737137857,0.02485256963692819,0.027456305926131,0.02696238325261509,0.0206921294996208,0.01650732324024925,0.04510293781145655,0.047516941249540125,0.041646829704005205,0.053733629426671314,0.04475560102966508,0.015593894159785415,0.016449882657444046,0.01597299551304336,0.024829570942127923,0.023930573448991944
0.06242766841376163,0.02783232182122556,0.03272213349223109,0.04140775215786666,0.0402295952776407,0.13341729788986606,0.06559260427931614,0.04519864200874595,0.03208965441698774,0.03123074219796927,0.11284486458962091,0.06408981577296338,0.04766908357614337,0.03942758836324231,0.04775976322437322,0.12148066482417061,0.09266020175243865,0.08485120422552382,0.08080087189254606,0.0874742143268479,0.11301430642168062,0.11278645903529612,0.0658329292460875,0.05148903872983408,0.042877209688382836,0.04825484692423044,0.03766705655119713,0.029693325449891728,0.03160128196974839,0.03408283269675684,0.0727832499368736,0.053828273703957666,0.04933435727833092,0.06098610286589543,0.05432428601167226,0.039093176040289127,0.03472978131174366,0.02683621825450903,0.03830253274845481,0.027411122247662196,0.017478710906183803,0.01740845947569284,0.03337445225574036,0.039128181157917684,0.047534128618674745,0.021496091820346255,0.020273542250975534,0.029754465237169736,0.029484035175560426,0.03241307609736187,0.01795426562252502,0.0073855416998383815,0.008471629177038387,0.011281649371936545,0.02421049737137857,0.02485256963692819,0.027456305926131,0.02696238325261509,0.0206921294996208,0.01364515029024661,0.04510293781145655,0.047516941249540125,0.041646829704005205,0.053733629426671314,0.04475560102966508,0.015593894159785415,0.016449882657444043,0.01597299551304336,0.024829570942127923,0.023930573448991944
0.06242766841376163,0.02783232182122556,0.03272213349223109,0.03966010510527045,0.0402295952776407,0.1294286450435888,0.06559260427931614,0.036933240347522045,0.03208965441698774,0.03123074219796927,0.10557415831056241,0.06408981577296338,0.04766908357614337,0.03942758836324231,0.04775976322437322,0.12148066482417061,0.09266020175243865,0.07665746622818206,0.08080087189254606,0.0874742143268479,0.11301430642168062,0.11278645903529609,0.0658329292460875,0.05148903872983408,0.042877209688382836,0.048254846924230446,0.03766705655119713,0.029693325449891728,0.027840645383879765,0.03408283269675684,0.07278324993687361,0.053828273703957666,0.04933435727833092,0.06098610286589543,0.05432428601167225,0.039093176040289127,0.03472978131174366,0.02683621825450903,0.03830253274845481,0.027411122247662196,0.017478710906183803,0.01740845947569284,0.026410032488732117,0.039128181157917684,0.047534128618674745,0.021496091820346255,0.020273542250975534,0.029754465237169736,0.029484035175560426,0.03241307609736187,0.005717022937921344,0.0073855416998383815,0.008471629177038387,0.011281649371936545,0.02421049737137857,0.02485256963692819,0.027456305926131,0.02696238325261509,0.0206921294996208,0.01364515029024661,0.04510293781145655,0.047516941249540125,0.041646829704005205,0.053733629426671314,0.04475560102966508,0.015593894159785415,0.016449882657444043,0.01597299551304336,0.024829570942127923,0.023930573448991944
