N_CEN_WND 1,N_CEN_WND 2,N_CEN_WND 3,N_CEN_WND 4,N_CEN_WND 5,N_CEN_WND 6,N_CEN_WND 7,N_CEN_WND 8,N_CEN_WND 9,N_CEN_WND 10,N_CEN_WND 11,N_CEN_WND 12,N_CEN_WND 13,N_CEN_WND 14,N_CEN_WND 15,N_CEN_WND 16,N_CEN_WND 17,N_CEN_WND 18,N_CEN_WND 19,N_CEN_WND 20,N_CEN_WND 21,N_CEN_WND 22,N_CEN_WND 23,N_CEN_WND 24,N_CEN_WND 25,N_CEN_WND 26,N_CEN_WND 27,N_CEN_WND 28,N_CEN_WND 29,N_CEN_WND 30,N_CEN_WND 31,N_CEN_WND 32,N_CEN_WND 33,N_CEN_WND 34,N_CEN_WND 35,N_CEN_PV 1,N_CEN_PV 2,N_CEN_PV 3,N_CEN_PV 4,N_CEN_PV 5,N_CEN_PV 6,N_CEN_PV 7,N_CEN_PV 8,N_CEN_PV 9,N_CEN_PV 10,N_CEN_PV 11,N_CEN_PV 12,N_CEN_PV 13,N_CEN_PV 14,N_CEN_PV 15,N_CEN_PV 16,N_CEN_PV 17,N_CEN_PV 18,N_CEN_PV 19,N_CEN_PV 20,N_CEN_PV 21,N_CEN_PV 22,N_CEN_PV 23,N_CEN_PV 24,N_CEN_PV 25,N_CEN_PV 26,N_CEN_PV 27,N_CEN_PV 28,N_CEN_PV 29,N_CEN_PV 30,N_CEN_PV 31,N_CEN_PV 32,N_CEN_PV 33,N_CEN_PV 34,N_CEN_PV 35
0.2812213493696631,0.26516300031078593,0.24057011373084985,0.2243884238922423,0.2164579231306449,0.29532642917857194,0.27270224346911376,0.24118993813963488,0.20808157807065947,0.22033985270941278,0.36512050668125423,0.3767438808005619,0.3795915279368815,0.37664890824157005,0.3710954886429591,0.2824009375339811,0.2644804048764283,0.2921481157423488,0.2685313193437916,0.26670714387699707,0.34589104933942405,0.3168059043433723,0.3080249530207145,0.290601406480135,0.3130654658045516,0.32929179402223097,0.31199746366281816,0.2972859381223071,0.26405556504580013,0.23685638071978227,0.29512734337356344,0.26141572377850425,0.23860935429102936,0.2308497881880463,0.20238986769126452,0.6861181572822759,0.6318197162317537,0.6078783094274626,0.6451436631866377,0.6373047611761581,0.7021570831628302,0.6617592895283451,0.5847073265074573,0.5379364585765828,0.5481331501328595,0.5824110351093911,0.5863915059017687,0.6238784207657337,0.6725713465218461,0.6913621553469413,0.6676084651004361,0.6566806135622373,0.6668033771040455,0.6638248608064827,0.6800546990657819,0.7397237820592147,0.7264227514280268,0.7197751471740208,0.724122181367784,0.7651018880047696,0.7741914899310939,0.7735383115421973,0.7713092876761803,0.7581362731816081,0.7270020961730013,0.6832517417997099,0.6949938856714435,0.6973505596435109,0.6675886547346482,0.6037824752608584
0.2640532047603099,0.25114101197316907,0.21450260276639238,0.19843578193901734,0.20291318442624381,0.2864258380408474,0.26101135032113854,0.226737154905429,0.19055452671926848,0.20203262901471608,0.3471933403042179,0.36220362932565525,0.3669026678439904,0.3667682277498865,0.35972910962183424,0.264744720325753,0.2540889806795636,0.28044106791236506,0.2685313193437916,0.26670714387699707,0.3174472548124368,0.2986005831095045,0.29004262146020826,0.27406472150045946,0.29815006884370426,0.313617231543944,0.29608533107401086,0.2808417639916254,0.24649505073944994,0.21663027412059113,0.26119378551481415,0.2479532379626092,0.22153458643991097,0.21437547379265307,0.18927104389831104,0.6861181572822759,0.6246545179746738,0.6002363033024921,0.6302619385031994,0.6173569675005924,0.7021570831628302,0.6617592895283451,0.5823663122215739,0.5379364585765828,0.5350211721725135,0.5602814096653107,0.5629610765692451,0.6100043107410926,0.672571346521846,0.6813952215064334,0.6676084651004361,0.6566806135622373,0.6668033771040452,0.6638248608064826,0.6800546990657819,0.7397237820592147,0.7264227514280268,0.7197751471740208,0.7241221813677838,0.7651018880047697,0.7741914899310938,0.7735383115421973,0.7713092876761803,0.7581362731816081,0.7270020961730014,0.68325174179971,0.6949938856714435,0.6893655451615103,0.6583429444654412,0.5853894028693977
0.23269688155169582,0.22222774194172054,0.19260514901476394,0.18272053684859219,0.1882318565935974,0.26687729614322137,0.24730491946307295,0.20091646254004283,0.17819946363896016,0.1890021346418063,0.33086267049919876,0.3331648911449745,0.35455150846273287,0.35631788214543025,0.33955215236796293,0.2536681639868446,0.2480644066116565,0.2694459157368638,0.2539996767419437,0.25539932096887674,0.30094576355708536,0.293152639558986,0.2900426214602082,0.27406472150045946,0.29251343413551484,0.29735122003208153,0.2795793094443759,0.26443987592507323,0.24649505073944994,0.20334376679244187,0.24612438901840003,0.21666357647099327,0.19416080242439981,0.19245485612550547,0.17429559464973138,0.686118157282276,0.6176456297702324,0.5926217422024168,0.6302619385031993,0.6068534686027932,0.7021570831628301,0.661759289528345,0.5641425014083892,0.5076242431571268,0.516122857368991,0.5602814096653107,0.562961076569245,0.6044875259145785,0.6454856843201275,0.659169699504252,0.6676084651004361,0.6566806135622373,0.6668033771040452,0.6638248608064827,0.680054699065782,0.7397237820592146,0.7264227514280267,0.7197751471740208,0.7241221813677838,0.7651018880047696,0.7741914899310938,0.7735383115421973,0.7713092876761803,0.758136273181608,0.7270020961730013,0.6832517417997099,0.6949938856714435,0.6893655451615102,0.6471447150393148,0.5853894028693979
0.2060650082362732,0.19203432844995602,0.18161586717353279,0.1567549881779112,0.15310954221434173,0.2668772961432215,0.24730491946307295,0.19115081564124628,0.1670146551541399,0.17676767809134875,0.3139785103856489,0.3331648911449745,0.35455150846273287,0.3563178821454302,0.33117446476974893,0.24096407873724124,0.2480644066116565,0.25843212681707656,0.2539996767419437,0.25539932096887674,0.2904772030634483,0.2811894710219625,0.2809899912024902,0.26316166226450455,0.28351714240498904,0.2857405006814959,0.2699211754298642,0.26443987592507323,0.23706276986285882,0.20334376679244184,0.24612438901840009,0.2166635764709933,0.19416080242439981,0.1883825210407841,0.16455054729881927,0.6487329024263567,0.5951009368865906,0.5676698948984242,0.6203436132690285,0.6068534686027932,0.6803562283970527,0.638868681507092,0.5430779430317235,0.507624243157127,0.5161228573689909,0.550789127001123,0.5531224006812161,0.588433665916339,0.6408611859084437,0.6532941327305759,0.6229186862601482,0.632863591243053,0.6434145071836838,0.6409473903527689,0.6360969849397241,0.7209206665831089,0.7073334631801657,0.7013746073486667,0.7241221813677838,0.7651018880047696,0.7741914899310938,0.7735383115421973,0.7713092876761802,0.758136273181608,0.7270020961730013,0.6632741732395798,0.6534553016480489,0.6613712496482891,0.6269531388426819,0.5468096000230271
0.20606500823627316,0.19203432844995602,0.17429116202646971,0.1567549881779112,0.15310954221434173,0.2606314059701958,0.24043600184084304,0.19115081564124625,0.1670146551541399,0.1659132297857877,0.3139785103856489,0.3228476436219156,0.3414477956927249,0.349328989374172,0.3185407583350304,0.22706418486821783,0.24806440661165655,0.2584321268170765,0.2455130012230336,0.25539932096887674,0.29047720306344826,0.28118947102196246,0.2699282369880981,0.26316166226450455,0.283517142404989,0.2857405006814959,0.2699211754298642,0.25698974854326084,0.23706276986285882,0.20334376679244182,0.2238875936975666,0.2022908598913121,0.19416080242439981,0.18838252104078412,0.16455054729881927,0.6487329024263567,0.5837823620610633,0.5676698948984242,0.617534837064555,0.5976251141330907,0.6627246169942139,0.610050866736995,0.5232854655724416,0.4665642463803341,0.4819246954203207,0.5284543896168178,0.5391849792082432,0.5694270230032746,0.6254412920656852,0.653294132730576,0.5926183714669548,0.601298112435277,0.6233325702041187,0.6208982354452324,0.6177287695062728,0.7031636904613686,0.6897541258857572,0.6823961548907577,0.6875892049485147,0.7322688973762597,0.7576256403409897,0.756510099891568,0.7546553545323267,0.7407253161070724,0.7072819832416265,0.6453276128008647,0.6534553016480489,0.6414827889285282,0.6123140958029575,0.5468096000230271
0.20606500823627322,0.192034328449956,0.17429116202646974,0.1567549881779112,0.15310954221434173,0.2606314059701958,0.23258917640911203,0.1808664016663902,0.15651013559037397,0.1659132297857877,0.307788942257587,0.30486823621471504,0.3414477956927249,0.3373867723608085,0.3136748323292492,0.22257513274577476,0.2356558894441,0.24513744040646435,0.2365638518519135,0.2510848370975702,0.2904772030634483,0.2686317403754271,0.2699282369880981,0.24552207695403086,0.26619464270225063,0.285740500681496,0.2699211754298642,0.2528747692112107,0.23706276986285882,0.1872272187683796,0.2238875936975666,0.2022908598913121,0.19416080242439981,0.18394351342112078,0.15806169794350672,0.6348258866161897,0.5675514084349393,0.5572077848232828,0.6035993513289598,0.5693868003303703,0.6298791683380995,0.5884604892941213,0.5029705560170024,0.4665642463803341,0.46790146250849834,0.5085946728071743,0.51111121329262,0.550861103220978,0.6056696823970404,0.6242623148269862,0.5926183714669547,0.5838771429790943,0.593519795782315,0.5911587925751998,0.5965712310844716,0.6838451988963153,0.6723981700623053,0.6594472373186286,0.6724218055409631,0.7158292513769814,0.7477346847924777,0.756510099891568,0.7546553545323267,0.7407253161070722,0.6830494714499384,0.6365467974245348,0.641809664272313,0.6278815248682174,0.5940492730396437,0.5113599892297548
0.19071482764426323,0.192034328449956,0.16023554430948647,0.1567549881779112,0.15310954221434173,0.25207083656180895,0.23258917640911203,0.1808664016663902,0.15651013559037397,0.15957337288827728,0.307788942257587,0.30486823621471504,0.3414477956927249,0.3373867723608085,0.30491008298527195,0.21607474106520688,0.22824530423520725,0.23580166828672214,0.2365638518519135,0.24796064079669256,0.279947465859476,0.2505546507980329,0.2516580478866772,0.23713566274220704,0.25749267573082407,0.27681351899892126,0.26992117542986427,0.25287476921121077,0.23706276986285882,0.18722721876837958,0.22388759369756664,0.19706668307442582,0.18031652995974928,0.18394351342112078,0.1580616979435067,0.598110795521135,0.5443245585243192,0.5212079720406889,0.5650920786635276,0.5519369350365806,0.622041568754053,0.5884604892941215,0.48854531091311365,0.4190657114799067,0.4353900475166067,0.493139132671068,0.5024559367454099,0.5457304822414336,0.5771766836315083,0.6107297897506571,0.5504749467235086,0.5421916014723791,0.5562633405749482,0.5543616677573201,0.5728962132222,0.6429663088375954,0.6384004309068789,0.6361123539760174,0.6431664517825207,0.6695962025523811,0.7145127112235744,0.7217902287605056,0.7209900934614125,0.7072139554627807,0.6608388818287035,0.6004316582813416,0.6067854710675922,0.6034004004739272,0.5693317459296481,0.4653468759577116
0.19071482764426326,0.19203432844995602,0.16023554430948647,0.1443223655792633,0.15310954221434173,0.2406628902207942,0.23258917640911203,0.1808664016663902,0.14968626175936034,0.15957337288827728,0.29604759950988235,0.29871980030222095,0.3222616243278991,0.3373867723608085,0.2847037989510091,0.20862112196986762,0.2139520049233013,0.22475575134212283,0.2365638518519135,0.24267772360499745,0.2595726950543665,0.23027673753383,0.22575259131278524,0.20914511029438343,0.2498151650645087,0.2768135189989213,0.26992117542986427,0.25287476921121066,0.23706276986285882,0.18722721876837958,0.2238875936975666,0.18996544045234867,0.16690791501318353,0.18394351342112078,0.1580616979435067,0.583832892514505,0.5221588397424647,0.49876766702547337,0.5501284825000948,0.530299345494642,0.5843727667823204,0.5480120416076156,0.4791928851116813,0.4104760321087119,0.41986546913565864,0.47974457859623204,0.50245593674541,0.5421453899788113,0.5592063542623246,0.5966503891674123,0.5307498278315593,0.5223278041848257,0.5329108128076593,0.5313224265408932,0.5544486876243659,0.5991424198825643,0.61019487941357,0.6042048948416213,0.6111012568377743,0.6314090783369606,0.7145127112235744,0.7022273533428558,0.7015197659798305,0.6873104479629802,0.6206232276061939,0.5774640555326604,0.5624001568488365,0.5672409855970257,0.5502969522377745,0.4653468759577116
0.173419994658628,0.17803054027776588,0.1602355443094865,0.1443223655792633,0.1437585268129006,0.22855255585713924,0.23258917640911203,0.1808664016663902,0.14968626175936034,0.15957337288827728,0.25629996065208793,0.28551202545834925,0.3222616243278991,0.3265265426908581,0.28470379895100906,0.19442638969687093,0.2139520049233013,0.22475575134212286,0.22612139389774424,0.23352033692450475,0.24879552848167055,0.2170900816309998,0.21715797597658007,0.20440500143963608,0.23147822283649389,0.27681351899892137,0.2596960187650212,0.25287476921121066,0.23706276986285876,0.1724154524323257,0.21096272624068618,0.1899654404523487,0.16690791501318353,0.17084859025662463,0.1580616979435067,0.5150318444952479,0.5221588397424647,0.49876766702547337,0.5501284825000949,0.5126655032687037,0.5648981404092555,0.5285827424002282,0.4643576397521036,0.39921605900638324,0.40721250710317963,0.4709551570113563,0.49141416949000816,0.5421453899788113,0.5592063542623247,0.5790628864152447,0.5102764439262611,0.5223278041848257,0.5106669993268849,0.49097865756545706,0.517735538619845,0.5991424198825644,0.5796125467401668,0.5731941109191387,0.5920501203315884,0.6314090783369607,0.6724080214383497,0.6719125959331168,0.6824566346784833,0.640460022920669,0.5760443950582849,0.5191710310157112,0.5467015568521449,0.5340708582337125,0.5092499703898663,0.44749329574382674
0.16513462928079034,0.17055245301329858,0.15108714783662552,0.1443223655792633,0.14375852681290063,0.22855255585713924,0.21556223805873004,0.1808664016663902,0.14968626175936034,0.15957337288827728,0.25629996065208793,0.26893324100451355,0.3113936233696131,0.3265265426908582,0.28470379895100906,0.15110615126732307,0.20545013960510172,0.2207594727716084,0.22612139389774427,0.23352033692450475,0.23394237122215172,0.19873764207861266,0.198855859656996,0.17878395285850462,0.1989432836228843,0.26734434036215254,0.25345678188943843,0.24376552353603154,0.23706276986285876,0.14052200471431717,0.20216937614649835,0.1899654404523487,0.15771782237085843,0.17084859025662463,0.1580616979435067,0.5150318444952479,0.5067753651924469,0.4833311586155565,0.5202365040173291,0.5126655032687037,0.5197792063032409,0.48683742888627446,0.4179733969394974,0.3915052541727012,0.40721250710317963,0.4550135454986383,0.467621723223501,0.5215216053553189,0.5592063542623247,0.559859942340102,0.4731292795276956,0.4658475171674479,0.47475574172511725,0.47235009384312476,0.4761013893486927,0.5720651951853838,0.560896827427045,0.5545972920960544,0.5666885714625696,0.5979371476228391,0.649694157574604,0.6577484138657552,0.6549614566244166,0.6313237493777889,0.5702408734642878,0.5191710310157112,0.5277331404307042,0.5168218763144348,0.49547868480077406,0.4304764092833002
0.1567392311356719,0.17055245301329863,0.15108714783662555,0.1443223655792633,0.13596215357458144,0.220532116498221,0.2105512074625433,0.1808664016663902,0.14968626175936034,0.15957337288827728,0.23902287235538833,0.25561999224121057,0.2854386454206218,0.3197574979278034,0.284703798951009,0.15110615126732313,0.19842534435933276,0.2097313355588067,0.22612139389774427,0.22638216324218743,0.2181318072379689,0.19873764207861266,0.18973434709602238,0.1787839528585046,0.18952415521883018,0.26734434036215254,0.2534567818894385,0.24376552353603154,0.23706276986285876,0.12520601967762093,0.20216937614649835,0.1899654404523487,0.15771782237085843,0.16228440983989875,0.14760668378647943,0.5089147888880512,0.506775365192447,0.4833311586155565,0.51249609136893,0.4913809387616182,0.4811135121400564,0.4712785792884901,0.3991924402642228,0.35572883371951697,0.3844203381576474,0.44835918137229575,0.4532212610613655,0.4968869278233157,0.54358268339575,0.5470707863105825,0.4731292795276956,0.4658475171674479,0.4747557417251172,0.4534645511942402,0.4605964827326998,0.5454503153335392,0.5274522129744224,0.520126271120997,0.5146377245985754,0.5426477948929985,0.6115948382794439,0.6279521970856241,0.63571837136525,0.6118840075861686,0.5569994549982148,0.47713988407097413,0.505395704923362,0.5168218763144347,0.48192959136899305,0.4304764092833002
0.1567392311356719,0.1561998301525409,0.14779854393450648,0.14432236557926334,0.13596215357458144,0.22053211649822094,0.2105512074625433,0.17554826242232424,0.14968626175936034,0.15957337288827728,0.20937236837245293,0.22100632877262885,0.26235524891680534,0.2949624815313412,0.27110830349246107,0.15110615126732307,0.18419070357848474,0.19523187938184683,0.22612139389774424,0.22638216324218746,0.2181318072379689,0.1987376420786127,0.18973434709602238,0.171509048053926,0.18952415521883018,0.26734434036215254,0.24830903307701918,0.23306569363730942,0.21630938090283033,0.12520601967762093,0.20216937614649838,0.18996544045234867,0.15053394727792913,0.1569288350212778,0.14760668378647943,0.48512701759698434,0.48146426671970577,0.48036555818111254,0.51249609136893,0.4913809387616183,0.46238680090210826,0.45534822423426896,0.3991924402642228,0.34456876079918297,0.3844203381576475,0.44074440959767947,0.4446092173621198,0.49589133342301395,0.5314850235010317,0.5470707863105826,0.43276914150088364,0.44779204089830926,0.4564530541662434,0.43461959933300204,0.45404466674015287,0.5008534554213587,0.4920126527828333,0.48924964765545703,0.49746484798809254,0.519033165681859,0.5887970576213508,0.5902426360603363,0.5902632603156639,0.5684532790808464,0.49359731420799896,0.47713988407097413,0.4877700329402048,0.47588155628326895,0.48192959136899294,0.40008097900588724
0.12297212945452968,0.1561998301525409,0.14662683841876856,0.1373666956625308,0.13596215357458138,0.21482868290975837,0.20180930629316407,0.17326684848093618,0.14968626175936034,0.15380341742758885,0.19941234458940574,0.21385947194957847,0.24827348598312413,0.2763656597084527,0.26361597496536343,0.15110615126732307,0.17611645179753088,0.18153604286871303,0.21617420039865187,0.22638216324218746,0.2181318072379689,0.1944476651300851,0.18973434709602238,0.171509048053926,0.18952415521883015,0.2557335027236853,0.24167557978742782,0.23306569363730942,0.2163093809028303,0.12520601967762093,0.20216937614649835,0.18075343547037112,0.15053394727792913,0.1508489058334273,0.14480073890600265,0.4250707814588984,0.4669196109693468,0.4542750262074275,0.51249609136893,0.48353829569704965,0.4456152522558793,0.3878613578425668,0.3842292634763386,0.34456876079918297,0.34168464560809186,0.425425322219523,0.4446092173621198,0.4833957622497001,0.5161918785597811,0.5290710348720334,0.4109457199721149,0.4048762925880311,0.4035231707888161,0.41353549061283923,0.39444538778898147,0.477411585457831,0.4688165360079936,0.46215882434543515,0.4797368047168738,0.5022631638174833,0.5435265272398606,0.5445713614489818,0.5604456346322383,0.5518130599615099,0.4555388269720091,0.46005463350382375,0.46534240551319267,0.47588155628326895,0.43932566132814327,0.37851134309743933
0.12297212945452968,0.15619983015254094,0.14189593711063153,0.1373666956625308,0.13596215357458138,0.21482868290975837,0.20180930629316407,0.17326684848093618,0.14968626175936034,0.15380341742758882,0.19941234458940574,0.21385947194957847,0.2176049172793378,0.26084981386102524,0.26037792528782205,0.15110615126732307,0.16416986706763975,0.17021158237575662,0.2060147729377323,0.2263821632421875,0.20799609646840836,0.1944476651300851,0.18220164818811788,0.171509048053926,0.18952415521883015,0.2437023020717241,0.2295974631751948,0.22147900321668113,0.21212836493226805,0.12520601967762093,0.20216937614649835,0.17445009341462744,0.15053394727792913,0.15084890583342728,0.14057472202180582,0.40991438243680955,0.4469857932099946,0.4395364478252573,0.5051307528261232,0.48353829569704954,0.4147145322345873,0.3657367068165423,0.3388567406662653,0.3212732460519282,0.3416846456080918,0.4158122528340688,0.4401609821976093,0.4743437812860523,0.4939002215983838,0.5138324621510197,0.3927135165238448,0.38691653995774056,0.3947477222088425,0.3925768078544011,0.38595080994445596,0.4548675225103928,0.44647169045642465,0.4402977616739987,0.4574419828575557,0.46890973090068316,0.5120603246032934,0.5178590601776029,0.5244536994767192,0.5189157126274266,0.4555388269720091,0.423672985429009,0.46534240551319245,0.4393284679011446,0.43932566132814327,0.3579236027603296
0.11763386552156001,0.15619983015254094,0.14189593711063153,0.1373666956625308,0.13596215357458138,0.20776208557341586,0.19831485759894735,0.17326684848093618,0.14968626175936034,0.15380341742758882,0.19941234458940574,0.20031177519745108,0.2176049172793378,0.23580132959487812,0.2530422685768219,0.15110615126732313,0.16416986706763972,0.1662376085554364,0.2060147729377323,0.22184085223848773,0.20016525702265867,0.1944476651300851,0.18220164818811788,0.16504864854452828,0.1797007871988304,0.2437023020717241,0.22039963056514453,0.2104470793808429,0.21212836493226805,0.12520601967762093,0.20216937614649835,0.17445009341462744,0.15053394727792913,0.15084890583342728,0.14057472202180582,0.3955896906442563,0.43527077611526754,0.4395364478252573,0.4881929340351791,0.4567841941285957,0.38057012904656873,0.3493464297689939,0.308321707109595,0.298968472099775,0.3040873643368703,0.406723448117101,0.4377120518996099,0.4743437812860523,0.4838762994588974,0.46440302271322836,0.3707178768367592,0.3651512617041984,0.3659606091218542,0.3794362752203594,0.3712551638451636,0.40690519199836256,0.3992224057751515,0.4359735917598797,0.4291237070676995,0.42137412906525895,0.46340300313000327,0.4441480028107716,0.45801388594279846,0.4514113518514687,0.391720165301472,0.4097015232294664,0.4204294411417389,0.4178065961919814,0.40274343847180005,0.3422957606816831
0.11763386552156001,0.13244278872643916,0.1418959371106315,0.12521789329520494,0.13596215357458138,0.20198541982269275,0.19831485759894735,0.17326684848093618,0.1462371865716009,0.15380341742758882,0.18688191031771084,0.19365163178376085,0.2120468670467919,0.22421421119110113,0.2395396462727333,0.15110615126732313,0.15716131808233416,0.16623760855543643,0.20601477293773232,0.2218408522384877,0.19726722188911378,0.1875324838632162,0.18220164818811788,0.1626511373339735,0.17970078719883043,0.2350325273313241,0.20967684719816893,0.19945893801875164,0.20481489795800834,0.12520601967762093,0.1957563839477309,0.16828705138593866,0.15053394727792913,0.15084890583342728,0.14057472202180582,0.3955896906442563,0.42078613365092377,0.4140179032549571,0.46016046184365933,0.44854654996312854,0.3669802962461486,0.3493464297689938,0.30832170710959506,0.298968472099775,0.3040873643368703,0.406723448117101,0.43173583923101716,0.4661709877179876,0.44093290901580806,0.4163787385353425,0.3707178768367592,0.3382519805499402,0.34502091082493586,0.3439133169093468,0.3488742091116537,0.3722362349920996,0.375220066790715,0.36609933023893787,0.382322237963401,0.39790353958000546,0.43921735311304916,0.4401316959388432,0.45239521994144766,0.43674346213320864,0.3618530175323711,0.3415526828409306,0.3751182809317236,0.39621458845745305,0.3831874794519702,0.32140313097558554
0.11763386552156004,0.11896750429930095,0.13244017520289816,0.12521789329520494,0.12576293339936548,0.20198541982269275,0.19831485759894735,0.17326684848093615,0.1462371865716009,0.15380341742758882,0.18688191031771084,0.19365163178376085,0.2120468670467919,0.21895488145870398,0.2395396462727333,0.15110615126732313,0.1534216541523361,0.16623760855543643,0.18890919607543039,0.22001400492027612,0.19726722188911378,0.18753248386321622,0.17507086759152254,0.1610314630426209,0.17007212506211272,0.22460525482318683,0.20967684719816893,0.19945893801875164,0.20481489795800834,0.12520601967762093,0.1859575701602226,0.16828705138593864,0.15053394727792913,0.1508489058334273,0.1405747220218058,0.3572270316178909,0.3604271260382534,0.37674911330052124,0.42751715919416144,0.4166117873280991,0.32645213218340785,0.3493464297689938,0.3083217071095951,0.280450139982113,0.3040873643368702,0.3942803528766621,0.4216969930022197,0.4557985488898347,0.4153680295407786,0.4163787385353425,0.3567056827115152,0.3382519805499402,0.32405250453799395,0.3439133169093468,0.3488742091116536,0.3532467531084415,0.35179491286836256,0.3660993302389378,0.3548474545266967,0.3781838023821098,0.41983694580288233,0.4208990632657357,0.42794544355664293,0.4076398627597073,0.3487097576070822,0.3415526828409306,0.36631347387665475,0.3746721368140992,0.38318747945197024,0.3064097580805171
0.11763386552156004,0.11896750429930095,0.12525662993168388,0.12074086525646488,0.12576293339936548,0.20198541982269275,0.19831485759894735,0.17326684848093615,0.14623718657160092,0.15380341742758882,0.18688191031771081,0.1839960544383271,0.2120468670467919,0.21895488145870398,0.2395396462727333,0.1511061512673231,0.14476477207441435,0.16623760855543643,0.18121177741762612,0.21020863420344443,0.19393905633492123,0.18753248386321622,0.17048188809652778,0.15476482602265484,0.17007212506211272,0.22460525482318683,0.20967684719816893,0.19945893801875164,0.20132825104572394,0.12520601967762093,0.1811828102554922,0.16319154177634573,0.15053394727792913,0.1508489058334273,0.14057472202180582,0.29232850864856835,0.3604271260382534,0.35623487972338463,0.4130759678755071,0.39268768220872974,0.3195536707258277,0.2914717068089707,0.29097109187762965,0.280450139982113,0.29052398413682007,0.37554275922629154,0.42169699300221963,0.4557985488898347,0.41536802954077856,0.35961538882302185,0.28508112215453857,0.2964409622728621,0.2895461601742797,0.28656200043863794,0.2877034856900556,0.32971723002603825,0.3373839034323624,0.332344156900174,0.3404854810984176,0.36414236607988015,0.3741553748174567,0.3738145419040904,0.38893019926283023,0.3690455613911263,0.321299387912209,0.3205092267832282,0.358669954068852,0.3593653492118836,0.3628276356742252,0.2848146560365342
0.11763386552156001,0.11896750429930092,0.12525662993168388,0.12074086525646485,0.12576293339936545,0.20198541982269275,0.19831485759894735,0.17326684848093615,0.14623718657160092,0.15380341742758882,0.17346761298954577,0.1802828149277624,0.21204686704679193,0.21895488145870398,0.21804641963664745,0.13960015242616441,0.14070020106295927,0.16623760855543643,0.18121177741762612,0.21020863420344443,0.19393905633492123,0.17858985443485942,0.16595861864295233,0.14557360838709288,0.17007212506211272,0.2246052548231868,0.20967684719816893,0.1994589380187516,0.18564916128086173,0.12520601967762096,0.17124052306211465,0.16319154177634573,0.14522891349657754,0.1508489058334273,0.14057472202180582,0.2808866533295674,0.35074045967359874,0.3562348797233846,0.3943519048500387,0.357940439763595,0.30596383792540754,0.29147170680897067,0.2802088620681886,0.2629485622095342,0.29052398413682007,0.34321526054199636,0.4119749252463108,0.42165243159658833,0.39950878900791603,0.33532665705708975,0.24948659980065793,0.2601440538294952,0.27325862880349283,0.26671954804195785,0.2877034856900556,0.31690492403029863,0.31395274140001506,0.3091790322882955,0.3187743558554784,0.3409163148856925,0.34999375019740375,0.34977714080235806,0.34303430711625194,0.331018816428553,0.30305147881489297,0.29853919844485327,0.3371422564045189,0.3414266759529033,0.3292451648099746,0.2673053566995008
0.11763386552156001,0.11896750429930092,0.12366426683154201,0.12074086525646485,0.12083310764316825,0.1954746389793646,0.19831485759894735,0.17326684848093615,0.1462371865716009,0.15380341742758882,0.17346761298954574,0.1654785314898342,0.20634560411126385,0.21051285590540772,0.2053245615456643,0.13960015242616441,0.13225796684859106,0.16623760855543643,0.17005254627931568,0.21020863420344443,0.19393905633492123,0.17067797243300425,0.15877720001614662,0.14195387278795354,0.17007212506211272,0.2246052548231868,0.20967684719816893,0.19485096592657286,0.18564916128086173,0.12104844417014479,0.16421677028011536,0.15334693202063768,0.14522891349657754,0.1508489058334273,0.1405747220218058,0.26068172054389616,0.3507404596735986,0.35623487972338463,0.3809454845192178,0.35794043976359496,0.27733817382998777,0.27471786223363465,0.2609975629503336,0.2474633962914523,0.29052398413682007,0.3245892591213411,0.38292547602495214,0.40691943597153535,0.3574029024425347,0.3271055202537969,0.24948659980065793,0.24341700934468022,0.2544559732042104,0.24555234184088137,0.2537790759013447,0.2688481134080917,0.2710921576011913,0.28708461273760677,0.2821097208467799,0.27434497430794313,0.32761126296653514,0.32864485558837964,0.34303430711625194,0.3134807285020651,0.2798736847125142,0.2820299715605002,0.2960638765247833,0.3199711230500268,0.3292451648099746,0.25142801062426323
0.11763386552156004,0.11896750429930092,0.12366426683154201,0.11572123998885614,0.12083310764316829,0.18405282791702018,0.19831485759894737,0.17018492183530018,0.14623718657160092,0.1526778083788454,0.16260233288377507,0.1654785314898342,0.19307801058198673,0.21051285590540772,0.1977317914575294,0.13960015242616441,0.13225796684859106,0.16623760855543643,0.17005254627931568,0.21020863420344443,0.19393905633492126,0.16425279559169492,0.15877720001614662,0.14195387278795354,0.16232731126305536,0.2143703349450229,0.20967684719816893,0.19485096592657286,0.18564916128086173,0.12104844417014479,0.16421677028011536,0.14447844489092762,0.14522891349657754,0.14624168205815435,0.14057472202180582,0.26068172054389616,0.3279670025433164,0.3270311622076098,0.3615873918715746,0.33123347595802216,0.22759982397341236,0.27471786223363465,0.25449144748749153,0.2474633962914523,0.2596903116001575,0.3245892591213411,0.38292547602495214,0.40691943597153535,0.32444327546761587,0.31634864023795645,0.22856299673265992,0.22847936018157974,0.2129160306423732,0.23318876506022543,0.2242966312744097,0.2422031370243881,0.27109215760119126,0.24655439843851532,0.2538641007048064,0.25212600587698814,0.3276112629665351,0.32864485558837964,0.3348161052173627,0.30842661217776424,0.25901270450305475,0.260754197600843,0.27981597627834365,0.28499696454225104,0.3134948309572992,0.23691180006088902
0.11763386552156004,0.11896750429930092,0.12366426683154201,0.11572123998885614,0.12083310764316829,0.18405282791702018,0.19831485759894732,0.17018492183530018,0.1449173804837485,0.15267780837884543,0.15480077655534727,0.16547853148983419,0.19307801058198673,0.21051285590540772,0.1977317914575294,0.13512843249323944,0.1322579668485911,0.16623760855543643,0.17005254627931568,0.2046053008083482,0.18621839363593184,0.16425279559169492,0.15877720001614662,0.13428514588246737,0.16232731126305533,0.21437033494502292,0.20967684719816893,0.19485096592657286,0.1832171565107081,0.12104844417014482,0.16421677028011536,0.1444784448909276,0.13944722875086152,0.14624168205815435,0.14057472202180585,0.22806873613551726,0.32796700254331634,0.3180650708590216,0.34005512676048216,0.28059965642993207,0.20496238131158165,0.21359692045423936,0.2261482301817721,0.22987908754741285,0.24809574680265886,0.3245892591213411,0.37283108742697546,0.4069194359715353,0.32190185732924465,0.3163486402379566,0.15417478528273035,0.16976913297472138,0.15294217315481995,0.19430385825720967,0.17421752422629055,0.22125897405457445,0.25093653817498085,0.24655439843851526,0.2538641007048064,0.24018740418119425,0.282928247114047,0.28362225596876445,0.25775273005755517,0.2997443136178342,0.2590127045030548,0.2452411065270673,0.2419327134856156,0.266964378161093,0.29856623395641113,0.23691180006088902
0.114903899862089,0.11896750429930092,0.12366426683154198,0.11572123998885611,0.11535935749719761,0.18405282791702018,0.1964418580858741,0.17018492183530018,0.1449173804837485,0.15081649040835834,0.14429165749156336,0.16178184921449346,0.1839253051356202,0.19708188799542287,0.1853759578533874,0.1236013602404374,0.1322579668485911,0.16623760855543643,0.17005254627931568,0.19624704366154117,0.18621839363593184,0.16425279559169492,0.15877720001614662,0.13428514588246737,0.16232731126305533,0.20730090558848946,0.20967684719816893,0.19485096592657286,0.1832171565107081,0.12104844417014482,0.16421677028011536,0.1444784448909276,0.13513716850871196,0.14624168205815435,0.14057472202180585,0.22806873613551726,0.2926652289879964,0.30288311833450743,0.32186636524916074,0.2668088992394482,0.18724211321065956,0.20259085885360428,0.22614823018177208,0.21755291713758487,0.23187606399599225,0.3245892591213411,0.3652283411276918,0.3727228052539024,0.31010552330840285,0.31482565000267976,0.15417478528273035,0.14991518072437313,0.15294217315481995,0.15510647458333338,0.17421752422629058,0.20286004598590088,0.23490110072477544,0.20433705616902062,0.2325397720316326,0.19714478104605107,0.2397436782538142,0.23847108352335725,0.25775273005755517,0.2517134706348582,0.23795882072964344,0.2064833330809047,0.22641999407926106,0.2510196099545551,0.285187321003693,0.23691180006088902
0.11490389986208897,0.11896750429930092,0.12366426683154198,0.11572123998885614,0.11535935749719758,0.1729995261143723,0.19644185808587414,0.16591471308062422,0.1449173804837485,0.15081649040835834,0.1315215786189691,0.1592857803483381,0.1839253051356202,0.19453521735784646,0.1853759578533874,0.12360136024043739,0.1322579668485911,0.16623760855543643,0.17005254627931568,0.18705476804431256,0.18621839363593184,0.158949862303584,0.15877720001614662,0.13428514588246737,0.15559652888091674,0.19633474798682285,0.2044669806408875,0.19485096592657286,0.18298915592772258,0.11676375477689356,0.15257434323688523,0.1444784448909276,0.13273316770157667,0.14624168205815435,0.13729495331605357,0.20793301145501522,0.2926652289879964,0.29666670144671153,0.2813841340667506,0.2214194763376838,0.18724211321065956,0.18425305325506589,0.2261482301817721,0.21755291713758487,0.23187606399599225,0.30266122734291684,0.3558305647837878,0.3513783659397891,0.292360537452134,0.3066723468240351,0.15417478528273035,0.14991518072437315,0.15294217315481995,0.15510647458333338,0.1572069652044717,0.18958302903333005,0.1950908719945479,0.20433705616902062,0.19804177529770067,0.15789267328977957,0.216845806621668,0.21536152215992174,0.1890212483306526,0.23040663561660932,0.2341172389953463,0.19107859249164086,0.22641999407926106,0.23237132234929528,0.24864211263636926,0.227593330088929
0.11490389986208897,0.11896750429930092,0.12366426683154201,0.11572123998885614,0.11535935749719758,0.16803163779332816,0.19644185808587408,0.16591471308062422,0.1449173804837485,0.15081649040835834,0.13152157861896913,0.15928578034833812,0.18392530513562022,0.19453521735784646,0.17836875479137826,0.116710715436853,0.13225796684859106,0.16014962300632962,0.17005254627931568,0.18705476804431256,0.1771428065504445,0.1474553277518776,0.151468778819904,0.12552532716271364,0.15559652888091674,0.19633474798682285,0.2011509109235403,0.19485096592657283,0.17559968279829086,0.11676375477689356,0.15257434323688523,0.14447844489092762,0.13273316770157667,0.13883512851908866,0.1372949533160536,0.18874526300230215,0.27598008652545725,0.27990633982057744,0.2712583173611473,0.21054529939875102,0.13680478239247273,0.167015160646535,0.20848819815522932,0.2175529171375849,0.21554708676467219,0.2956475309345395,0.31771607834153187,0.3513783659397891,0.292360537452134,0.2891595646096962,0.14021627954353544,0.13591346019781259,0.15294217315481998,0.15510647458333335,0.14364776854930636,0.16953698808865666,0.15062025147520836,0.1596733856944905,0.17699259788029087,0.13839436880885495,0.174140615335735,0.18096674377228048,0.16847123282361035,0.19881149709392712,0.21182489790374842,0.19107859249164086,0.22641999407926106,0.23237132234929528,0.2297663733699132,0.22759333008892904
0.11362228765380257,0.11896750429930092,0.1159516884700611,0.11259003646258034,0.11535935749719758,0.15790160590172428,0.19644185808587414,0.16591471308062422,0.1449173804837485,0.1478314519653487,0.12515963326029172,0.1592857803483381,0.18392530513562022,0.19453521735784646,0.16912638731056664,0.09553713241128017,0.1234904559061546,0.15605808046388547,0.17005254627931568,0.1785473448995823,0.1746151028810009,0.1386954258248398,0.1430025766503345,0.12552532716271364,0.15559652888091674,0.1895389001870999,0.19431863197367044,0.1883191086610642,0.17245958186010396,0.11676375477689356,0.1419709799092898,0.13743742548294327,0.13273316770157667,0.13883512851908866,0.1372949533160536,0.1625961241545991,0.2630501546567407,0.27990633982057744,0.25860107902876245,0.21054529939875108,0.11783319812260652,0.167015160646535,0.19490065098641726,0.2175529171375849,0.21554708676467219,0.27805799334781967,0.31771607834153187,0.35137836593978916,0.292360537452134,0.2891595646096962,0.12243835056335262,0.13591346019781259,0.13379636393452798,0.14175095656378672,0.13492839438392318,0.14280968261364413,0.14536820455612975,0.1413851824378527,0.16367665936573336,0.13839436880885495,0.13494141972830478,0.14488024027780755,0.15373350683229667,0.1865522972917081,0.1913995176068462,0.17204023521721887,0.21724546216032545,0.21771247622939502,0.21713969407186,0.22759333008892904
0.11362228765380257,0.11896750429930092,0.10958165201202208,0.11088496197815112,0.10954711416516048,0.15290903790357566,0.188713753269449,0.16591471308062422,0.1432925539028967,0.1478314519653487,0.11192670193844435,0.15094090240960525,0.18392530513562022,0.19330223413146155,0.16832827381193602,0.08690892921128603,0.1234904559061546,0.1560580804638855,0.17005254627931565,0.1785473448995823,0.16489187750380632,0.13869542582483976,0.1353504814072366,0.12552532716271367,0.15559652888091677,0.18953890018709987,0.19431863197367047,0.1883191086610642,0.17185139546646713,0.11676375477689356,0.14197097990928984,0.1374374254829433,0.12651028652500534,0.13883512851908866,0.13436166356877063,0.1625961241545991,0.2630501546567407,0.2678149813454972,0.2586010790287624,0.21054529939875108,0.11532168106339201,0.15306430302703666,0.1826643632563426,0.2053353810162531,0.18760044804101672,0.26915054121709314,0.31771607834153187,0.32519573461896034,0.2817685374522836,0.28915956460969616,0.10900105617575076,0.11858739715505105,0.12192096961137643,0.12990343062602272,0.11747234673613399,0.12299636504895761,0.14536820455612975,0.1413851824378527,0.1636766593657334,0.10419271789548804,0.12088208723689665,0.14488024027780755,0.15373350683229667,0.17281344042361874,0.1854172674212045,0.17204023521721887,0.20775614619694158,0.19904387283770109,0.21713969407186,0.22759333008892904
0.11362228765380256,0.11896750429930092,0.10958165201202208,0.11088496197815112,0.09629982711407217,0.15290903790357566,0.188713753269449,0.16591471308062422,0.1432925539028967,0.1478314519653487,0.11192670193844435,0.15094090240960525,0.18392530513562022,0.1882538341066341,0.16832827381193602,0.08690892921128601,0.1234904559061546,0.1478141204839817,0.17005254627931563,0.1785473448995823,0.16489187750380635,0.13869542582483976,0.1353504814072366,0.12552532716271367,0.15559652888091677,0.18953890018709987,0.19431863197367047,0.18831910866106424,0.16577279483645166,0.11676375477689356,0.134539165960875,0.1374374254829433,0.12651028652500534,0.1351299904728202,0.13436166356877063,0.1625961241545991,0.2518027464010642,0.26781498134549725,0.25860107902876234,0.21054529939875108,0.10145838488647511,0.11825258808421711,0.1733600943401202,0.20533538101625307,0.18760044804101672,0.26745830836791,0.30635111153150935,0.3251957346189603,0.28176853745228353,0.2788649683596237,0.09916435391733944,0.10536222033498259,0.10890431862670488,0.12990343062602272,0.11747234673613399,0.09268452631948605,0.13114014060733944,0.14138518243785267,0.14928379114655677,0.09565693678566232,0.10561849710968985,0.10670496646210334,0.1334921905209,0.16262420419554144,0.17525178020309987,0.17204023521721887,0.19054856694806344,0.18282448941720428,0.21713969407186,0.22759333008892904
0.11362228765380256,0.11896750429930092,0.10958165201202208,0.10360187429123467,0.09629982711407217,0.15290903790357566,0.18526045096025404,0.16591471308062422,0.1432925539028967,0.1478314519653487,0.11192670193844435,0.14717529566504184,0.1839253051356202,0.1882538341066341,0.16832827381193602,0.0816998119167733,0.12003255694417618,0.1478141204839817,0.17005254627931563,0.15973622858903902,0.16092988474539208,0.13869542582483976,0.13535048140723657,0.12552532716271364,0.1476181582744237,0.1860950714629232,0.19431863197367047,0.1854279088471588,0.16577279483645166,0.1147098138456198,0.12609541744969302,0.1374374254829433,0.12651028652500534,0.13512999047282023,0.13436166356877063,0.15466592052541447,0.2518027464010642,0.26781498134549725,0.24212752390981937,0.21054529939875108,0.08461787856373361,0.10666479197600778,0.15968205441140843,0.17806863054445723,0.17362969803029335,0.26461563392873083,0.2920261877775373,0.32519573461896034,0.28176853745228353,0.2630335739405836,0.09916435391733942,0.09591084649534569,0.09563651815236313,0.11738792394514681,0.10456712037318341,0.09268452631948605,0.11400728813165006,0.14138518243785267,0.13030217775664094,0.08738780999739298,0.0890428987571494,0.10670496646210334,0.09536198988347958,0.16262420419554144,0.16999115555371003,0.16023077687215986,0.19054856694806344,0.1676272283223677,0.20105320088374184,0.2130817744140769
0.11362228765380256,0.11896750429930092,0.10958165201202211,0.09663497356027044,0.09629982711407217,0.15290903790357568,0.1710064709864917,0.16591471308062422,0.1432925539028967,0.1478314519653487,0.11192670193844435,0.14717529566504184,0.17883553645758213,0.18565809181020398,0.16599469625820978,0.08169981191677331,0.12003255694417618,0.1478141204839817,0.17005254627931563,0.15973622858903905,0.1556245448637775,0.1386954258248398,0.12946653353795595,0.12552532716271364,0.1476181582744237,0.1822478148093666,0.18930827122058944,0.18192319286475797,0.15990240807455477,0.11470981384561983,0.12567266794582568,0.1198735868020403,0.12037913631983894,0.1351299904728202,0.13436166356877063,0.1392489928064129,0.2349124863447869,0.2552834258586255,0.21613950783190167,0.21054529939875105,0.08461787856373361,0.09374967497163302,0.14561931075594609,0.17806863054445723,0.1619336801157879,0.26461563392873083,0.29202618777753736,0.32519573461896034,0.26480677933750624,0.2630335739405835,0.0861112760966517,0.08304061093930823,0.09563651815236314,0.10004275793138756,0.09467575834709302,0.05899676076787999,0.09553844579370975,0.12278966931255147,0.11330669017329337,0.08738780999739298,0.0890428987571494,0.09295828432931584,0.07942186521421526,0.13836300831770457,0.1595766629620969,0.16023077687215984,0.17984349021329848,0.1676272283223677,0.18816718523952852,0.20767698184986724
0.11362228765380256,0.11896750429930092,0.10958165201202211,0.091718786401127,0.09629982711407217,0.15290903790357568,0.1710064709864917,0.16591471308062422,0.1432925539028967,0.1478314519653487,0.11192670193844435,0.14050116192589393,0.17883553645758213,0.18565809181020398,0.16599469625820978,0.08169981191677331,0.12003255694417615,0.1478141204839817,0.16583127722834462,0.15973622858903902,0.1556245448637775,0.12820567739734565,0.12030187096552335,0.12552532716271364,0.14761815827442368,0.17727833542035729,0.1843136005853081,0.18192319286475797,0.1544190392376652,0.11161519642373413,0.12090226073564561,0.11869653690459427,0.12037913631983894,0.1351299904728202,0.13436166356877063,0.1392489928064129,0.21852064888962716,0.224717385454975,0.21613950783190167,0.19517305995776535,0.08461787856373362,0.093749674971633,0.14561931075594609,0.16967184437852423,0.15973953272005034,0.24967636663077628,0.29202618777753736,0.3170789148846355,0.24813914463672201,0.2630335739405836,0.0861112760966517,0.08304061093930822,0.09563651815236314,0.09092051902923368,0.08413813312748701,0.05899676076787999,0.07758549806814281,0.10658546076188548,0.09545957346365586,0.08346392694481933,0.0890428987571494,0.07743204695427652,0.07942186521421526,0.1279088634331765,0.1595766629620969,0.14345833146190126,0.16234565486694308,0.16762722832236768,0.17577528678711837,0.1991605823352214
0.11137481321759526,0.11896750429930092,0.10958165201202211,0.091718786401127,0.09629982711407217,0.14731039740443994,0.17100647098649166,0.16365974413624063,0.14329255390289666,0.1454250555349066,0.11192670193844435,0.14050116192589393,0.1716094034588551,0.1808795843180125,0.1659946962582098,0.08169981191677331,0.12003255694417615,0.14324475670005934,0.16020004611724678,0.15973622858903902,0.1556245448637775,0.1225991896029818,0.12030187096552335,0.12552532716271364,0.1378833406478497,0.17727833542035729,0.17534028566575233,0.181923192864758,0.1544190392376652,0.11161519642373413,0.11326123288601637,0.11855941740330998,0.12037913631983894,0.128946136104373,0.13436166356877063,0.1392489928064129,0.20284160637737816,0.224717385454975,0.21613950783190164,0.19517305995776538,0.08461787856373362,0.093749674971633,0.14561931075594609,0.1553007359118878,0.15973953272005034,0.24967636663077628,0.2920261877775373,0.3148150007847286,0.23073359223450918,0.24897629270395144,0.08611127609665171,0.08304061093930822,0.07921133392634747,0.08189267599999131,0.08413813312748701,0.05899676076787999,0.07758549806814281,0.07512545612698605,0.07776960353450137,0.06977175773939795,0.08904289875714941,0.07743204695427652,0.07942186521421526,0.1036209398793804,0.13739360095007902,0.12706107500478991,0.12817217168477876,0.15054975389018072,0.1757752867871184,0.19428899979403222
0.11137481321759524,0.11896750429930092,0.10082086962378642,0.08838002639904927,0.08923803227158145,0.14731039740443996,0.17100647098649166,0.15998515994852053,0.14329255390289666,0.1454250555349066,0.0972281766619888,0.1405011619258939,0.1716094034588551,0.17353590191681803,0.1659946962582098,0.0816998119167733,0.12003255694417615,0.14324475670005934,0.16020004611724678,0.15973622858903902,0.1556245448637775,0.11796976214430047,0.12030187096552332,0.11694790905747528,0.12826756197412092,0.17054843166585545,0.17534028566575233,0.18192319286475794,0.1544190392376652,0.11161519642373416,0.11326123288601636,0.11198408757372318,0.12037913631983894,0.128946136104373,0.12684672808367645,0.12817337804921083,0.1710876228012764,0.224717385454975,0.20757275387118335,0.18194148680365224,0.08461787856373362,0.07713309376303894,0.13182893024284495,0.1553007359118878,0.15973953272005034,0.24967636663077628,0.29025362053050413,0.29951533499805955,0.23073359223450918,0.24074834382367305,0.0861112760966517,0.08304061093930823,0.06155185221833196,0.08189267599999132,0.07013105720051774,0.05899676076787999,0.0675694108727562,0.07512545612698607,0.06387832066266971,0.06977175773939795,0.0890428987571494,0.07743204695427654,0.07942186521421528,0.0760368654345372,0.13711125562100435,0.12706107500478994,0.1281721716847788,0.1226219573382583,0.14678797290544834,0.18888420722982255
0.11137481321759524,0.11552401462494234,0.10082086962378642,0.08838002639904927,0.08504429466985641,0.14731039740443996,0.17100647098649166,0.15998515994852053,0.14329255390289666,0.1454250555349066,0.0972281766619888,0.1317909042428017,0.1653229678925587,0.17353590191681803,0.1659946962582098,0.08169981191677331,0.1175469556365221,0.14324475670005934,0.1602000461172468,0.15973622858903902,0.1521091279259882,0.11676151012758186,0.1114813953490184,0.11694790905747528,0.12826756197412092,0.16209333644971008,0.17534028566575233,0.18192319286475794,0.1512887029055786,0.11161519642373416,0.10527682673081114,0.11198408757372318,0.12037913631983894,0.12894613610437297,0.12684672808367642,0.1281733780492108,0.1559463065329512,0.21120925647290378,0.2075727538711834,0.18194148680365224,0.07249535270808453,0.07713309376303894,0.13182893024284495,0.15530073591188784,0.13304541251288893,0.23168164847284659,0.29025362053050413,0.2833359995529896,0.23073359223450918,0.22577520073433452,0.07171120993423685,0.07302388314633067,0.06155185221833196,0.06632301307923225,0.07013105720051772,0.05899676076787999,0.05500672435977891,0.07512545612698607,0.05097567647307865,0.06170315656987507,0.06630605639467138,0.06698463228154654,0.06892622630137496,0.06229323297630872,0.1273308149772463,0.12706107500478991,0.09558191997753868,0.07408933025847081,0.13282362160673022,0.18128220683589333
0.11137481321759524,0.11552401462494234,0.09641727116042238,0.08838002639904927,0.07789611428766456,0.14162556916104035,0.17100647098649166,0.1553295946493417,0.13551715862833516,0.1380034324640517,0.0972281766619888,0.12325691542666861,0.15854943980743866,0.16898690494316965,0.16599469625820978,0.08169981191677331,0.1175469556365221,0.14324475670005934,0.15433507456723108,0.15973622858903902,0.1521091279259882,0.11011479822276461,0.1114813953490184,0.11694790905747528,0.1282675619741209,0.1546769431349561,0.17534028566575233,0.17885618193452585,0.14973938412536844,0.11161519642373414,0.10527682673081114,0.11198408757372315,0.12037913631983892,0.12894613610437297,0.12684672808367642,0.1281733780492108,0.1273970533296955,0.2112092564729038,0.18108267725387744,0.18194148680365224,0.05181228985121147,0.07713309376303894,0.13182893024284495,0.1553007359118878,0.13304541251288893,0.23168164847284656,0.2848085990674294,0.28333599955298966,0.23073359223450918,0.2160549893676018,0.056452512121892985,0.07302388314633065,0.06155185221833196,0.06632301307923225,0.06466910450359316,0.05791267413314054,0.0514138449377034,0.06249033604975631,0.05097567647307865,0.06170315656987507,0.06630605639467138,0.05664751984996205,0.05855486147526897,0.05172383496177379,0.11380058533885866,0.11931056332641311,0.07950500109504534,0.07408933025847081,0.13282362160673025,0.1780220131179909
0.10565905895686471,0.11028773278347075,0.0964172711604224,0.08692459105712337,0.07789611428766456,0.14162556916104033,0.17100647098649166,0.15101737674818502,0.13551715862833516,0.1380034324640517,0.0972281766619888,0.12325691542666861,0.1519186083241535,0.16700241949250588,0.16599469625820978,0.08169981191677331,0.1175469556365221,0.14324475670005934,0.14853904726629688,0.15475291843820746,0.1521091279259882,0.11011479822276461,0.1114813953490184,0.11694790905747528,0.1282675619741209,0.1546769431349561,0.17534028566575233,0.17623385180528456,0.14807150846274017,0.10694196628849113,0.10527682673081112,0.11198408757372315,0.11184953296878722,0.12105092623086199,0.12684672808367645,0.12182956699682754,0.11387999036801218,0.1987534314226647,0.1718306656441292,0.1666705498748317,0.05181228985121147,0.07429006839776929,0.11928791737489226,0.15530073591188784,0.13304541251288893,0.22786094388745243,0.2848085990674294,0.25435617290605317,0.21545584827926761,0.21605498936760184,0.05645251212189299,0.059420165138965836,0.06155185221833196,0.06632301307923225,0.06466910450359317,0.0558076271044767,0.04615288871009478,0.0500225326939922,0.05097567647307865,0.06170315656987507,0.056091055080886215,0.056647519849962046,0.05855486147526897,0.05172383496177378,0.11380058533885865,0.10369082428644891,0.07950500109504535,0.07408933025847081,0.13282362160673022,0.17302957324725718
0.10565905895686471,0.1084582134886121,0.0964172711604224,0.08692459105712337,0.07789611428766456,0.13301483326550678,0.16725739804356773,0.151017376748185,0.13551715862833516,0.13277640838983293,0.09052494663131556,0.1110120548124054,0.1519186083241535,0.16700241949250588,0.16599469625820976,0.08169981191677331,0.1175469556365221,0.14324475670005934,0.14853904726629688,0.15475291843820746,0.1521091279259882,0.1028526431537082,0.1114813953490184,0.11319219741514173,0.12082697736437198,0.1546769431349561,0.1681340132120704,0.17029469383641982,0.144895875719738,0.10694196628849113,0.10527682673081112,0.11198408757372318,0.11184953296878722,0.12105092623086199,0.12684672808367645,0.12182956699682754,0.10268062105088377,0.1837125932776853,0.1718306656441292,0.1666705498748317,0.05181228985121147,0.07429006839776929,0.11928791737489229,0.1423770908469966,0.12119060099968874,0.22786094388745243,0.2706234703078595,0.23879488769916754,0.2062441798926605,0.20778355988853375,0.05645251212189299,0.059420165138965836,0.061551852218331975,0.06632301307923223,0.06466910450359317,0.0558076271044767,0.04615288871009478,0.05002253269399219,0.05097567647307865,0.06170315656987506,0.056091055080886215,0.05664751984996205,0.058554861475268956,0.05172383496177378,0.11380058533885865,0.10369082428644891,0.07950500109504534,0.07408933025847081,0.10785311887635285,0.16035917726756396
0.10565905895686471,0.10845821348861209,0.0964172711604224,0.08692459105712337,0.07529972810007998,0.13301483326550678,0.16419360359137072,0.151017376748185,0.13551715862833516,0.1287336388263848,0.09052494663131555,0.10450486740372286,0.1519186083241535,0.1623368281208288,0.16599469625820976,0.07661320553909272,0.1175469556365221,0.13811066871671818,0.14853904726629688,0.15475291843820743,0.1464753786564877,0.1028526431537082,0.1114813953490184,0.11319219741514173,0.12082697736437198,0.14687602687943122,0.1681340132120704,0.17029469383641982,0.14196349014008205,0.10694196628849113,0.09917037119717986,0.10571649373483231,0.11184953296878722,0.11670433646616529,0.12684672808367645,0.11182944749814362,0.10268062105088377,0.15660471907671536,0.1587093959669925,0.1666705498748317,0.05181228985121147,0.07429006839776928,0.11316837867312425,0.1423770908469966,0.10774520660390145,0.22612363011957592,0.2534491914029829,0.22760108555887976,0.20000734069950074,0.20778355988853378,0.05645251212189299,0.059420165138965836,0.061551852218331975,0.06632301307923223,0.05014633586144184,0.049044245300765274,0.04615288871009478,0.046641739615233296,0.05097567647307864,0.06170315656987507,0.056091055080886215,0.05664751984996205,0.058554861475268956,0.05172383496177378,0.11380058533885866,0.10369082428644891,0.07950500109504534,0.07408933025847084,0.07804482370583293,0.160359177267564
0.10166469049941736,0.10845821348861209,0.0964172711604224,0.08692459105712337,0.07529972810007998,0.12987683332921768,0.1589946235482501,0.15033952908067277,0.13551715862833516,0.1287336388263848,0.09052494663131556,0.10450486740372286,0.1519186083241535,0.16233682812082878,0.15921829855890998,0.07661320553909272,0.1175469556365221,0.13811066871671818,0.14853904726629688,0.15475291843820743,0.1464753786564877,0.10229507628898761,0.1114813953490184,0.11319219741514173,0.12030518527050534,0.1397371589970456,0.15583178107698656,0.1646656646535276,0.14196349014008205,0.10694196628849115,0.09917037119717986,0.09944012163929211,0.1049388748093728,0.11582885057557217,0.12684672808367645,0.09941455449624179,0.10119864666587838,0.1566047190767154,0.1587093959669925,0.1541028542799932,0.040960257587159946,0.0636525575941534,0.09967028628432144,0.12924798827211476,0.10774520660390145,0.21180943195649643,0.23935659846624116,0.20207097418985245,0.20000734069950074,0.1929364128837799,0.05645251212189299,0.05433469275956599,0.061551852218331975,0.059629933527542714,0.05014633586144184,0.049044245300765274,0.04615288871009478,0.046641739615233296,0.05097567647307864,0.06170315656987507,0.05609105508088622,0.05664751984996205,0.049921042902783895,0.05172383496177378,0.11380058533885865,0.0959388830442761,0.07950500109504534,0.06251348027705105,0.06316461541216226,0.15234901873133982
0.10166469049941736,0.10845821348861209,0.09393964100302087,0.0796204090651069,0.07529972810007998,0.12877755705629995,0.1589946235482501,0.15033952908067277,0.13096942688833288,0.1287336388263848,0.09052494663131555,0.08881865768407335,0.1519186083241535,0.16233682812082878,0.15921829855890998,0.07661320553909272,0.11592493586043225,0.13811066871671818,0.14853904726629688,0.14618249823239218,0.1464753786564877,0.10229507628898761,0.10476004506527856,0.1079743056933226,0.11749956814203392,0.1397371589970456,0.15583178107698656,0.1617858503468137,0.14196349014008205,0.10694196628849115,0.09449891506355058,0.09944012163929211,0.09763372476603983,0.11551478056976988,0.12684672808367645,0.09125146622968536,0.10119864666587837,0.13442357898095744,0.12581485130076733,0.1541028542799932,0.040960257587159946,0.0636525575941534,0.09967028628432144,0.12009844227652235,0.10774520660390145,0.20487183367852319,0.2053453928467724,0.17512037635343136,0.18226485043646415,0.1929364128837799,0.056452512121892985,0.05433469275956599,0.061551852218331975,0.059629933527542714,0.047092135789773275,0.049044245300765274,0.04615288871009478,0.046641739615233296,0.04812630284213061,0.06170315656987507,0.056091055080886215,0.056647519849962046,0.04992104290278391,0.05172383496177378,0.100769547844516,0.08309730038250455,0.0682989041593135,0.06251348027705103,0.06316461541216224,0.14266246716094383
0.10166469049941736,0.1084582134886121,0.08601025329380632,0.0796204090651069,0.073910302222543,0.12877755705629995,0.1589946235482501,0.15033952908067277,0.13096942688833288,0.1287336388263848,0.08492781726970729,0.08004623255293301,0.1519186083241535,0.16233682812082878,0.15921829855890998,0.07661320553909272,0.11592493586043225,0.1381106687167182,0.14798282216527683,0.14618249823239218,0.14268729232359187,0.10229507628898761,0.09721412356164987,0.1079743056933226,0.11749956814203392,0.13081916009358516,0.14837655960042898,0.15606974440315954,0.14196349014008205,0.10694196628849113,0.08709422401945287,0.09944012163929211,0.09763372476603983,0.11551478056976988,0.11937007859653796,0.09125146622968536,0.10119864666587837,0.12214348197619006,0.12581485130076736,0.1541028542799932,0.04096025758715993,0.0636525575941534,0.09967028628432144,0.108967790232821,0.10774520660390145,0.20487183367852319,0.17867989840464005,0.16110524444457316,0.18226485043646418,0.18485710039000922,0.056452512121892985,0.05276786946954256,0.061551852218331975,0.059629933527542714,0.04156117684661454,0.049044245300765274,0.04615288871009478,0.046641739615233296,0.048126302842130625,0.06170315656987507,0.046161957874446706,0.048297971086379,0.0499210429027839,0.04180150813511033,0.10076954784451601,0.08309730038250454,0.05511525977578361,0.06251348027705103,0.05464605935272725,0.14266246716094383
0.10166469049941736,0.10845821348861209,0.08446106452380465,0.07962040906510691,0.073910302222543,0.12877755705629995,0.15270329129050209,0.1475274509821706,0.13096942688833288,0.1287336388263848,0.08291753791428395,0.08004623255293301,0.14908435862789413,0.16233682812082875,0.15921829855890998,0.07661320553909273,0.11592493586043225,0.1381106687167182,0.14262838238111963,0.14618249823239218,0.14268729232359187,0.10229507628898762,0.09721412356164987,0.1079743056933226,0.1174995681420339,0.13081916009358516,0.14837655960042898,0.15606974440315952,0.14196349014008205,0.10279357021735294,0.08709422401945288,0.09944012163929211,0.09763372476603983,0.11551478056976988,0.1140345516276733,0.08253449420388997,0.10119864666587837,0.12214348197619006,0.09801269870403022,0.1460710338152094,0.04096025758715994,0.0636525575941534,0.09320646399250686,0.10896779023282101,0.09530191557313124,0.19258418872663874,0.17867989840464008,0.14566658518131043,0.170551686910446,0.17587095970595987,0.056452512121892985,0.05276786946954256,0.061551852218331975,0.059629933527542714,0.04156117684661454,0.049044245300765274,0.04615288871009478,0.046641739615233296,0.04812630284213062,0.05488262669937047,0.03785429209583016,0.03847736685421775,0.03997091439473525,0.04180150813511033,0.09143247648091189,0.0592058858063044,0.05511525977578362,0.06251348027705103,0.05464605935272724,0.14266246716094383
0.10166469049941736,0.10845821348861209,0.08446106452380465,0.07322173178734108,0.06840751352632099,0.12877755705629992,0.15270329129050209,0.1475274509821706,0.13096942688833288,0.121915931943161,0.08291753791428394,0.07719249689003883,0.14908435862789413,0.16233682812082878,0.15921829855890998,0.0717802893871505,0.11592493586043222,0.13081697477278206,0.14262838238111963,0.1363355911952132,0.1426872923235919,0.10096152745786399,0.09721412356164987,0.1079743056933226,0.1139987668844584,0.13081916009358516,0.14837655960042898,0.1489870526791869,0.14029404633673231,0.0964373248317771,0.08709422401945288,0.09944012163929211,0.09763372476603983,0.10984291724750231,0.1140345516276733,0.08253449420388999,0.08604430546456134,0.09865180078221111,0.0980126987040302,0.14235944820516058,0.04096025758715994,0.053905414045059566,0.09320646399250686,0.10896779023282101,0.08225979509082576,0.17981988580325137,0.15827094519286175,0.12415113936786142,0.15584236843475932,0.1758709597059599,0.056452512121892985,0.05276786946954256,0.061551852218331975,0.059629933527542714,0.04156117684661454,0.04869682910690435,0.04615288871009477,0.046641739615233296,0.048126302842130625,0.05488262669937047,0.03785429209583016,0.03847736685421775,0.03305806555752532,0.03823629224339162,0.07789851933687285,0.059205885806304384,0.05511525977578361,0.053623168714985826,0.05464605935272724,0.13076808630634298
0.10166469049941736,0.10564789412171093,0.08446106452380465,0.06745185713273404,0.06840751352632099,0.12408661073300975,0.14873983497265175,0.14752745098217063,0.1263767857893732,0.11886193749369267,0.07686619080984214,0.07719249689003883,0.14908435862789413,0.16233682812082878,0.15921829855890998,0.0717802893871505,0.1126273549728444,0.13081697477278206,0.14262838238111963,0.1363355911952132,0.1426872923235919,0.10096152745786399,0.09721412356164987,0.1079743056933226,0.1139987668844584,0.13081916009358513,0.1415896229019692,0.1451207628793824,0.14029404633673231,0.0964373248317771,0.08249492098947094,0.09944012163929211,0.09763372476603983,0.1024460344827257,0.10838742411845706,0.08253449420389002,0.08604430546456134,0.09130598812345843,0.09228768281969951,0.1333352057163935,0.04096025758715993,0.053905414045059566,0.08357172210328051,0.10896779023282101,0.08225979509082576,0.17812554068138575,0.14555317764005518,0.10898044462855565,0.14348012599630744,0.17587095970595987,0.056452512121892985,0.05276786946954256,0.061551852218331975,0.059629933527542714,0.04156117684661454,0.04869682910690435,0.04615288871009477,0.046641739615233296,0.04812630284213063,0.05488262669937047,0.03785429209583016,0.03847736685421775,0.031772638339845324,0.030185131791514812,0.07048922730147633,0.059205885806304384,0.05511525977578361,0.05362316871498582,0.05464605935272724,0.12350005676189854
0.10166469049941736,0.10564789412171093,0.08060293056469973,0.06745185713273404,0.06499930974180719,0.12408661073300972,0.14873983497265175,0.14752745098217063,0.1263767857893732,0.11886193749369267,0.07686619080984214,0.07676426444167009,0.14908435862789413,0.16233682812082878,0.15279392145309456,0.0717802893871505,0.1126273549728444,0.13081697477278206,0.14262838238111963,0.12885883831076428,0.1426872923235919,0.10096152745786399,0.09721412356164987,0.1026179522484325,0.1139987668844584,0.12450846241134657,0.1355545134736956,0.1428339129662366,0.14029404633673231,0.09159942999172317,0.07635543530631533,0.09944012163929208,0.09763372476603983,0.09642990372871214,0.10838742411845706,0.07449458738311075,0.0725802568436771,0.07798100813335099,0.08287920652782176,0.13333520571639348,0.04096025758715993,0.03392421576577656,0.08357172210328051,0.0966909691635242,0.07047184118038191,0.170836818919177,0.13390719018395064,0.10898044462855565,0.14348012599630744,0.1626755862424783,0.04443650434289443,0.05276786946954256,0.055704463175405255,0.04749509510065095,0.04156117684661454,0.04869682910690435,0.04615288871009477,0.044119669363970146,0.04812630284213062,0.05250236747442106,0.03785429209583017,0.03847736685421775,0.031772638339845324,0.03018513179151482,0.07048922730147633,0.0592058858063044,0.046708313169543,0.05362316871498582,0.05464605935272724,0.11094029182945472
0.10166469049941736,0.10295604854864411,0.07797280157143152,0.06745185713273404,0.06499930974180719,0.12408661073300972,0.1427783997719477,0.1458305710752153,0.12368699326674588,0.11561636971259939,0.07686619080984214,0.07676426444167009,0.14424481822601315,0.16233682812082875,0.15279392145309453,0.06891509217802157,0.1126273549728444,0.13081697477278206,0.14262838238111963,0.12885883831076428,0.1426872923235919,0.10096152745786399,0.09721412356164987,0.1026179522484325,0.1139987668844584,0.12450846241134657,0.1355545134736956,0.134797094021618,0.14029404633673231,0.08467355586313985,0.0681273727307563,0.09944012163929207,0.09763372476603983,0.09642990372871214,0.10272915750225929,0.07449458738311075,0.06698799794071128,0.077981008133351,0.06471039144567589,0.12124284946219419,0.031329719241297446,0.03392421576577656,0.08357172210328051,0.07440208848340565,0.07047184118038191,0.15995340572525069,0.13390719018395064,0.10898044462855563,0.129554436064658,0.16127772017213773,0.04443650434289443,0.05276786946954256,0.055704463175405255,0.04749509510065095,0.04156117684661454,0.04869682910690435,0.04371460066415945,0.044119669363970146,0.04812630284213062,0.05250236747442106,0.03785429209583017,0.03847736685421775,0.031772638339845324,0.03018513179151482,0.03547834516484751,0.05525258438807483,0.04670831316954299,0.05362316871498582,0.05399956597410097,0.09943966672289202
0.10166469049941736,0.10295604854864411,0.07797280157143152,0.06745185713273404,0.06499930974180719,0.12065635989692439,0.14207950790154064,0.1458305710752153,0.12135375845952834,0.11561636971259939,0.07686619080984214,0.07676426444167009,0.14424481822601315,0.16233682812082875,0.15279392145309456,0.06891509217802157,0.11043620371478569,0.1308169747727821,0.14262838238111963,0.12269062137606068,0.1426872923235919,0.10096152745786399,0.09507635992602945,0.1026179522484325,0.1139987668844584,0.12450846241134657,0.13555451347369557,0.13030454971847522,0.13607949531247523,0.08467355586313985,0.0681273727307563,0.09397813692475429,0.09259876206591176,0.09143256907723758,0.09691706177461906,0.07449458738311074,0.06698799794071128,0.07798100813335102,0.06471039144567588,0.12124284946219416,0.031329719241297446,0.03392421576577656,0.0835717221032805,0.07440208848340567,0.07047184118038191,0.151279156231875,0.12561712912415735,0.08803838352818728,0.12222426553811654,0.145056779105481,0.04443650434289443,0.05276786946954256,0.04392308184863214,0.04749509510065095,0.04156117684661454,0.04869682910690435,0.04371460066415945,0.044119669363970146,0.04812630284213062,0.05250236747442106,0.03785429209583017,0.03106057056174387,0.031772638339845324,0.03018513179151482,0.03547834516484751,0.04360763795181252,0.03440431992000227,0.04343725779296422,0.04780482581742176,0.08782104378995564
0.08937502222543972,0.09834928169160537,0.07797280157143154,0.06745185713273404,0.06499930974180719,0.12065635989692436,0.13628950755205213,0.14320463136487893,0.12135375845952834,0.11561636971259939,0.07686619080984214,0.07332303676821134,0.14424481822601315,0.15970851281200033,0.15279392145309456,0.06891509217802157,0.11043620371478569,0.13081697477278206,0.1426283823811196,0.12269062137606068,0.13945078891602017,0.10096152745786399,0.09507635992602945,0.1026179522484325,0.11399876688445841,0.11735936648525129,0.13555451347369557,0.12343208030102651,0.13607949531247523,0.08467355586313985,0.0681273727307563,0.0873559453946213,0.08635625714428809,0.08649808524812314,0.09253646591889726,0.07449458738311072,0.06698799794071128,0.06532804630246213,0.06471039144567588,0.1094041582237269,0.031329719241297446,0.03392421576577657,0.0717921180942348,0.07440208848340567,0.07047184118038191,0.14000458396282678,0.12561712912415735,0.0737448223164994,0.10919779182491086,0.145056779105481,0.04443650434289443,0.05276786946954256,0.04392308184863214,0.047495095100650954,0.030753635367555026,0.04514540258519599,0.04371460066415945,0.044119669363970146,0.04812630284213062,0.04632441265365814,0.03785429209583016,0.03106057056174387,0.031772638339845324,0.03018513179151482,0.034755118561802585,0.043607637951812515,0.03440431992000227,0.04343725779296422,0.04780482581742176,0.07906177518096158
0.08937502222543972,0.09834928169160537,0.07761552033894986,0.06745185713273404,0.05903319492110721,0.12065635989692439,0.13628950755205213,0.13960387269709815,0.1186368291699486,0.11561636971259939,0.07686619080984212,0.07332303676821134,0.14424481822601315,0.15970851281200033,0.15279392145309456,0.06527288045733688,0.11043620371478569,0.12649912199602648,0.1426283823811196,0.12269062137606068,0.13637271477915233,0.10096152745786399,0.09161500447870269,0.10261795224843248,0.11399876688445842,0.11735936648525126,0.13555451347369557,0.12343208030102651,0.13607949531247523,0.08364097916415349,0.06812737273075631,0.08735594539462131,0.08635625714428809,0.08649808524812314,0.09253646591889726,0.07449458738311071,0.060902527933386706,0.06532804630246213,0.06471039144567588,0.10234519023614665,0.031329719241297446,0.030194077063530073,0.05194947360556948,0.06271953591316712,0.06325714131886463,0.14000458396282675,0.11663997998740912,0.0737448223164994,0.10268774042845845,0.1344863171514126,0.04443650434289443,0.051391180718466635,0.04392308184863214,0.04749509510065095,0.030753635367555026,0.039328408182623315,0.04371460066415945,0.044119669363970146,0.042189984233918884,0.04004387914791466,0.03785429209583016,0.03106057056174387,0.031772638339845324,0.03018513179151482,0.034755118561802585,0.043607637951812515,0.03380727404614314,0.037091990002174315,0.04780482581742176,0.07906177518096158
0.08686151936979872,0.09304795076229162,0.07480563707629402,0.06745185713273404,0.05903319492110721,0.12065635989692436,0.13628950755205213,0.13960387269709817,0.1186368291699486,0.11561636971259939,0.0692811800006765,0.07332303676821134,0.14424481822601315,0.15970851281200033,0.15279392145309456,0.06527288045733688,0.10867176073857025,0.12649912199602648,0.13776183087689564,0.11693319543333698,0.13637271477915233,0.10096152745786399,0.09161500447870269,0.10261795224843248,0.11399876688445842,0.11735936648525126,0.13555451347369557,0.12343208030102651,0.13607949531247523,0.08364097916415349,0.06431887246067938,0.08735594539462128,0.08635625714428809,0.0858025981326848,0.0865866822764198,0.07449458738311072,0.060902527933386706,0.06532804630246211,0.06050110380880283,0.09872781777175299,0.02879945527025745,0.03019407706353007,0.05194947360556948,0.05214550862967361,0.06325714131886463,0.12960892808470226,0.09094997842118172,0.0737448223164994,0.0962383749615901,0.11795349400536807,0.04443650434289443,0.05139118071846664,0.04392308184863214,0.04749509510065095,0.030753635367555026,0.039328408182623315,0.04371460066415945,0.044119669363970146,0.042189984233918884,0.04004387914791465,0.03785429209583017,0.03106057056174387,0.031772638339845324,0.03018513179151482,0.03475511856180258,0.036050886980751484,0.03380727404614314,0.037091990002174315,0.04780482581742176,0.07906177518096157
0.08148749923976147,0.09304795076229162,0.07480563707629402,0.06745185713273404,0.059033194921107195,0.12065635989692439,0.13628950755205213,0.13960387269709817,0.11820021600440095,0.11561636971259939,0.06928118000067648,0.07310162107037033,0.14424481822601315,0.15501333707943524,0.1527939214530946,0.06527288045733688,0.10867176073857025,0.12649912199602648,0.13776183087689564,0.10818780510218348,0.13637271477915233,0.09728915726690308,0.09161500447870269,0.10261795224843248,0.11399876688445842,0.11735936648525125,0.1355545134736956,0.12010593969826948,0.1325407482709434,0.08364097916415347,0.06431887246067938,0.0873559453946213,0.08386616295177853,0.0858025981326848,0.08326412255666699,0.06820777306774778,0.060902527933386706,0.06532804630246211,0.06050110380880283,0.08913804029300947,0.028799455270257443,0.03019407706353007,0.04122546132504939,0.052145508629673605,0.06325714131886463,0.12294167799052964,0.09094997842118172,0.06364772303926652,0.0962383749615901,0.10696773080927831,0.04443650434289443,0.05139118071846664,0.04392308184863214,0.04364761076836092,0.030753635367555026,0.039328408182623315,0.043714600664159456,0.044119669363970146,0.042189984233918884,0.026232090665975892,0.03785429209583017,0.03106057056174387,0.03047860336306596,0.03018513179151482,0.028662848062930252,0.02919248798832179,0.02484100350585774,0.037091990002174315,0.04780482581742176,0.06855898548672257
0.07823357742462038,0.09048472919994385,0.07105715039418954,0.06227220703439821,0.059033194921107195,0.12065635989692441,0.13628950755205213,0.13960387269709817,0.11574219872413503,0.1093056504635225,0.06631293282270555,0.07157959131175862,0.14424481822601318,0.15238668058916408,0.1527939214530946,0.06527288045733688,0.10867176073857025,0.1264991219960265,0.13776183087689564,0.10818780510218348,0.13637271477915236,0.09728915726690308,0.08684671857655255,0.10261795224843248,0.10862976975147988,0.11223638454204593,0.12941268093418432,0.1184707222219033,0.1299598899242039,0.0836409791641535,0.06431887246067938,0.0873559453946213,0.08386616295177854,0.08132372704485456,0.08326412255666699,0.06820777306774778,0.05856888861592315,0.06532804630246213,0.05042461469171936,0.08832505650198584,0.028799455270257443,0.03019407706353007,0.04122546132504939,0.052145508629673605,0.06325714131886463,0.12294167799052964,0.09094997842118172,0.06364772303926652,0.0962383749615901,0.10434108102742573,0.043143914762128484,0.04075357487129587,0.04392308184863214,0.04364761076836092,0.030753635367555026,0.039328408182623315,0.038092218196493555,0.044119669363970146,0.042189984233918884,0.026232090665975892,0.03785429209583017,0.03106057056174387,0.03047860336306596,0.03018513179151482,0.028662848062930252,0.02919248798832179,0.02484100350585774,0.037091990002174315,0.04715833243879548,0.06855898548672257
0.07259182876988637,0.09048472919994385,0.07105715039418954,0.06227220703439821,0.05903319492110721,0.12065635989692439,0.13628950755205213,0.13960387269709817,0.11574219872413503,0.1040743558443082,0.06631293282270555,0.07157959131175863,0.14424481822601318,0.147014199844565,0.1527939214530946,0.06527288045733688,0.10867176073857025,0.12649912199602648,0.13340602349279668,0.10818780510218348,0.1316858868001615,0.0956787657526226,0.08684671857655255,0.10261795224843248,0.10862976975147985,0.11223638454204593,0.12941268093418434,0.1184707222219033,0.12472680297175087,0.0836409791641535,0.06431887246067937,0.08735594539462128,0.08386616295177854,0.08132372704485458,0.083264122556667,0.06205217964935692,0.05856888861592315,0.06532804630246213,0.04311727923714297,0.07753558427540026,0.025320825447404938,0.03019407706353007,0.04122546132504939,0.052145508629673605,0.06325714131886463,0.11716932424766698,0.09094997842118172,0.06364772303926652,0.08313172668697068,0.09193799540819672,0.043143914762128484,0.04075357487129587,0.04392308184863214,0.04364761076836092,0.030753635367555026,0.039328408182623315,0.038092218196493555,0.03857488482593134,0.042189984233918884,0.026232090665975892,0.0299584583520365,0.029808461499555645,0.03047860336306596,0.028923304485569096,0.028662848062930252,0.02919248798832179,0.02484100350585774,0.037091990002174315,0.04715833243879548,0.06855898548672257
0.07259182876988637,0.0803200270004908,0.06840087062756582,0.06227220703439822,0.05903319492110721,0.11511140338012384,0.13231890776561114,0.13543075903614255,0.11286657598699883,0.1040743558443082,0.06631293282270556,0.07157959131175863,0.14424481822601318,0.147014199844565,0.1527939214530946,0.06527288045733688,0.10867176073857025,0.1264991219960265,0.13340602349279668,0.1081878051021835,0.1316858868001615,0.09210803474420312,0.08491399532169512,0.10261795224843248,0.10862976975147985,0.11223638454204593,0.12941268093418434,0.1184707222219033,0.12472680297175087,0.0836409791641535,0.06431887246067938,0.08192742989675472,0.08386616295177854,0.07543170291873551,0.083264122556667,0.05623723692335138,0.058568888615923166,0.06532804630246213,0.04311727923714297,0.07753558427540026,0.025320825447404938,0.03019407706353007,0.03600035579749789,0.05214550862967361,0.06325714131886463,0.10509740010584614,0.09094997842118172,0.05513594793538419,0.08313172668697068,0.09193799540819672,0.043143914762128484,0.04075357487129587,0.042593846684806536,0.04364761076836092,0.030753635367555026,0.039328408182623315,0.038092218196493555,0.03857488482593134,0.042189984233918884,0.026232090665975892,0.0299584583520365,0.029808461499555645,0.03047860336306596,0.028923304485569096,0.028662848062930252,0.02919248798832179,0.02484100350585774,0.037091990002174315,0.03890529898948534,0.06855898548672257
0.07259182876988636,0.07994959764263017,0.062476828131013615,0.06149882810776383,0.05903319492110721,0.10858118229887433,0.13231890776561114,0.13543075903614255,0.11286657598699881,0.09902078895902658,0.06631293282270555,0.07157959131175863,0.14424481822601318,0.147014199844565,0.15279392145309456,0.06463404505588745,0.10867176073857025,0.1264991219960265,0.12836125682673358,0.10818780510218351,0.1316858868001615,0.08511524613863321,0.08491399532169513,0.1026179522484325,0.10862976975147985,0.11223638454204592,0.12941268093418432,0.11630558716259302,0.12199329238928328,0.0836409791641535,0.06431887246067937,0.07499153648145802,0.08107729755022038,0.07543170291873551,0.083264122556667,0.056237236923351384,0.04755210525220599,0.060713363176405126,0.04311727923714297,0.07753558427540026,0.025320825447404938,0.03019407706353007,0.036000355797497885,0.052145508629673605,0.06325714131886463,0.10509740010584614,0.0909499784211817,0.05513594793538419,0.08313172668697068,0.0892470196490643,0.043143914762128484,0.03851021502454639,0.04259384668480654,0.034352446041769805,0.030753635367555026,0.039328408182623315,0.03809221819649355,0.03857488482593134,0.035559979897082754,0.026232090665975892,0.0299584583520365,0.029808461499555645,0.03047860336306596,0.028923304485569096,0.028662848062930252,0.02919248798832179,0.02484100350585774,0.037091990002174315,0.03890529898948534,0.06855898548672257
0.06771384789529752,0.07994959764263017,0.06247682813101363,0.06149882810776383,0.05439561471698658,0.10858118229887434,0.12895719403219422,0.13543075903614255,0.11286657598699881,0.09636309472408956,0.06631293282270555,0.06934434659292699,0.1442448182260132,0.147014199844565,0.14870552635088885,0.06463404505588745,0.10595392745897997,0.1264991219960265,0.12836125682673358,0.10575345238268848,0.1316858868001615,0.08511524613863321,0.08219928974306723,0.0966238363831722,0.10862976975147987,0.11223638454204592,0.12586193525457304,0.11630558716259302,0.12199329238928328,0.07954830883991132,0.06431887246067937,0.07499153648145804,0.08107729755022038,0.07543170291873551,0.07572661000256788,0.056237236923351384,0.04755210525220599,0.060713363176405126,0.0382347911375824,0.07224834944818426,0.025320825447404938,0.03019407706353007,0.036000355797497885,0.043138644751981516,0.06325714131886463,0.10509740010584614,0.08009680718095442,0.05513594793538419,0.07092141120663388,0.0892470196490643,0.041856366240357205,0.03851021502454639,0.04259384668480654,0.034352446041769805,0.030753635367555026,0.039328408182623315,0.034552062443953514,0.03857488482593134,0.03555997989708276,0.026232090665975892,0.028771827755407087,0.029808461499555645,0.024098673579164454,0.028923304485569096,0.027939621459885326,0.02919248798832179,0.024841003505857745,0.037091990002174315,0.03890529898948535,0.061062991069307807
0.06771384789529752,0.07994959764263017,0.06247682813101363,0.057929616932722465,0.05439561471698658,0.10858118229887434,0.12895719403219422,0.13543075903614255,0.11286657598699881,0.09636309472408956,0.06631293282270555,0.06934434659292699,0.1442448182260132,0.14701419984456499,0.14870552635088885,0.06463404505588745,0.10391055687175994,0.12178937822862623,0.12836125682673358,0.10575345238268848,0.1290465163106458,0.08232117216965773,0.08219928974306723,0.0966238363831722,0.10862976975147987,0.11223638454204592,0.12586193525457304,0.11630558716259302,0.11560555483647023,0.07954830883991132,0.06431887246067937,0.07499153648145804,0.08107729755022038,0.07270894040767052,0.06525882394235179,0.056237236923351384,0.04755210525220599,0.060713363176405126,0.033198681101978586,0.07087241196190065,0.025320825447404938,0.030194077063530073,0.036000355797497885,0.043138644751981516,0.06325714131886462,0.09819243429959407,0.07297871626575247,0.051792896031315316,0.0709214112066339,0.08924701964906427,0.041856366240357205,0.03851021502454639,0.042593846684806536,0.034352446041769805,0.030753635367555026,0.039328408182623315,0.034552062443953514,0.03506674125071889,0.03555997989708276,0.026232090665975892,0.028771827755407087,0.029808461499555648,0.024098673579164454,0.028923304485569096,0.027939621459885326,0.029192487988321796,0.024841003505857745,0.037091990002174315,0.03890529898948535,0.05230668597825535
0.06329148346345978,0.07480412748888453,0.062476828131013636,0.057929616932722465,0.05348281180746002,0.10858118229887434,0.1252854060023999,0.13543075903614255,0.11286657598699881,0.09636309472408956,0.06631293282270555,0.06578240651365802,0.13677579774706017,0.147014199844565,0.14870552635088885,0.06463404505588745,0.10391055687175993,0.12178937822862623,0.12836125682673358,0.10575345238268848,0.1290465163106458,0.08232117216965773,0.08219928974306723,0.09201074936207998,0.10862976975147985,0.11223638454204592,0.1258619352545731,0.11630558716259302,0.11560555483647023,0.07954830883991132,0.06431887246067937,0.07499153648145804,0.08107729755022038,0.07270894040767052,0.0613555667616232,0.05623723692335138,0.04755210525220599,0.060713363176405126,0.033198681101978586,0.06238381754729123,0.025320825447404938,0.030194077063530073,0.036000355797497885,0.0429051698009942,0.06273702445101599,0.08549475793614252,0.07297871626575246,0.051792896031315316,0.0709214112066339,0.08924701964906427,0.041856366240357205,0.03851021502454639,0.042593846684806536,0.034352446041769805,0.030753635367555026,0.03338571264672152,0.034552062443953514,0.03506674125071889,0.031913597230873184,0.026232090665975892,0.023821976647813867,0.023699210964145755,0.024098673579164454,0.028923304485569096,0.027939621459885326,0.02074869996821211,0.024841003505857745,0.031006020589155497,0.03890529898948535,0.05230668597825535
0.06329148346345978,0.07480412748888453,0.062476828131013636,0.057929616932722465,0.05348281180746001,0.10858118229887434,0.1252854060023999,0.13543075903614255,0.11286657598699883,0.09636309472408956,0.06631293282270555,0.06578240651365802,0.13677579774706017,0.14701419984456499,0.14870552635088885,0.06463404505588746,0.09968596864289353,0.12178937822862623,0.12836125682673358,0.10575345238268848,0.12380310292238302,0.08232117216965773,0.08219928974306723,0.09201074936207998,0.10862976975147985,0.1122363845420459,0.12586193525457307,0.11630558716259302,0.11560555483647023,0.0795483088399113,0.058489698313615945,0.07499153648145802,0.08107729755022038,0.07270894040767052,0.0613555667616232,0.056237236923351384,0.04755210525220599,0.06071336317640511,0.03319868110197858,0.0550147472623513,0.025320825447404938,0.030194077063530073,0.036000355797497885,0.0429051698009942,0.05396936056991598,0.08549475793614252,0.06129105721028384,0.051792896031315316,0.0709214112066339,0.08451780338126784,0.04185636624035721,0.03851021502454639,0.04259384668480654,0.031384311989902956,0.030753635367555026,0.03338571264672152,0.028183528835768575,0.03506674125071889,0.026442341247805503,0.019264633981714813,0.023821976647813867,0.02369921096414575,0.024098673579164454,0.028923304485569096,0.027939621459885326,0.02074869996821211,0.024841003505857745,0.031006020589155497,0.03890529898948535,0.05230668597825535
0.06329148346345978,0.07480412748888454,0.057449855677658056,0.057929616932722465,0.05348281180746002,0.10858118229887434,0.1252854060023999,0.13543075903614255,0.11286657598699883,0.09433291636055124,0.06631293282270555,0.06578240651365803,0.13677579774706014,0.14701419984456499,0.14498621000042677,0.06463404505588746,0.09968596864289353,0.11760502605642092,0.12836125682673358,0.10575345238268846,0.12380310292238302,0.08232117216965773,0.08219928974306723,0.08997996103642476,0.10862976975147985,0.11223638454204592,0.12235615032735675,0.11575244946511745,0.11560555483647023,0.0795483088399113,0.058489698313615945,0.07278214981450686,0.07578948356211185,0.07270894040767052,0.0613555667616232,0.04624186417897381,0.04755210525220599,0.06071336317640511,0.0315085064538767,0.05373887249693438,0.025320825447404938,0.030194077063530073,0.036000355797497885,0.036065627631790394,0.04802493115956286,0.07569907227501675,0.06129105721028384,0.051792896031315316,0.0709214112066339,0.08451780338126784,0.04185636624035721,0.03851021502454639,0.04055426230467829,0.031384311989902956,0.030753635367555026,0.033385712646721515,0.028183528835768575,0.028767918809355874,0.026442341247805503,0.019264633981714813,0.023821976647813867,0.02369921096414575,0.024098673579164454,0.028923304485569096,0.027939621459885326,0.02074869996821211,0.024841003505857745,0.031006020589155497,0.03890529898948535,0.04494523988937315
0.06329148346345978,0.07480412748888454,0.057449855677658056,0.05619168373316417,0.05011992369205614,0.10356952656772901,0.1197086590516079,0.13543075903614255,0.11286657598699883,0.091631037082079,0.06284017826278195,0.06578240651365803,0.13317487118114468,0.1442556566963139,0.1402804252182518,0.06463404505588746,0.09588801640348243,0.11760502605642092,0.1283612568267336,0.10575345238268845,0.12380310292238302,0.08232117216965773,0.08219928974306723,0.0856486230556683,0.10862976975147985,0.1122363845420459,0.12235615032735672,0.11575244946511745,0.11560555483647017,0.07954830883991132,0.058489698313615945,0.06994338475451958,0.07578948356211185,0.07042812897878323,0.0613555667616232,0.04624186417897381,0.04755210525220599,0.05040970790334737,0.0315085064538767,0.05373887249693438,0.025320825447404938,0.030194077063530073,0.036000355797497885,0.036065627631790394,0.04802493115956286,0.07569907227501677,0.0534515073296761,0.04756722416752923,0.07092141120663391,0.08451780338126784,0.039842989895705935,0.037238522414261135,0.04055426230467829,0.031384311989902956,0.030753635367555026,0.02827713111328574,0.028183528835768572,0.028767918809355874,0.026442341247805503,0.019264633981714813,0.023821976647813867,0.02369921096414575,0.022804638602385085,0.028923304485569096,0.027939621459885326,0.02074869996821211,0.024841003505857745,0.031006020589155497,0.03272812374670376,0.04494523988937315
0.06329148346345977,0.07480412748888454,0.057449855677658056,0.05619168373316417,0.05011992369205614,0.09899800828716082,0.1197086590516079,0.13543075903614255,0.10998083117214509,0.091631037082079,0.06284017826278195,0.06578240651365803,0.12844772148335862,0.1442556566963139,0.13748166583116156,0.06463404505588746,0.09588801640348243,0.11393535235350441,0.1283612568267336,0.10575345238268845,0.12380310292238304,0.08232117216965773,0.0786492824575852,0.0856486230556683,0.10862976975147985,0.10537498734337919,0.12235615032735672,0.11575244946511748,0.11560555483647017,0.07954830883991132,0.058489698313615945,0.06994338475451957,0.07121047526558849,0.07042812897878323,0.06135556676162319,0.04624186417897381,0.04168127706978996,0.05040970790334737,0.0315085064538767,0.05373887249693438,0.025320825447404938,0.030194077063530073,0.033058210906805795,0.036065627631790394,0.04802493115956286,0.07569907227501677,0.04420322254011509,0.045568787404675494,0.07092141120663391,0.07324390446705437,0.03660935580776267,0.037238522414261135,0.04055426230467829,0.031384311989902956,0.030753635367555026,0.02827713111328574,0.028183528835768572,0.02354509035196064,0.026442341247805503,0.019264633981714813,0.023821976647813867,0.02369921096414575,0.022804638602385085,0.028923304485569096,0.027939621459885326,0.02074869996821211,0.024841003505857745,0.031006020589155497,0.03272812374670376,0.04494523988937314
0.06329148346345977,0.07480412748888454,0.057449855677658056,0.05619168373316417,0.048798834446953133,0.09899800828716082,0.11970865905160788,0.13543075903614255,0.10998083117214509,0.09052269494009436,0.061959548246423725,0.06578240651365803,0.1260545714216638,0.13705815016788786,0.13748166583116156,0.06278745116921905,0.09588801640348243,0.11393535235350441,0.12836125682673358,0.09971324966530805,0.12380310292238302,0.08232117216965773,0.0786492824575852,0.08564862305566828,0.10536653832408466,0.10537498734337918,0.12235615032735672,0.11575244946511748,0.11560555483647017,0.07954830883991132,0.058489698313615945,0.06994338475451957,0.06982001125989461,0.06844949439617183,0.06135556676162319,0.04624186417897381,0.04168127706978996,0.05040970790334737,0.02715657685626774,0.05373887249693438,0.025320825447404938,0.025496499876281793,0.0330582109068058,0.036065627631790394,0.04802493115956286,0.07569907227501675,0.04420322254011509,0.045568787404675494,0.07092141120663391,0.07324390446705437,0.036609355807762665,0.037238522414261135,0.04055426230467829,0.031384311989902956,0.030753635367555026,0.02827713111328574,0.023019584203999903,0.02354509035196064,0.024456383558265397,0.019264633981714813,0.023821976647813867,0.02244710190195753,0.022804638602385085,0.028923304485569096,0.027939621459885326,0.02074869996821211,0.024841003505857745,0.031006020589155497,0.03272812374670376,0.04494523988937315
0.0585703803731127,0.07480412748888454,0.057449855677658056,0.056191683733164174,0.048798834446953133,0.09899800828716082,0.1147610002091033,0.13313486527624313,0.10998083117214508,0.08609663638523636,0.061959548246423725,0.06578240651365803,0.1260545714216638,0.13705815016788786,0.13748166583116156,0.06278745116921906,0.09588801640348243,0.11393535235350438,0.12836125682673358,0.09971324966530805,0.12380310292238304,0.08232117216965773,0.0786492824575852,0.08564862305566828,0.10286172248370656,0.10537498734337919,0.1187171257176798,0.11490076735710919,0.11560555483647017,0.07954830883991132,0.058489698313615945,0.06994338475451957,0.06619784016254238,0.06844949439617183,0.061355566761623175,0.04624186417897381,0.04168127706978996,0.04221841202653086,0.02715657685626774,0.05236293501065078,0.025320825447404938,0.025496499876281793,0.03305821090680581,0.036065627631790394,0.04802493115956286,0.07569907227501675,0.042167088385423594,0.045568787404675494,0.06847033524809894,0.07324390446705437,0.036609355807762665,0.03723852241426113,0.03250447531848123,0.031384311989902956,0.030753635367555026,0.028277131113285732,0.023019584203999903,0.023545090351960642,0.024456383558265397,0.019264633981714813,0.023821976647813867,0.02244710190195753,0.022804638602385085,0.02892330448556909,0.026909651576586032,0.02074869996821211,0.024129826335911646,0.031006020589155497,0.02889653392272944,0.04272141082930371
0.0585703803731127,0.07480412748888454,0.057449855677658056,0.05159791624125077,0.048798834446953133,0.09899800828716082,0.1147610002091033,0.13313486527624316,0.10475398145084025,0.08609663638523636,0.06054703251468073,0.065782406513658,0.11798504431419943,0.13705815016788786,0.13748166583116156,0.06278745116921906,0.09588801640348243,0.11393535235350438,0.12449656803068933,0.09971324966530806,0.12380310292238304,0.08232117216965773,0.0786492824575852,0.0856486230556683,0.10286172248370656,0.1053749873433792,0.11871712571767983,0.11490076735710919,0.1136582732328833,0.07755060455173937,0.058489698313615945,0.0662940644125489,0.06619784016254238,0.06608134333324263,0.06135556676162319,0.04624186417897381,0.041681277069789954,0.03300037927669966,0.02715657685626774,0.05236293501065078,0.025320825447404938,0.025496499876281793,0.03305821090680581,0.036065627631790394,0.04802493115956286,0.07569907227501675,0.036889066852342035,0.038029168929671356,0.06228714929641939,0.0640918507907287,0.035400952038003954,0.03723852241426113,0.03121761021819048,0.031384311989902956,0.030753635367555026,0.022868776167062805,0.017568952618002943,0.02354509035196064,0.024456383558265394,0.019264633981714813,0.023821976647813867,0.02244710190195753,0.022804638602385085,0.022223309734823993,0.026909651576586032,0.02074869996821211,0.024129826335911646,0.031006020589155497,0.02889653392272944,0.04272141082930371
0.0585703803731127,0.06955290081126644,0.057449855677658056,0.05159791624125077,0.048798834446953133,0.09452932605638927,0.11211460330197129,0.13313486527624316,0.10475398145084024,0.08609663638523636,0.06054703251468073,0.06578240651365803,0.11591927184548075,0.13705815016788786,0.13748166583116156,0.06278745116921906,0.09588801640348245,0.11393535235350438,0.12449656803068933,0.09547246530575675,0.1200916596838112,0.08232117216965773,0.0786492824575852,0.0856486230556683,0.10286172248370656,0.1053749873433792,0.11871712571767985,0.11490076735710918,0.11347977018084232,0.07755060455173939,0.057608095396202624,0.0662940644125489,0.06619784016254238,0.06608134333324263,0.061355566761623175,0.04624186417897381,0.041681277069789954,0.02861591239981518,0.02715657685626774,0.05236293501065078,0.023481153571463995,0.025496499876281793,0.03305821090680581,0.036065627631790394,0.042809664571441294,0.07051917409332585,0.036889066852342035,0.03802916892967136,0.062287149296419375,0.06409185079072871,0.02873914061397286,0.03723852241426113,0.03121761021819048,0.031384311989902956,0.02948529674224822,0.020578367449523693,0.017568952618002943,0.018139515937862033,0.02092520078456163,0.01926463398171481,0.02263534605118446,0.02244710190195753,0.022804638602385085,0.02222330973482399,0.026909651576586032,0.020748699968212114,0.024129826335911646,0.031006020589155504,0.023349269603947804,0.0377342617133532
0.0585703803731127,0.06955290081126644,0.057449855677658056,0.05159791624125077,0.0468899998334629,0.09452932605638927,0.11211460330197129,0.13313486527624316,0.10475398145084024,0.08609663638523636,0.06054703251468073,0.06578240651365803,0.11591927184548075,0.1322488210571902,0.13748166583116156,0.06278745116921906,0.09588801640348245,0.11393535235350438,0.12449656803068933,0.09547246530575673,0.1200916596838112,0.08232117216965773,0.0786492824575852,0.0856486230556683,0.10286172248370658,0.1053749873433792,0.11871712571767983,0.11490076735710919,0.11347977018084232,0.07071493731415474,0.053642433076722784,0.06629406441254891,0.06619784016254238,0.06608134333324263,0.05745637383072407,0.04624186417897381,0.041681277069789954,0.028615912399815185,0.02715657685626774,0.052362935010650785,0.023481153571463995,0.025496499876281793,0.03305821090680581,0.036065627631790394,0.042809664571441294,0.06421525229010829,0.03202949292233478,0.03802916892967136,0.062287149296419375,0.06409185079072871,0.027491353730250318,0.032995789562127564,0.031217610218190472,0.031384311989902956,0.02948529674224822,0.020578367449523696,0.01756895261800294,0.018139515937862033,0.020925200784561625,0.01926463398171481,0.018365028281932965,0.02244710190195753,0.022804638602385085,0.02222330973482399,0.026909651576586032,0.02074869996821211,0.024129826335911646,0.027127000780524855,0.023349269603947804,0.0377342617133532
0.0585703803731127,0.06955290081126644,0.057449855677658056,0.05159791624125077,0.046889999833462905,0.0877698817147973,0.11211460330197129,0.13313486527624316,0.10475398145084025,0.08609663638523636,0.06054703251468074,0.06578240651365803,0.11387986128166273,0.1322488210571902,0.13748166583116156,0.06278745116921906,0.09588801640348245,0.10883435024807965,0.12449656803068933,0.09547246530575675,0.1200916596838112,0.08232117216965773,0.0786492824575852,0.0856486230556683,0.09952312367180878,0.1053749873433792,0.11871712571767983,0.11139695791093883,0.11347977018084233,0.07071493731415474,0.053642433076722784,0.06629406441254891,0.06619784016254238,0.06608134333324263,0.05745637383072407,0.04624186417897381,0.04019721530927264,0.02548166293597699,0.027156576856267746,0.04835840862566264,0.023481153571463995,0.02347912668064232,0.033058210906805816,0.036065627631790394,0.042809664571441294,0.0642152522901083,0.03202949292233478,0.03802916892967136,0.05534548846945472,0.05366217752169119,0.027491353730250318,0.032995789562127564,0.031217610218190472,0.031384311989902956,0.02948529674224822,0.01569601536203526,0.01756895261800294,0.018139515937862033,0.015874896303218825,0.01926463398171481,0.018365028281932965,0.02244710190195753,0.022804638602385085,0.02222330973482399,0.026909651576586032,0.02074869996821211,0.024129826335911646,0.027127000780524855,0.01826085462029693,0.037734261713353194
0.0585703803731127,0.06955290081126644,0.057449855677658056,0.05159791624125077,0.046889999833462905,0.08190626466602872,0.10709342483744905,0.12857424353064775,0.10475398145084025,0.08609663638523636,0.058236047329683745,0.06578240651365803,0.11142262208870839,0.1322488210571902,0.1349056943988297,0.06278745116921906,0.09588801640348245,0.10883435024807965,0.1204068196272538,0.09547246530575675,0.1200916596838112,0.08232117216965773,0.0786492824575852,0.08564862305566828,0.09952312367180878,0.1053749873433792,0.11467913016479311,0.11139695791093883,0.11070768449644222,0.06697982357963929,0.05045864592268837,0.0662940644125489,0.06619784016254238,0.06608134333324263,0.05745637383072407,0.04515226810286554,0.04019721530927264,0.02548166293597699,0.027156576856267746,0.04197415333929285,0.023481153571463995,0.02347912668064232,0.033058210906805816,0.036065627631790394,0.042809664571441294,0.06421525229010829,0.03202949292233478,0.03802916892967136,0.05534548846945472,0.05366217752169119,0.02749135373025032,0.032995789562127564,0.031217610218190472,0.031384311989902956,0.02948529674224822,0.01569601536203526,0.01756895261800294,0.018139515937862033,0.015874896303218825,0.01926463398171481,0.018365028281932965,0.02244710190195753,0.01744571458060927,0.02222330973482399,0.026909651576586032,0.02074869996821211,0.024129826335911646,0.027127000780524855,0.01826085462029693,0.0377342617133532
0.05313843306890302,0.06955290081126646,0.057449855677658056,0.04469518402187302,0.046889999833462905,0.08190626466602872,0.10709342483744905,0.12857424353064775,0.10142516744093816,0.08536352869439635,0.058236047329683745,0.06376057692466933,0.11142262208870837,0.1298286190862332,0.1349056943988297,0.06278745116921906,0.09588801640348243,0.10883435024807968,0.12040681962725383,0.09547246530575673,0.11800239087255532,0.08232117216965773,0.0786492824575852,0.08564862305566828,0.09707503475032787,0.10255615832625165,0.11467913016479311,0.10851992623713529,0.11070768449644221,0.06697982357963929,0.05045864592268837,0.0662940644125489,0.06619784016254238,0.06608134333324264,0.051924962514450834,0.0445758728099346,0.04019721530927264,0.02548166293597699,0.027156576856267746,0.04197415333929285,0.023481153571463995,0.02347912668064232,0.033058210906805816,0.036065627631790394,0.042809664571441294,0.0642152522901083,0.02987986531738081,0.03802916892967137,0.055345488469454716,0.05366217752169119,0.027491353730250315,0.03299578956212756,0.031217610218190472,0.030074817239129446,0.02948529674224822,0.01569601536203526,0.01756895261800294,0.018139515937862033,0.015874896303218825,0.01926463398171481,0.018365028281932965,0.017168403486954,0.017445714580609274,0.02222330973482399,0.026909651576586032,0.02074869996821211,0.024129826335911646,0.027127000780524855,0.01826085462029693,0.03773426171335319
